2026-09-30T00:00:00.332Z INFO  req-100000 /api/cart status=200 dur_ms=85
2026-09-30T00:00:00.382Z WARN  req-100001 /api/login status=400 dur_ms=25
2026-09-30T00:00:00.979Z WARN  req-100002 /api/login status=401 dur_ms=4
2026-09-30T00:00:01.068Z INFO  req-100003 /api/orders status=200 dur_ms=32
2026-09-30T00:00:01.161Z INFO  req-100004 /api/orders status=200 dur_ms=107
2026-09-30T00:00:01.741Z INFO  req-100005 /api/catalog status=200 dur_ms=82
2026-09-30T00:00:02.384Z INFO  req-100006 /api/orders status=200 dur_ms=75
2026-09-30T00:00:02.984Z INFO  req-100007 /api/catalog status=200 dur_ms=7
2026-09-30T00:00:03.555Z INFO  req-100008 /api/health status=200 dur_ms=55
2026-09-30T00:00:03.703Z INFO  req-100009 /api/login status=200 dur_ms=41
2026-09-30T00:00:04.277Z INFO  req-100010 /api/catalog status=200 dur_ms=15
2026-09-30T00:00:04.873Z INFO  req-100011 /api/catalog status=200 dur_ms=49
2026-09-30T00:00:04.973Z INFO  req-100012 /api/orders status=200 dur_ms=74
2026-09-30T00:00:05.035Z INFO  req-100013 /api/cart status=200 dur_ms=89
2026-09-30T00:00:05.580Z INFO  req-100014 /api/health status=200 dur_ms=61
2026-09-30T00:00:06.180Z INFO  req-100015 /api/health status=200 dur_ms=40
2026-09-30T00:00:06.435Z INFO  req-100016 /api/catalog status=200 dur_ms=12
2026-09-30T00:00:07.024Z INFO  req-100017 /api/cart status=200 dur_ms=114
2026-09-30T00:00:07.376Z INFO  req-100018 /api/health status=200 dur_ms=79
2026-09-30T00:00:07.451Z WARN  req-100019 fx rate cache miss for USD, using fallback table
2026-09-30T00:00:07.451Z INFO  req-100019 /api/cart status=200 dur_ms=48
2026-09-30T00:00:07.607Z INFO  req-100020 /api/cart status=200 dur_ms=7
2026-09-30T00:00:08.292Z WARN  req-100021 /api/login status=404 dur_ms=23
2026-09-30T00:00:09.004Z INFO  req-100022 /api/cart status=200 dur_ms=76
2026-09-30T00:00:09.821Z INFO  req-100023 /api/orders status=200 dur_ms=36
2026-09-30T00:00:10.307Z INFO  req-100024 /api/orders status=200 dur_ms=9
2026-09-30T00:00:11.056Z INFO  req-100025 /api/login status=200 dur_ms=89
2026-09-30T00:00:11.898Z INFO  req-100026 /api/cart status=200 dur_ms=115
2026-09-30T00:00:12.583Z INFO  req-100027 /api/cart status=200 dur_ms=47
2026-09-30T00:00:12.756Z INFO  req-100028 /api/cart status=200 dur_ms=9
2026-09-30T00:00:12.980Z INFO  req-100029 /api/catalog status=200 dur_ms=96
2026-09-30T00:00:13.234Z INFO  req-100030 /api/cart status=200 dur_ms=12
2026-09-30T00:00:13.405Z INFO  req-100031 /api/login status=200 dur_ms=37
2026-09-30T00:00:13.546Z INFO  req-100032 /api/login status=200 dur_ms=37
2026-09-30T00:00:14.270Z INFO  req-100033 /api/health status=200 dur_ms=89
2026-09-30T00:00:14.660Z INFO  req-100034 /api/catalog status=200 dur_ms=12
2026-09-30T00:00:14.841Z INFO  req-100035 /api/catalog status=200 dur_ms=3
2026-09-30T00:00:15.338Z INFO  req-100036 /api/catalog status=200 dur_ms=35
2026-09-30T00:00:15.627Z ERROR req-100037 upstream timeout calling payments, retrying (1/3)
2026-09-30T00:00:15.627Z INFO  req-100037 /api/cart retry ok
2026-09-30T00:00:15.627Z INFO  req-100037 /api/cart status=200 dur_ms=1394
2026-09-30T00:00:16.006Z INFO  req-100038 /api/health status=200 dur_ms=18
2026-09-30T00:00:16.714Z INFO  req-100039 /api/login status=200 dur_ms=85
2026-09-30T00:00:17.407Z INFO  req-100040 /api/cart status=200 dur_ms=117
2026-09-30T00:00:18.299Z INFO  req-100041 /api/login status=200 dur_ms=52
2026-09-30T00:00:18.707Z INFO  req-100042 /api/orders status=200 dur_ms=63
2026-09-30T00:00:19.357Z INFO  req-100043 /api/catalog status=200 dur_ms=10
2026-09-30T00:00:19.571Z INFO  req-100044 /api/orders status=200 dur_ms=45
2026-09-30T00:00:20.187Z WARN  req-100045 /api/orders status=401 dur_ms=36
2026-09-30T00:00:20.291Z INFO  req-100046 /api/login status=200 dur_ms=5
2026-09-30T00:00:20.364Z INFO  req-100047 /api/login status=200 dur_ms=50
2026-09-30T00:00:20.517Z INFO  req-100048 /api/health status=200 dur_ms=79
2026-09-30T00:00:20.890Z INFO  req-100049 /api/orders status=200 dur_ms=110
2026-09-30T00:00:21.390Z INFO  req-100050 /api/cart status=200 dur_ms=63
2026-09-30T00:00:21.886Z INFO  req-100051 /api/catalog status=200 dur_ms=15
2026-09-30T00:00:22.654Z INFO  req-100052 /api/health status=200 dur_ms=63
2026-09-30T00:00:23.503Z INFO  req-100053 /api/login status=200 dur_ms=4
2026-09-30T00:00:23.714Z INFO  req-100054 /api/login status=200 dur_ms=48
2026-09-30T00:00:23.865Z INFO  req-100055 /api/orders status=200 dur_ms=99
2026-09-30T00:00:24.406Z INFO  req-100056 /api/orders status=200 dur_ms=91
2026-09-30T00:00:25.272Z INFO  req-100057 /api/health status=200 dur_ms=118
2026-09-30T00:00:25.444Z INFO  req-100058 /api/catalog status=200 dur_ms=70
2026-09-30T00:00:25.999Z INFO  req-100059 /api/health status=200 dur_ms=83
2026-09-30T00:00:26.228Z INFO  req-100060 /api/catalog status=200 dur_ms=105
2026-09-30T00:00:26.474Z INFO  req-100061 /api/catalog status=200 dur_ms=27
2026-09-30T00:00:27.005Z INFO  req-100062 /api/orders status=200 dur_ms=5
2026-09-30T00:00:27.815Z INFO  req-100063 /api/health status=200 dur_ms=26
2026-09-30T00:00:28.525Z INFO  req-100064 /api/health status=200 dur_ms=59
2026-09-30T00:00:29.353Z INFO  req-100065 /api/health status=200 dur_ms=48
2026-09-30T00:00:29.436Z INFO  req-100066 /api/catalog status=200 dur_ms=62
2026-09-30T00:00:29.638Z INFO  req-100067 /api/cart status=200 dur_ms=81
2026-09-30T00:00:30.263Z INFO  req-100068 /api/cart status=200 dur_ms=118
2026-09-30T00:00:30.932Z INFO  req-100069 /api/orders status=200 dur_ms=108
2026-09-30T00:00:31.609Z WARN  req-100070 fx rate cache miss for USD, using fallback table
2026-09-30T00:00:31.609Z INFO  req-100070 /api/cart status=200 dur_ms=66
2026-09-30T00:00:31.792Z INFO  req-100071 /api/health status=200 dur_ms=13
2026-09-30T00:00:32.613Z INFO  req-100072 /api/cart status=200 dur_ms=61
2026-09-30T00:00:33.025Z INFO  req-100073 /api/orders status=200 dur_ms=94
2026-09-30T00:00:33.188Z INFO  req-100074 /api/catalog status=200 dur_ms=5
2026-09-30T00:00:33.343Z INFO  req-100075 /api/cart status=200 dur_ms=105
2026-09-30T00:00:34.015Z INFO  req-100076 /api/login status=200 dur_ms=62
2026-09-30T00:00:34.689Z INFO  req-100077 /api/catalog status=200 dur_ms=72
2026-09-30T00:00:35.251Z INFO  req-100078 /api/orders status=200 dur_ms=104
2026-09-30T00:00:35.995Z INFO  req-100079 /api/login status=200 dur_ms=97
2026-09-30T00:00:36.138Z INFO  req-100080 /api/catalog status=200 dur_ms=107
2026-09-30T00:00:37.033Z INFO  req-100081 /api/health status=200 dur_ms=29
2026-09-30T00:00:37.333Z INFO  req-100082 /api/login status=200 dur_ms=43
2026-09-30T00:00:37.599Z INFO  req-100083 /api/catalog status=200 dur_ms=9
2026-09-30T00:00:38.357Z INFO  req-100084 /api/cart status=200 dur_ms=86
2026-09-30T00:00:38.955Z INFO  req-100085 /api/login status=200 dur_ms=55
2026-09-30T00:00:39.802Z INFO  req-100086 /api/login status=200 dur_ms=18
2026-09-30T00:00:40.347Z INFO  req-100087 /api/login status=200 dur_ms=4
2026-09-30T00:00:41.241Z INFO  req-100088 /api/catalog status=200 dur_ms=79
2026-09-30T00:00:41.246Z INFO  req-100089 /api/catalog status=200 dur_ms=24
2026-09-30T00:00:41.391Z INFO  req-100090 /api/orders status=200 dur_ms=73
2026-09-30T00:00:41.455Z INFO  req-100091 /api/login status=200 dur_ms=69
2026-09-30T00:00:42.024Z INFO  req-100092 /api/orders status=200 dur_ms=115
2026-09-30T00:00:42.598Z WARN  req-100093 /api/catalog status=404 dur_ms=4
2026-09-30T00:00:43.389Z WARN  req-100094 /api/cart status=400 dur_ms=6
2026-09-30T00:00:43.843Z INFO  req-100095 /api/login status=200 dur_ms=79
2026-09-30T00:00:44.368Z INFO  req-100096 /api/health status=200 dur_ms=59
2026-09-30T00:00:44.889Z INFO  req-100097 /api/cart status=200 dur_ms=66
2026-09-30T00:00:45.143Z INFO  req-100098 /api/health status=200 dur_ms=120
2026-09-30T00:00:45.716Z INFO  req-100099 /api/catalog status=200 dur_ms=109
2026-09-30T00:00:46.175Z INFO  req-100100 /api/orders status=200 dur_ms=52
2026-09-30T00:00:46.628Z INFO  req-100101 /api/catalog status=200 dur_ms=56
2026-09-30T00:00:46.703Z INFO  req-100102 /api/health status=200 dur_ms=102
2026-09-30T00:00:46.829Z INFO  req-100103 /api/catalog status=200 dur_ms=93
2026-09-30T00:00:47.488Z INFO  req-100104 /api/catalog status=200 dur_ms=34
2026-09-30T00:00:47.629Z INFO  req-100105 /api/catalog status=200 dur_ms=97
2026-09-30T00:00:47.726Z INFO  req-100106 /api/cart status=200 dur_ms=22
2026-09-30T00:00:48.410Z INFO  req-100107 /api/catalog status=200 dur_ms=92
2026-09-30T00:00:48.852Z INFO  req-100108 /api/cart status=200 dur_ms=45
2026-09-30T00:00:49.284Z INFO  req-100109 /api/health status=200 dur_ms=13
2026-09-30T00:00:50.024Z INFO  req-100110 /api/health status=200 dur_ms=72
2026-09-30T00:00:50.494Z INFO  req-100111 /api/orders status=200 dur_ms=51
2026-09-30T00:00:50.834Z INFO  req-100112 /api/health status=200 dur_ms=67
2026-09-30T00:00:50.900Z WARN  req-100113 fx rate cache miss for USD, using fallback table
2026-09-30T00:00:50.900Z INFO  req-100113 /api/catalog status=200 dur_ms=15
2026-09-30T00:00:51.172Z INFO  req-100114 /api/catalog status=200 dur_ms=36
2026-09-30T00:00:51.946Z INFO  req-100115 /api/cart status=200 dur_ms=110
2026-09-30T00:00:52.639Z INFO  req-100116 /api/health status=200 dur_ms=53
2026-09-30T00:00:52.792Z INFO  req-100117 /api/login status=200 dur_ms=75
2026-09-30T00:00:53.299Z INFO  req-100118 /api/orders status=200 dur_ms=37
2026-09-30T00:00:53.358Z INFO  req-100119 /api/catalog status=200 dur_ms=56
2026-09-30T00:00:53.433Z INFO  req-100120 /api/orders status=200 dur_ms=83
2026-09-30T00:00:53.524Z INFO  req-100121 /api/orders status=200 dur_ms=79
2026-09-30T00:00:54.401Z INFO  req-100122 /api/health status=200 dur_ms=112
2026-09-30T00:00:54.526Z INFO  req-100123 /api/health status=200 dur_ms=72
2026-09-30T00:00:54.954Z INFO  req-100124 /api/health status=200 dur_ms=81
2026-09-30T00:00:55.087Z WARN  req-100125 /api/catalog status=400 dur_ms=12
2026-09-30T00:00:55.356Z WARN  req-100126 /api/catalog status=404 dur_ms=21
2026-09-30T00:00:55.900Z INFO  req-100127 /api/health status=200 dur_ms=59
2026-09-30T00:00:56.413Z INFO  req-100128 /api/health status=200 dur_ms=46
2026-09-30T00:00:57.236Z ERROR req-100129 upstream timeout calling payments, retrying (1/3)
2026-09-30T00:00:57.236Z INFO  req-100129 /api/health retry ok
2026-09-30T00:00:57.236Z INFO  req-100129 /api/health status=200 dur_ms=375
2026-09-30T00:00:57.252Z ERROR req-100130 upstream timeout calling payments, retrying (1/3)
2026-09-30T00:00:57.252Z INFO  req-100130 /api/login retry ok
2026-09-30T00:00:57.252Z INFO  req-100130 /api/login status=200 dur_ms=1428
2026-09-30T00:00:57.447Z INFO  req-100131 /api/catalog status=200 dur_ms=59
2026-09-30T00:00:57.556Z INFO  req-100132 /api/cart status=200 dur_ms=86
2026-09-30T00:00:58.063Z INFO  req-100133 /api/cart status=200 dur_ms=66
2026-09-30T00:00:58.379Z INFO  req-100134 /api/catalog status=200 dur_ms=45
2026-09-30T00:00:58.583Z INFO  req-100135 /api/catalog status=200 dur_ms=53
2026-09-30T00:00:58.939Z INFO  req-100136 /api/catalog status=200 dur_ms=3
2026-09-30T00:00:59.012Z INFO  req-100137 /api/health status=200 dur_ms=57
2026-09-30T00:00:59.180Z WARN  req-100138 /api/cart status=404 dur_ms=40
2026-09-30T00:00:59.429Z INFO  req-100139 /api/orders status=200 dur_ms=60
2026-09-30T00:00:59.619Z INFO  req-100140 /api/cart status=200 dur_ms=2
2026-09-30T00:00:59.889Z INFO  req-100141 /api/health status=200 dur_ms=72
2026-09-30T00:01:00.221Z INFO  req-100142 /api/health status=200 dur_ms=29
2026-09-30T00:01:00.587Z INFO  req-100143 /api/health status=200 dur_ms=50
2026-09-30T00:01:00.673Z INFO  req-100144 /api/login status=200 dur_ms=85
2026-09-30T00:01:00.879Z INFO  req-100145 /api/orders status=200 dur_ms=13
2026-09-30T00:01:01.150Z INFO  req-100146 /api/catalog status=200 dur_ms=53
2026-09-30T00:01:01.751Z WARN  req-100147 /api/orders status=404 dur_ms=21
2026-09-30T00:01:02.396Z INFO  req-100148 /api/login status=200 dur_ms=69
2026-09-30T00:01:03.270Z INFO  req-100149 /api/login status=200 dur_ms=51
2026-09-30T00:01:04.053Z INFO  req-100150 /api/cart status=200 dur_ms=21
2026-09-30T00:01:04.344Z INFO  req-100151 /api/catalog status=200 dur_ms=7
2026-09-30T00:01:05.189Z INFO  req-100152 /api/login status=200 dur_ms=82
2026-09-30T00:01:05.629Z INFO  req-100153 /api/login status=200 dur_ms=19
2026-09-30T00:01:06.166Z INFO  req-100154 /api/login status=200 dur_ms=108
2026-09-30T00:01:06.999Z INFO  req-100155 /api/login status=200 dur_ms=104
2026-09-30T00:01:07.728Z INFO  req-100156 /api/catalog status=200 dur_ms=12
2026-09-30T00:01:07.760Z WARN  req-100157 /api/health status=400 dur_ms=26
2026-09-30T00:01:08.616Z INFO  req-100158 /api/orders status=200 dur_ms=82
2026-09-30T00:01:08.636Z INFO  req-100159 /api/catalog status=200 dur_ms=64
2026-09-30T00:01:08.907Z ERROR req-100160 upstream timeout calling payments, retrying (1/3)
2026-09-30T00:01:08.907Z INFO  req-100160 /api/orders retry ok
2026-09-30T00:01:08.907Z INFO  req-100160 /api/orders status=200 dur_ms=1832
2026-09-30T00:01:09.423Z INFO  req-100161 /api/orders status=200 dur_ms=86
2026-09-30T00:01:09.962Z WARN  req-100162 /api/cart status=404 dur_ms=6
2026-09-30T00:01:10.829Z INFO  req-100163 /api/catalog status=200 dur_ms=31
2026-09-30T00:01:11.587Z INFO  req-100164 /api/cart status=200 dur_ms=65
2026-09-30T00:01:12.453Z INFO  req-100165 /api/cart status=200 dur_ms=118
2026-09-30T00:01:13.154Z INFO  req-100166 /api/orders status=200 dur_ms=80
2026-09-30T00:01:13.802Z INFO  req-100167 /api/orders status=200 dur_ms=78
2026-09-30T00:01:13.953Z INFO  req-100168 /api/health status=200 dur_ms=81
2026-09-30T00:01:14.535Z INFO  req-100169 /api/cart status=200 dur_ms=9
2026-09-30T00:01:15.033Z INFO  req-100170 /api/orders status=200 dur_ms=90
2026-09-30T00:01:15.256Z INFO  req-100171 /api/health status=200 dur_ms=92
2026-09-30T00:01:15.785Z INFO  req-100172 /api/cart status=200 dur_ms=61
2026-09-30T00:01:16.571Z WARN  req-100173 fx rate cache miss for USD, using fallback table
2026-09-30T00:01:16.571Z INFO  req-100173 /api/login status=200 dur_ms=44
2026-09-30T00:01:16.659Z INFO  req-100174 /api/orders status=200 dur_ms=39
2026-09-30T00:01:17.129Z WARN  req-100175 /api/login status=429 dur_ms=19
2026-09-30T00:01:17.526Z INFO  req-100176 /api/catalog status=200 dur_ms=11
2026-09-30T00:01:18.122Z WARN  req-100177 /api/login status=404 dur_ms=25
2026-09-30T00:01:18.258Z INFO  req-100178 /api/login status=200 dur_ms=37
2026-09-30T00:01:18.374Z INFO  req-100179 /api/catalog status=200 dur_ms=65
2026-09-30T00:01:19.272Z INFO  req-100180 /api/orders status=200 dur_ms=22
2026-09-30T00:01:19.276Z INFO  req-100181 /api/cart status=200 dur_ms=53
2026-09-30T00:01:19.586Z INFO  req-100182 /api/cart status=200 dur_ms=46
2026-09-30T00:01:19.972Z INFO  req-100183 /api/health status=200 dur_ms=2
2026-09-30T00:01:20.305Z INFO  req-100184 /api/cart status=200 dur_ms=17
2026-09-30T00:01:20.506Z INFO  req-100185 /api/health status=200 dur_ms=34
2026-09-30T00:01:20.888Z WARN  req-100186 /api/cart status=400 dur_ms=25
2026-09-30T00:01:21.327Z INFO  req-100187 /api/orders status=200 dur_ms=37
2026-09-30T00:01:21.432Z WARN  req-100188 /api/health status=401 dur_ms=17
2026-09-30T00:01:21.705Z INFO  req-100189 /api/health status=200 dur_ms=26
2026-09-30T00:01:22.497Z INFO  req-100190 /api/cart status=200 dur_ms=115
2026-09-30T00:01:22.527Z INFO  req-100191 /api/cart status=200 dur_ms=118
2026-09-30T00:01:23.424Z INFO  req-100192 /api/login status=200 dur_ms=28
2026-09-30T00:01:24.161Z WARN  req-100193 /api/cart status=429 dur_ms=10
2026-09-30T00:01:24.821Z INFO  req-100194 /api/cart status=200 dur_ms=8
2026-09-30T00:01:25.385Z INFO  req-100195 /api/cart status=200 dur_ms=55
2026-09-30T00:01:25.737Z INFO  req-100196 /api/health status=200 dur_ms=96
2026-09-30T00:01:26.494Z INFO  req-100197 /api/health status=200 dur_ms=53
2026-09-30T00:01:27.166Z INFO  req-100198 /api/cart status=200 dur_ms=73
2026-09-30T00:01:27.851Z INFO  req-100199 /api/catalog status=200 dur_ms=84
2026-09-30T00:01:28.017Z WARN  req-100200 /api/login status=429 dur_ms=37
2026-09-30T00:01:28.243Z INFO  req-100201 /api/health status=200 dur_ms=99
2026-09-30T00:01:28.704Z INFO  req-100202 /api/login status=200 dur_ms=26
2026-09-30T00:01:28.954Z WARN  req-100203 /api/health status=400 dur_ms=22
2026-09-30T00:01:29.199Z INFO  req-100204 /api/login status=200 dur_ms=27
2026-09-30T00:01:29.220Z INFO  req-100205 /api/cart status=200 dur_ms=51
2026-09-30T00:01:29.644Z INFO  req-100206 /api/catalog status=200 dur_ms=50
2026-09-30T00:01:29.921Z INFO  req-100207 /api/orders status=200 dur_ms=65
2026-09-30T00:01:30.206Z INFO  req-100208 /api/health status=200 dur_ms=18
2026-09-30T00:01:30.910Z INFO  req-100209 /api/catalog status=200 dur_ms=13
2026-09-30T00:01:31.188Z INFO  req-100210 /api/cart status=200 dur_ms=53
2026-09-30T00:01:31.850Z INFO  req-100211 /api/health status=200 dur_ms=110
2026-09-30T00:01:32.684Z INFO  req-100212 /api/orders status=200 dur_ms=18
2026-09-30T00:01:32.718Z INFO  req-100213 /api/cart status=200 dur_ms=77
2026-09-30T00:01:33.220Z ERROR req-100214 upstream timeout calling payments, retrying (1/3)
2026-09-30T00:01:33.220Z INFO  req-100214 /api/cart retry ok
2026-09-30T00:01:33.220Z INFO  req-100214 /api/cart status=200 dur_ms=1990
2026-09-30T00:01:33.761Z INFO  req-100215 /api/cart status=200 dur_ms=33
2026-09-30T00:01:34.563Z WARN  req-100216 fx rate cache miss for USD, using fallback table
2026-09-30T00:01:34.563Z INFO  req-100216 /api/catalog status=200 dur_ms=71
2026-09-30T00:01:35.262Z WARN  req-100217 fx rate cache miss for USD, using fallback table
2026-09-30T00:01:35.262Z INFO  req-100217 /api/cart status=200 dur_ms=75
2026-09-30T00:01:36.058Z ERROR req-100218 upstream timeout calling payments, retrying (1/3)
2026-09-30T00:01:36.058Z INFO  req-100218 /api/catalog retry ok
2026-09-30T00:01:36.058Z INFO  req-100218 /api/catalog status=200 dur_ms=776
2026-09-30T00:01:36.642Z INFO  req-100219 /api/health status=200 dur_ms=18
2026-09-30T00:01:37.284Z INFO  req-100220 /api/cart status=200 dur_ms=91
2026-09-30T00:01:38.067Z WARN  req-100221 fx rate cache miss for GBP, using fallback table
2026-09-30T00:01:38.067Z INFO  req-100221 /api/orders status=200 dur_ms=72
2026-09-30T00:01:38.664Z INFO  req-100222 /api/health status=200 dur_ms=30
2026-09-30T00:01:39.474Z INFO  req-100223 /api/orders status=200 dur_ms=70
2026-09-30T00:01:39.783Z INFO  req-100224 /api/health status=200 dur_ms=42
2026-09-30T00:01:40.444Z INFO  req-100225 /api/catalog status=200 dur_ms=62
2026-09-30T00:01:40.983Z INFO  req-100226 /api/catalog status=200 dur_ms=5
2026-09-30T00:01:41.405Z INFO  req-100227 /api/health status=200 dur_ms=9
2026-09-30T00:01:41.428Z INFO  req-100228 /api/cart status=200 dur_ms=12
2026-09-30T00:01:41.692Z INFO  req-100229 /api/cart status=200 dur_ms=120
2026-09-30T00:01:42.072Z INFO  req-100230 /api/orders status=200 dur_ms=91
2026-09-30T00:01:42.419Z INFO  req-100231 /api/health status=200 dur_ms=89
2026-09-30T00:01:42.825Z INFO  req-100232 /api/health status=200 dur_ms=96
2026-09-30T00:01:43.691Z INFO  req-100233 /api/catalog status=200 dur_ms=65
2026-09-30T00:01:43.897Z INFO  req-100234 /api/catalog status=200 dur_ms=31
2026-09-30T00:01:44.374Z INFO  req-100235 /api/health status=200 dur_ms=15
2026-09-30T00:01:45.013Z INFO  req-100236 /api/catalog status=200 dur_ms=116
2026-09-30T00:01:45.242Z INFO  req-100237 /api/orders status=200 dur_ms=78
2026-09-30T00:01:45.392Z INFO  req-100238 /api/orders status=200 dur_ms=29
2026-09-30T00:01:45.417Z INFO  req-100239 /api/catalog status=200 dur_ms=55
2026-09-30T00:01:45.471Z INFO  req-100240 /api/catalog status=200 dur_ms=52
2026-09-30T00:01:45.932Z INFO  req-100241 /api/health status=200 dur_ms=95
2026-09-30T00:01:46.048Z INFO  req-100242 /api/catalog status=200 dur_ms=44
2026-09-30T00:01:46.244Z INFO  req-100243 /api/login status=200 dur_ms=97
2026-09-30T00:01:46.723Z ERROR req-100244 upstream timeout calling payments, retrying (1/3)
2026-09-30T00:01:46.723Z INFO  req-100244 /api/cart retry ok
2026-09-30T00:01:46.723Z INFO  req-100244 /api/cart status=200 dur_ms=1065
2026-09-30T00:01:47.063Z INFO  req-100245 /api/orders status=200 dur_ms=2
2026-09-30T00:01:47.144Z INFO  req-100246 /api/health status=200 dur_ms=55
2026-09-30T00:01:47.271Z INFO  req-100247 /api/catalog status=200 dur_ms=50
2026-09-30T00:01:47.637Z INFO  req-100248 /api/health status=200 dur_ms=107
2026-09-30T00:01:48.461Z INFO  req-100249 /api/orders status=200 dur_ms=92
2026-09-30T00:01:48.946Z INFO  req-100250 /api/login status=200 dur_ms=119
2026-09-30T00:01:49.404Z INFO  req-100251 /api/health status=200 dur_ms=96
2026-09-30T00:01:49.890Z ERROR req-100252 upstream timeout calling payments, retrying (1/3)
2026-09-30T00:01:49.890Z INFO  req-100252 /api/cart retry ok
2026-09-30T00:01:49.890Z INFO  req-100252 /api/cart status=200 dur_ms=807
2026-09-30T00:01:50.722Z INFO  req-100253 /api/cart status=200 dur_ms=7
2026-09-30T00:01:51.107Z ERROR req-100254 upstream timeout calling payments, retrying (1/3)
2026-09-30T00:01:51.107Z INFO  req-100254 /api/orders retry ok
2026-09-30T00:01:51.107Z INFO  req-100254 /api/orders status=200 dur_ms=1945
2026-09-30T00:01:51.171Z INFO  req-100255 /api/orders status=200 dur_ms=117
2026-09-30T00:01:51.792Z INFO  req-100256 /api/health status=200 dur_ms=44
2026-09-30T00:01:52.424Z WARN  req-100257 /api/health status=404 dur_ms=21
2026-09-30T00:01:52.428Z INFO  req-100258 /api/login status=200 dur_ms=119
2026-09-30T00:01:53.253Z INFO  req-100259 /api/orders status=200 dur_ms=5
2026-09-30T00:01:54.099Z INFO  req-100260 /api/cart status=200 dur_ms=93
2026-09-30T00:01:54.576Z INFO  req-100261 /api/cart status=200 dur_ms=103
2026-09-30T00:01:54.834Z INFO  req-100262 /api/cart status=200 dur_ms=18
2026-09-30T00:01:55.343Z INFO  req-100263 /api/health status=200 dur_ms=107
2026-09-30T00:01:56.052Z INFO  req-100264 /api/login status=200 dur_ms=32
2026-09-30T00:01:56.388Z INFO  req-100265 /api/cart status=200 dur_ms=48
2026-09-30T00:01:57.191Z INFO  req-100266 /api/orders status=200 dur_ms=67
2026-09-30T00:01:57.394Z INFO  req-100267 /api/catalog status=200 dur_ms=33
2026-09-30T00:01:57.812Z WARN  req-100268 /api/orders status=429 dur_ms=37
2026-09-30T00:01:58.370Z INFO  req-100269 /api/cart status=200 dur_ms=115
2026-09-30T00:01:58.478Z INFO  req-100270 /api/health status=200 dur_ms=81
2026-09-30T00:01:58.565Z INFO  req-100271 /api/cart status=200 dur_ms=65
2026-09-30T00:01:59.292Z INFO  req-100272 /api/catalog status=200 dur_ms=31
2026-09-30T00:01:59.429Z INFO  req-100273 /api/login status=200 dur_ms=116
2026-09-30T00:02:00.120Z INFO  req-100274 /api/login status=200 dur_ms=110
2026-09-30T00:02:00.913Z INFO  req-100275 /api/orders status=200 dur_ms=101
2026-09-30T00:02:01.775Z INFO  req-100276 /api/health status=200 dur_ms=74
2026-09-30T00:02:02.050Z INFO  req-100277 /api/health status=200 dur_ms=27
2026-09-30T00:02:02.500Z INFO  req-100278 /api/catalog status=200 dur_ms=32
2026-09-30T00:02:02.658Z INFO  req-100279 /api/login status=200 dur_ms=26
2026-09-30T00:02:02.993Z WARN  req-100280 /api/health status=401 dur_ms=34
2026-09-30T00:02:03.532Z INFO  req-100281 /api/orders status=200 dur_ms=85
2026-09-30T00:02:04.008Z INFO  req-100282 /api/orders status=200 dur_ms=2
2026-09-30T00:02:04.495Z INFO  req-100283 /api/catalog status=200 dur_ms=109
2026-09-30T00:02:04.955Z INFO  req-100284 /api/orders status=200 dur_ms=114
2026-09-30T00:02:05.256Z INFO  req-100285 /api/orders status=200 dur_ms=26
2026-09-30T00:02:05.871Z INFO  req-100286 /api/login status=200 dur_ms=26
2026-09-30T00:02:05.948Z INFO  req-100287 /api/catalog status=200 dur_ms=59
2026-09-30T00:02:06.566Z INFO  req-100288 /api/orders status=200 dur_ms=15
2026-09-30T00:02:07.219Z INFO  req-100289 /api/login status=200 dur_ms=46
2026-09-30T00:02:07.442Z ERROR req-100290 upstream timeout calling payments, retrying (1/3)
2026-09-30T00:02:07.442Z INFO  req-100290 /api/health retry ok
2026-09-30T00:02:07.442Z INFO  req-100290 /api/health status=200 dur_ms=589
2026-09-30T00:02:07.488Z INFO  req-100291 /api/health status=200 dur_ms=6
2026-09-30T00:02:08.102Z INFO  req-100292 /api/catalog status=200 dur_ms=106
2026-09-30T00:02:08.114Z INFO  req-100293 /api/cart status=200 dur_ms=88
2026-09-30T00:02:08.495Z INFO  req-100294 /api/health status=200 dur_ms=11
2026-09-30T00:02:08.704Z ERROR req-100295 upstream timeout calling payments, retrying (1/3)
2026-09-30T00:02:08.704Z INFO  req-100295 /api/cart retry ok
2026-09-30T00:02:08.704Z INFO  req-100295 /api/cart status=200 dur_ms=1422
2026-09-30T00:02:09.200Z WARN  req-100296 /api/orders status=429 dur_ms=37
2026-09-30T00:02:09.359Z INFO  req-100297 /api/orders status=200 dur_ms=85
2026-09-30T00:02:09.527Z INFO  req-100298 /api/health status=200 dur_ms=54
2026-09-30T00:02:09.818Z INFO  req-100299 /api/cart status=200 dur_ms=8
2026-09-30T00:02:10.138Z INFO  req-100300 /api/health status=200 dur_ms=55
2026-09-30T00:02:10.565Z ERROR req-100301 upstream timeout calling payments, retrying (1/3)
2026-09-30T00:02:10.565Z INFO  req-100301 /api/health retry ok
2026-09-30T00:02:10.565Z INFO  req-100301 /api/health status=200 dur_ms=1619
2026-09-30T00:02:10.767Z INFO  req-100302 /api/cart status=200 dur_ms=28
2026-09-30T00:02:10.774Z INFO  req-100303 /api/catalog status=200 dur_ms=56
2026-09-30T00:02:10.891Z INFO  req-100304 /api/cart status=200 dur_ms=75
2026-09-30T00:02:11.265Z INFO  req-100305 /api/catalog status=200 dur_ms=18
2026-09-30T00:02:11.281Z WARN  req-100306 /api/catalog status=429 dur_ms=7
2026-09-30T00:02:11.868Z INFO  req-100307 /api/health status=200 dur_ms=96
2026-09-30T00:02:12.385Z INFO  req-100308 /api/health status=200 dur_ms=38
2026-09-30T00:02:12.551Z INFO  req-100309 /api/orders status=200 dur_ms=15
2026-09-30T00:02:12.944Z INFO  req-100310 /api/catalog status=200 dur_ms=40
2026-09-30T00:02:13.074Z INFO  req-100311 /api/orders status=200 dur_ms=118
2026-09-30T00:02:13.569Z INFO  req-100312 /api/login status=200 dur_ms=120
2026-09-30T00:02:14.221Z INFO  req-100313 /api/login status=200 dur_ms=90
2026-09-30T00:02:15.066Z INFO  req-100314 /api/catalog status=200 dur_ms=81
2026-09-30T00:02:15.481Z INFO  req-100315 /api/catalog status=200 dur_ms=108
2026-09-30T00:02:15.966Z INFO  req-100316 /api/catalog status=200 dur_ms=7
2026-09-30T00:02:16.376Z INFO  req-100317 /api/catalog status=200 dur_ms=51
2026-09-30T00:02:16.744Z INFO  req-100318 /api/catalog status=200 dur_ms=94
2026-09-30T00:02:17.580Z INFO  req-100319 /api/orders status=200 dur_ms=115
2026-09-30T00:02:18.156Z INFO  req-100320 /api/orders status=200 dur_ms=87
2026-09-30T00:02:19.015Z INFO  req-100321 /api/cart status=200 dur_ms=78
2026-09-30T00:02:19.482Z INFO  req-100322 /api/health status=200 dur_ms=85
2026-09-30T00:02:19.913Z INFO  req-100323 /api/catalog status=200 dur_ms=56
2026-09-30T00:02:20.312Z INFO  req-100324 /api/cart status=200 dur_ms=66
2026-09-30T00:02:20.761Z INFO  req-100325 /api/orders status=200 dur_ms=81
2026-09-30T00:02:21.263Z INFO  req-100326 /api/cart status=200 dur_ms=99
2026-09-30T00:02:21.897Z INFO  req-100327 /api/cart status=200 dur_ms=109
2026-09-30T00:02:22.081Z INFO  req-100328 /api/cart status=200 dur_ms=15
2026-09-30T00:02:22.150Z INFO  req-100329 /api/cart status=200 dur_ms=48
2026-09-30T00:02:22.244Z INFO  req-100330 /api/login status=200 dur_ms=67
2026-09-30T00:02:22.917Z WARN  req-100331 /api/catalog status=400 dur_ms=22
2026-09-30T00:02:23.714Z INFO  req-100332 /api/orders status=200 dur_ms=8
2026-09-30T00:02:24.485Z INFO  req-100333 /api/cart status=200 dur_ms=85
2026-09-30T00:02:25.289Z INFO  req-100334 /api/orders status=200 dur_ms=80
2026-09-30T00:02:26.039Z INFO  req-100335 /api/orders status=200 dur_ms=26
2026-09-30T00:02:26.174Z INFO  req-100336 /api/cart status=200 dur_ms=38
2026-09-30T00:02:27.005Z INFO  req-100337 /api/catalog status=200 dur_ms=89
2026-09-30T00:02:27.813Z INFO  req-100338 /api/catalog status=200 dur_ms=10
2026-09-30T00:02:28.667Z INFO  req-100339 /api/health status=200 dur_ms=22
2026-09-30T00:02:28.999Z INFO  req-100340 /api/health status=200 dur_ms=117
2026-09-30T00:02:29.835Z INFO  req-100341 /api/health status=200 dur_ms=66
2026-09-30T00:02:30.327Z INFO  req-100342 /api/health status=200 dur_ms=80
2026-09-30T00:02:30.846Z INFO  req-100343 /api/health status=200 dur_ms=6
2026-09-30T00:02:31.050Z INFO  req-100344 /api/catalog status=200 dur_ms=83
2026-09-30T00:02:31.335Z INFO  req-100345 /api/cart status=200 dur_ms=23
2026-09-30T00:02:32.147Z INFO  req-100346 /api/orders status=200 dur_ms=100
2026-09-30T00:02:32.691Z WARN  req-100347 /api/health status=429 dur_ms=37
2026-09-30T00:02:33.225Z INFO  req-100348 /api/orders status=200 dur_ms=34
2026-09-30T00:02:33.774Z INFO  req-100349 /api/cart status=200 dur_ms=96
2026-09-30T00:02:34.591Z INFO  req-100350 /api/cart status=200 dur_ms=49
2026-09-30T00:02:35.183Z INFO  req-100351 /api/health status=200 dur_ms=99
2026-09-30T00:02:35.267Z INFO  req-100352 /api/catalog status=200 dur_ms=80
2026-09-30T00:02:36.029Z INFO  req-100353 /api/health status=200 dur_ms=106
2026-09-30T00:02:36.558Z INFO  req-100354 /api/login status=200 dur_ms=120
2026-09-30T00:02:37.238Z INFO  req-100355 /api/orders status=200 dur_ms=97
2026-09-30T00:02:37.273Z INFO  req-100356 /api/health status=200 dur_ms=80
2026-09-30T00:02:37.914Z INFO  req-100357 /api/login status=200 dur_ms=48
2026-09-30T00:02:37.963Z INFO  req-100358 /api/catalog status=200 dur_ms=80
2026-09-30T00:02:38.632Z WARN  req-100359 /api/orders status=400 dur_ms=38
2026-09-30T00:02:38.996Z INFO  req-100360 /api/login status=200 dur_ms=47
2026-09-30T00:02:39.543Z INFO  req-100361 /api/login status=200 dur_ms=40
2026-09-30T00:02:40.147Z INFO  req-100362 /api/health status=200 dur_ms=81
2026-09-30T00:02:40.996Z INFO  req-100363 /api/catalog status=200 dur_ms=3
2026-09-30T00:02:41.817Z INFO  req-100364 /api/catalog status=200 dur_ms=59
2026-09-30T00:02:41.916Z WARN  req-100365 /api/catalog status=404 dur_ms=27
2026-09-30T00:02:42.748Z INFO  req-100366 /api/orders status=200 dur_ms=9
2026-09-30T00:02:43.409Z INFO  req-100367 /api/health status=200 dur_ms=78
2026-09-30T00:02:44.071Z INFO  req-100368 /api/login status=200 dur_ms=68
2026-09-30T00:02:44.823Z INFO  req-100369 /api/catalog status=200 dur_ms=117
2026-09-30T00:02:44.824Z WARN  req-100370 /api/login status=400 dur_ms=27
2026-09-30T00:02:45.015Z INFO  req-100371 /api/orders status=200 dur_ms=118
2026-09-30T00:02:45.813Z WARN  req-100372 fx rate cache miss for USD, using fallback table
2026-09-30T00:02:45.813Z INFO  req-100372 /api/login status=200 dur_ms=23
2026-09-30T00:02:46.237Z INFO  req-100373 /api/login status=200 dur_ms=84
2026-09-30T00:02:46.757Z INFO  req-100374 /api/cart status=200 dur_ms=106
2026-09-30T00:02:47.385Z INFO  req-100375 /api/health status=200 dur_ms=10
2026-09-30T00:02:47.693Z INFO  req-100376 /api/cart status=200 dur_ms=93
2026-09-30T00:02:48.245Z ERROR req-100377 upstream timeout calling payments, retrying (1/3)
2026-09-30T00:02:48.245Z INFO  req-100377 /api/cart retry ok
2026-09-30T00:02:48.245Z INFO  req-100377 /api/cart status=200 dur_ms=1826
2026-09-30T00:02:48.722Z WARN  req-100378 /api/cart status=401 dur_ms=16
2026-09-30T00:02:48.830Z INFO  req-100379 /api/orders status=200 dur_ms=17
2026-09-30T00:02:49.174Z INFO  req-100380 /api/health status=200 dur_ms=93
2026-09-30T00:02:49.228Z INFO  req-100381 /api/login status=200 dur_ms=88
2026-09-30T00:02:49.675Z INFO  req-100382 /api/login status=200 dur_ms=35
2026-09-30T00:02:49.978Z INFO  req-100383 /api/catalog status=200 dur_ms=12
2026-09-30T00:02:50.498Z ERROR req-100384 upstream timeout calling payments, retrying (1/3)
2026-09-30T00:02:50.498Z INFO  req-100384 /api/health retry ok
2026-09-30T00:02:50.498Z INFO  req-100384 /api/health status=200 dur_ms=783
2026-09-30T00:02:51.360Z INFO  req-100385 /api/catalog status=200 dur_ms=97
2026-09-30T00:02:51.695Z INFO  req-100386 /api/cart status=200 dur_ms=44
2026-09-30T00:02:52.311Z INFO  req-100387 /api/login status=200 dur_ms=62
2026-09-30T00:02:52.795Z INFO  req-100388 /api/orders status=200 dur_ms=111
2026-09-30T00:02:52.823Z INFO  req-100389 /api/catalog status=200 dur_ms=75
2026-09-30T00:02:53.139Z INFO  req-100390 /api/cart status=200 dur_ms=81
2026-09-30T00:02:53.739Z WARN  req-100391 /api/catalog status=401 dur_ms=4
2026-09-30T00:02:53.767Z WARN  req-100392 fx rate cache miss for USD, using fallback table
2026-09-30T00:02:53.767Z INFO  req-100392 /api/login status=200 dur_ms=49
2026-09-30T00:02:53.913Z INFO  req-100393 /api/orders status=200 dur_ms=7
2026-09-30T00:02:54.055Z INFO  req-100394 /api/orders status=200 dur_ms=91
2026-09-30T00:02:54.125Z INFO  req-100395 /api/orders status=200 dur_ms=111
2026-09-30T00:02:54.730Z INFO  req-100396 /api/catalog status=200 dur_ms=106
2026-09-30T00:02:55.570Z INFO  req-100397 /api/orders status=200 dur_ms=114
2026-09-30T00:02:56.459Z INFO  req-100398 /api/cart status=200 dur_ms=15
2026-09-30T00:02:56.712Z INFO  req-100399 /api/orders status=200 dur_ms=6
2026-09-30T00:02:56.748Z INFO  req-100400 /api/orders status=200 dur_ms=107
2026-09-30T00:02:57.518Z INFO  req-100401 /api/health status=200 dur_ms=63
2026-09-30T00:02:57.621Z INFO  req-100402 /api/catalog status=200 dur_ms=39
2026-09-30T00:02:57.948Z INFO  req-100403 /api/health status=200 dur_ms=4
2026-09-30T00:02:58.308Z INFO  req-100404 /api/health status=200 dur_ms=8
2026-09-30T00:02:59.041Z INFO  req-100405 /api/health status=200 dur_ms=100
2026-09-30T00:02:59.658Z INFO  req-100406 /api/health status=200 dur_ms=81
2026-09-30T00:03:00.422Z ERROR req-100407 upstream timeout calling payments, retrying (1/3)
2026-09-30T00:03:00.422Z INFO  req-100407 /api/cart retry ok
2026-09-30T00:03:00.422Z INFO  req-100407 /api/cart status=200 dur_ms=363
2026-09-30T00:03:00.869Z INFO  req-100408 /api/orders status=200 dur_ms=46
2026-09-30T00:03:01.350Z INFO  req-100409 /api/login status=200 dur_ms=74
2026-09-30T00:03:01.572Z INFO  req-100410 /api/orders status=200 dur_ms=75
2026-09-30T00:03:02.412Z INFO  req-100411 /api/cart status=200 dur_ms=2
2026-09-30T00:03:02.949Z INFO  req-100412 /api/orders status=200 dur_ms=2
2026-09-30T00:03:03.306Z INFO  req-100413 /api/cart status=200 dur_ms=90
2026-09-30T00:03:04.122Z INFO  req-100414 /api/cart status=200 dur_ms=77
2026-09-30T00:03:04.478Z INFO  req-100415 /api/login status=200 dur_ms=35
2026-09-30T00:03:05.070Z INFO  req-100416 /api/health status=200 dur_ms=106
2026-09-30T00:03:05.290Z INFO  req-100417 /api/catalog status=200 dur_ms=65
2026-09-30T00:03:05.460Z WARN  req-100418 fx rate cache miss for GBP, using fallback table
2026-09-30T00:03:05.460Z INFO  req-100418 /api/orders status=200 dur_ms=76
2026-09-30T00:03:06.266Z WARN  req-100419 fx rate cache miss for GBP, using fallback table
2026-09-30T00:03:06.266Z INFO  req-100419 /api/health status=200 dur_ms=17
2026-09-30T00:03:06.677Z INFO  req-100420 /api/orders status=200 dur_ms=56
2026-09-30T00:03:07.339Z ERROR req-100421 upstream timeout calling payments, retrying (1/3)
2026-09-30T00:03:07.339Z INFO  req-100421 /api/catalog retry ok
2026-09-30T00:03:07.339Z INFO  req-100421 /api/catalog status=200 dur_ms=920
2026-09-30T00:03:07.609Z INFO  req-100422 /api/login status=200 dur_ms=66
2026-09-30T00:03:07.785Z INFO  req-100423 /api/catalog status=200 dur_ms=60
2026-09-30T00:03:07.915Z INFO  req-100424 /api/login status=200 dur_ms=84
2026-09-30T00:03:07.950Z INFO  req-100425 /api/health status=200 dur_ms=68
2026-09-30T00:03:08.110Z INFO  req-100426 /api/cart status=200 dur_ms=86
2026-09-30T00:03:08.678Z INFO  req-100427 /api/catalog status=200 dur_ms=61
2026-09-30T00:03:09.128Z INFO  req-100428 /api/health status=200 dur_ms=76
2026-09-30T00:03:09.365Z INFO  req-100429 /api/cart status=200 dur_ms=84
2026-09-30T00:03:10.079Z INFO  req-100430 /api/catalog status=200 dur_ms=36
2026-09-30T00:03:10.388Z INFO  req-100431 /api/login status=200 dur_ms=21
2026-09-30T00:03:11.129Z INFO  req-100432 /api/catalog status=200 dur_ms=94
2026-09-30T00:03:11.464Z INFO  req-100433 /api/health status=200 dur_ms=22
2026-09-30T00:03:11.706Z INFO  req-100434 /api/catalog status=200 dur_ms=35
2026-09-30T00:03:12.453Z INFO  req-100435 /api/catalog status=200 dur_ms=86
2026-09-30T00:03:12.558Z INFO  req-100436 /api/catalog status=200 dur_ms=20
2026-09-30T00:03:13.372Z INFO  req-100437 /api/health status=200 dur_ms=57
2026-09-30T00:03:13.653Z INFO  req-100438 /api/orders status=200 dur_ms=37
2026-09-30T00:03:13.865Z INFO  req-100439 /api/cart status=200 dur_ms=6
2026-09-30T00:03:13.878Z INFO  req-100440 /api/cart status=200 dur_ms=90
2026-09-30T00:03:14.106Z INFO  req-100441 /api/health status=200 dur_ms=61
2026-09-30T00:03:14.129Z INFO  req-100442 /api/login status=200 dur_ms=96
2026-09-30T00:03:14.544Z ERROR req-100443 upstream timeout calling payments, retrying (1/3)
2026-09-30T00:03:14.544Z INFO  req-100443 /api/catalog retry ok
2026-09-30T00:03:14.544Z INFO  req-100443 /api/catalog status=200 dur_ms=1180
2026-09-30T00:03:15.262Z INFO  req-100444 /api/cart status=200 dur_ms=110
2026-09-30T00:03:15.497Z INFO  req-100445 /api/login status=200 dur_ms=111
2026-09-30T00:03:15.732Z INFO  req-100446 /api/orders status=200 dur_ms=60
2026-09-30T00:03:16.175Z INFO  req-100447 /api/orders status=200 dur_ms=116
2026-09-30T00:03:16.605Z INFO  req-100448 /api/cart status=200 dur_ms=93
2026-09-30T00:03:17.335Z INFO  req-100449 /api/health status=200 dur_ms=110
2026-09-30T00:03:17.769Z INFO  req-100450 /api/orders status=200 dur_ms=81
2026-09-30T00:03:18.649Z INFO  req-100451 /api/catalog status=200 dur_ms=116
2026-09-30T00:03:19.320Z INFO  req-100452 /api/orders status=200 dur_ms=51
2026-09-30T00:03:20.172Z INFO  req-100453 /api/orders status=200 dur_ms=6
2026-09-30T00:03:20.430Z INFO  req-100454 /api/catalog status=200 dur_ms=93
2026-09-30T00:03:21.231Z INFO  req-100455 /api/catalog status=200 dur_ms=68
2026-09-30T00:03:21.588Z WARN  req-100456 fx rate cache miss for GBP, using fallback table
2026-09-30T00:03:21.588Z INFO  req-100456 /api/login status=200 dur_ms=74
2026-09-30T00:03:21.798Z INFO  req-100457 /api/login status=200 dur_ms=4
2026-09-30T00:03:22.453Z INFO  req-100458 /api/health status=200 dur_ms=68
2026-09-30T00:03:22.805Z INFO  req-100459 /api/cart status=200 dur_ms=28
2026-09-30T00:03:23.506Z INFO  req-100460 /api/login status=200 dur_ms=99
2026-09-30T00:03:23.632Z INFO  req-100461 /api/login status=200 dur_ms=47
2026-09-30T00:03:24.285Z WARN  req-100462 /api/health status=429 dur_ms=27
2026-09-30T00:03:24.348Z ERROR req-100463 upstream timeout calling payments, retrying (1/3)
2026-09-30T00:03:24.348Z INFO  req-100463 /api/cart retry ok
2026-09-30T00:03:24.348Z INFO  req-100463 /api/cart status=200 dur_ms=1161
2026-09-30T00:03:24.992Z INFO  req-100464 /api/health status=200 dur_ms=76
2026-09-30T00:03:25.264Z WARN  req-100465 fx rate cache miss for GBP, using fallback table
2026-09-30T00:03:25.264Z INFO  req-100465 /api/health status=200 dur_ms=72
2026-09-30T00:03:25.489Z INFO  req-100466 /api/cart status=200 dur_ms=61
2026-09-30T00:03:25.707Z INFO  req-100467 /api/orders status=200 dur_ms=105
2026-09-30T00:03:26.525Z INFO  req-100468 /api/cart status=200 dur_ms=84
2026-09-30T00:03:27.101Z INFO  req-100469 /api/catalog status=200 dur_ms=47
2026-09-30T00:03:27.784Z INFO  req-100470 /api/cart status=200 dur_ms=61
2026-09-30T00:03:28.086Z INFO  req-100471 /api/catalog status=200 dur_ms=101
2026-09-30T00:03:28.940Z INFO  req-100472 /api/catalog status=200 dur_ms=36
2026-09-30T00:03:29.662Z INFO  req-100473 /api/health status=200 dur_ms=56
2026-09-30T00:03:30.358Z INFO  req-100474 /api/orders status=200 dur_ms=105
2026-09-30T00:03:31.098Z INFO  req-100475 /api/health status=200 dur_ms=33
2026-09-30T00:03:31.769Z INFO  req-100476 /api/cart status=200 dur_ms=64
2026-09-30T00:03:32.208Z INFO  req-100477 /api/orders status=200 dur_ms=86
2026-09-30T00:03:32.580Z INFO  req-100478 /api/health status=200 dur_ms=111
2026-09-30T00:03:32.975Z WARN  req-100479 /api/login status=404 dur_ms=10
2026-09-30T00:03:33.519Z INFO  req-100480 /api/login status=200 dur_ms=3
2026-09-30T00:03:34.193Z ERROR req-100481 upstream timeout calling payments, retrying (1/3)
2026-09-30T00:03:34.193Z INFO  req-100481 /api/orders retry ok
2026-09-30T00:03:34.193Z INFO  req-100481 /api/orders status=200 dur_ms=1643
2026-09-30T00:03:34.494Z INFO  req-100482 /api/orders status=200 dur_ms=76
2026-09-30T00:03:34.641Z INFO  req-100483 /api/catalog status=200 dur_ms=101
2026-09-30T00:03:35.104Z INFO  req-100484 /api/catalog status=200 dur_ms=28
2026-09-30T00:03:35.517Z INFO  req-100485 /api/catalog status=200 dur_ms=80
2026-09-30T00:03:36.222Z INFO  req-100486 /api/orders status=200 dur_ms=87
2026-09-30T00:03:36.784Z INFO  req-100487 /api/health status=200 dur_ms=27
2026-09-30T00:03:37.291Z INFO  req-100488 /api/login status=200 dur_ms=12
2026-09-30T00:03:38.051Z INFO  req-100489 /api/orders status=200 dur_ms=73
2026-09-30T00:03:38.173Z INFO  req-100490 /api/catalog status=200 dur_ms=107
2026-09-30T00:03:38.316Z INFO  req-100491 /api/login status=200 dur_ms=9
2026-09-30T00:03:38.812Z INFO  req-100492 /api/catalog status=200 dur_ms=91
2026-09-30T00:03:39.316Z INFO  req-100493 /api/catalog status=200 dur_ms=71
2026-09-30T00:03:39.930Z INFO  req-100494 /api/orders status=200 dur_ms=22
2026-09-30T00:03:40.791Z INFO  req-100495 /api/login status=200 dur_ms=65
2026-09-30T00:03:41.473Z INFO  req-100496 /api/cart status=200 dur_ms=49
2026-09-30T00:03:41.910Z INFO  req-100497 /api/orders status=200 dur_ms=25
2026-09-30T00:03:42.563Z INFO  req-100498 /api/orders status=200 dur_ms=4
2026-09-30T00:03:43.188Z WARN  req-100499 /api/health status=400 dur_ms=34
2026-09-30T00:03:43.684Z INFO  req-100500 /api/catalog status=200 dur_ms=6
2026-09-30T00:03:43.903Z INFO  req-100501 /api/catalog status=200 dur_ms=45
2026-09-30T00:03:44.000Z INFO  req-100502 /api/health status=200 dur_ms=45
2026-09-30T00:03:44.486Z INFO  req-100503 /api/login status=200 dur_ms=100
2026-09-30T00:03:44.702Z INFO  req-100504 /api/health status=200 dur_ms=56
2026-09-30T00:03:44.960Z INFO  req-100505 /api/health status=200 dur_ms=39
2026-09-30T00:03:45.324Z INFO  req-100506 /api/cart status=200 dur_ms=44
2026-09-30T00:03:45.840Z INFO  req-100507 /api/login status=200 dur_ms=46
2026-09-30T00:03:46.049Z INFO  req-100508 /api/orders status=200 dur_ms=44
2026-09-30T00:03:46.246Z INFO  req-100509 /api/health status=200 dur_ms=18
2026-09-30T00:03:46.847Z INFO  req-100510 /api/orders status=200 dur_ms=102
2026-09-30T00:03:46.889Z INFO  req-100511 /api/login status=200 dur_ms=115
2026-09-30T00:03:47.305Z INFO  req-100512 /api/orders status=200 dur_ms=53
2026-09-30T00:03:47.613Z WARN  req-100513 fx rate cache miss for USD, using fallback table
2026-09-30T00:03:47.613Z INFO  req-100513 /api/orders status=200 dur_ms=65
2026-09-30T00:03:48.237Z INFO  req-100514 /api/orders status=200 dur_ms=102
2026-09-30T00:03:48.750Z INFO  req-100515 /api/login status=200 dur_ms=50
2026-09-30T00:03:49.382Z INFO  req-100516 /api/login status=200 dur_ms=114
2026-09-30T00:03:50.080Z WARN  req-100517 /api/orders status=429 dur_ms=13
2026-09-30T00:03:50.184Z INFO  req-100518 /api/orders status=200 dur_ms=55
2026-09-30T00:03:50.978Z WARN  req-100519 fx rate cache miss for GBP, using fallback table
2026-09-30T00:03:50.978Z INFO  req-100519 /api/orders status=200 dur_ms=22
2026-09-30T00:03:51.784Z INFO  req-100520 /api/health status=200 dur_ms=112
2026-09-30T00:03:52.094Z INFO  req-100521 /api/orders status=200 dur_ms=42
2026-09-30T00:03:52.115Z INFO  req-100522 /api/login status=200 dur_ms=118
2026-09-30T00:03:52.171Z INFO  req-100523 /api/login status=200 dur_ms=7
2026-09-30T00:03:53.016Z WARN  req-100524 fx rate cache miss for GBP, using fallback table
2026-09-30T00:03:53.016Z INFO  req-100524 /api/cart status=200 dur_ms=62
2026-09-30T00:03:53.085Z ERROR req-100525 upstream timeout calling payments, retrying (1/3)
2026-09-30T00:03:53.085Z INFO  req-100525 /api/cart retry ok
2026-09-30T00:03:53.085Z INFO  req-100525 /api/cart status=200 dur_ms=1516
2026-09-30T00:03:53.692Z INFO  req-100526 /api/catalog status=200 dur_ms=62
2026-09-30T00:03:54.481Z INFO  req-100527 /api/orders status=200 dur_ms=12
2026-09-30T00:03:55.141Z INFO  req-100528 /api/catalog status=200 dur_ms=82
2026-09-30T00:03:55.157Z INFO  req-100529 /api/orders status=200 dur_ms=89
2026-09-30T00:03:55.843Z INFO  req-100530 /api/orders status=200 dur_ms=29
2026-09-30T00:03:56.734Z INFO  req-100531 /api/cart status=200 dur_ms=4
2026-09-30T00:03:57.017Z INFO  req-100532 /api/catalog status=200 dur_ms=59
2026-09-30T00:03:57.769Z INFO  req-100533 /api/orders status=200 dur_ms=48
2026-09-30T00:03:58.562Z INFO  req-100534 /api/catalog status=200 dur_ms=95
2026-09-30T00:03:59.340Z WARN  req-100535 /api/login status=429 dur_ms=31
2026-09-30T00:04:00.026Z INFO  req-100536 /api/health status=200 dur_ms=118
2026-09-30T00:04:00.080Z INFO  req-100537 /api/orders status=200 dur_ms=9
2026-09-30T00:04:00.096Z INFO  req-100538 /api/login status=200 dur_ms=12
2026-09-30T00:04:00.495Z INFO  req-100539 /api/login status=200 dur_ms=23
2026-09-30T00:04:01.377Z INFO  req-100540 /api/login status=200 dur_ms=9
2026-09-30T00:04:01.701Z INFO  req-100541 /api/login status=200 dur_ms=95
2026-09-30T00:04:02.151Z INFO  req-100542 /api/catalog status=200 dur_ms=20
2026-09-30T00:04:02.968Z WARN  req-100543 fx rate cache miss for GBP, using fallback table
2026-09-30T00:04:02.968Z INFO  req-100543 /api/catalog status=200 dur_ms=66
2026-09-30T00:04:03.363Z INFO  req-100544 /api/cart status=200 dur_ms=36
2026-09-30T00:04:04.167Z INFO  req-100545 /api/health status=200 dur_ms=39
2026-09-30T00:04:04.454Z WARN  req-100546 /api/login status=404 dur_ms=40
2026-09-30T00:04:05.198Z INFO  req-100547 /api/catalog status=200 dur_ms=78
2026-09-30T00:04:06.051Z INFO  req-100548 /api/cart status=200 dur_ms=115
2026-09-30T00:04:06.304Z INFO  req-100549 /api/cart status=200 dur_ms=79
2026-09-30T00:04:07.094Z INFO  req-100550 /api/cart status=200 dur_ms=38
2026-09-30T00:04:07.800Z ERROR req-100551 upstream timeout calling payments, retrying (1/3)
2026-09-30T00:04:07.800Z INFO  req-100551 /api/health retry ok
2026-09-30T00:04:07.800Z INFO  req-100551 /api/health status=200 dur_ms=848
2026-09-30T00:04:08.233Z INFO  req-100552 /api/orders status=200 dur_ms=38
2026-09-30T00:04:09.087Z INFO  req-100553 /api/login status=200 dur_ms=20
2026-09-30T00:04:09.368Z INFO  req-100554 /api/login status=200 dur_ms=89
2026-09-30T00:04:10.164Z INFO  req-100555 /api/health status=200 dur_ms=70
2026-09-30T00:04:10.252Z INFO  req-100556 /api/cart status=200 dur_ms=104
2026-09-30T00:04:10.643Z INFO  req-100557 /api/catalog status=200 dur_ms=41
2026-09-30T00:04:11.265Z WARN  req-100558 /api/cart status=429 dur_ms=15
2026-09-30T00:04:11.526Z INFO  req-100559 /api/orders status=200 dur_ms=103
2026-09-30T00:04:11.921Z INFO  req-100560 /api/orders status=200 dur_ms=70
2026-09-30T00:04:12.747Z INFO  req-100561 /api/orders status=200 dur_ms=31
2026-09-30T00:04:13.155Z INFO  req-100562 /api/health status=200 dur_ms=115
2026-09-30T00:04:14.009Z INFO  req-100563 /api/cart status=200 dur_ms=66
2026-09-30T00:04:14.613Z INFO  req-100564 /api/catalog status=200 dur_ms=26
2026-09-30T00:04:14.708Z INFO  req-100565 /api/health status=200 dur_ms=48
2026-09-30T00:04:15.300Z INFO  req-100566 /api/cart status=200 dur_ms=101
2026-09-30T00:04:15.830Z INFO  req-100567 /api/catalog status=200 dur_ms=7
2026-09-30T00:04:16.336Z INFO  req-100568 /api/orders status=200 dur_ms=49
2026-09-30T00:04:16.984Z INFO  req-100569 /api/orders status=200 dur_ms=21
2026-09-30T00:04:17.308Z INFO  req-100570 /api/health status=200 dur_ms=37
2026-09-30T00:04:17.840Z INFO  req-100571 /api/orders status=200 dur_ms=6
2026-09-30T00:04:18.050Z INFO  req-100572 /api/login status=200 dur_ms=64
2026-09-30T00:04:18.651Z INFO  req-100573 /api/health status=200 dur_ms=120
2026-09-30T00:04:19.449Z INFO  req-100574 /api/orders status=200 dur_ms=59
2026-09-30T00:04:20.235Z INFO  req-100575 /api/login status=200 dur_ms=18
2026-09-30T00:04:20.496Z INFO  req-100576 /api/health status=200 dur_ms=27
2026-09-30T00:04:20.682Z INFO  req-100577 /api/orders status=200 dur_ms=8
2026-09-30T00:04:20.718Z INFO  req-100578 /api/cart status=200 dur_ms=64
2026-09-30T00:04:21.584Z INFO  req-100579 /api/orders status=200 dur_ms=112
2026-09-30T00:04:22.197Z INFO  req-100580 /api/orders status=200 dur_ms=92
2026-09-30T00:04:22.290Z INFO  req-100581 /api/login status=200 dur_ms=31
2026-09-30T00:04:22.947Z WARN  req-100582 /api/login status=429 dur_ms=13
2026-09-30T00:04:23.407Z INFO  req-100583 /api/health status=200 dur_ms=32
2026-09-30T00:04:24.146Z INFO  req-100584 /api/orders status=200 dur_ms=34
2026-09-30T00:04:24.507Z WARN  req-100585 /api/login status=400 dur_ms=5
2026-09-30T00:04:24.772Z INFO  req-100586 /api/cart status=200 dur_ms=9
2026-09-30T00:04:24.876Z INFO  req-100587 /api/orders status=200 dur_ms=27
2026-09-30T00:04:25.570Z INFO  req-100588 /api/login status=200 dur_ms=77
2026-09-30T00:04:26.022Z INFO  req-100589 /api/orders status=200 dur_ms=62
2026-09-30T00:04:26.354Z INFO  req-100590 /api/cart status=200 dur_ms=17
2026-09-30T00:04:26.738Z INFO  req-100591 /api/catalog status=200 dur_ms=58
2026-09-30T00:04:26.983Z INFO  req-100592 /api/orders status=200 dur_ms=61
2026-09-30T00:04:27.718Z INFO  req-100593 /api/orders status=200 dur_ms=22
2026-09-30T00:04:28.571Z INFO  req-100594 /api/login status=200 dur_ms=112
2026-09-30T00:04:28.954Z INFO  req-100595 /api/catalog status=200 dur_ms=101
2026-09-30T00:04:29.412Z INFO  req-100596 /api/cart status=200 dur_ms=109
2026-09-30T00:04:29.435Z INFO  req-100597 /api/cart status=200 dur_ms=45
2026-09-30T00:04:29.766Z INFO  req-100598 /api/cart status=200 dur_ms=16
2026-09-30T00:04:30.410Z INFO  req-100599 /api/health status=200 dur_ms=30
2026-09-30T00:04:31.164Z WARN  req-100600 /api/cart status=401 dur_ms=30
2026-09-30T00:04:32.056Z INFO  req-100601 /api/cart status=200 dur_ms=54
2026-09-30T00:04:32.309Z INFO  req-100602 /api/health status=200 dur_ms=75
2026-09-30T00:04:33.169Z INFO  req-100603 /api/catalog status=200 dur_ms=35
2026-09-30T00:04:33.672Z WARN  req-100604 fx rate cache miss for GBP, using fallback table
2026-09-30T00:04:33.672Z INFO  req-100604 /api/cart status=200 dur_ms=19
2026-09-30T00:04:33.830Z INFO  req-100605 /api/orders status=200 dur_ms=82
2026-09-30T00:04:34.637Z INFO  req-100606 /api/catalog status=200 dur_ms=73
2026-09-30T00:04:35.126Z INFO  req-100607 /api/orders status=200 dur_ms=34
2026-09-30T00:04:35.899Z INFO  req-100608 /api/health status=200 dur_ms=57
2026-09-30T00:04:36.167Z INFO  req-100609 /api/catalog status=200 dur_ms=14
2026-09-30T00:04:36.567Z INFO  req-100610 /api/catalog status=200 dur_ms=9
2026-09-30T00:04:37.420Z INFO  req-100611 /api/health status=200 dur_ms=20
2026-09-30T00:04:38.076Z ERROR req-100612 upstream timeout calling payments, retrying (1/3)
2026-09-30T00:04:38.076Z INFO  req-100612 /api/login retry ok
2026-09-30T00:04:38.076Z INFO  req-100612 /api/login status=200 dur_ms=998
2026-09-30T00:04:38.600Z INFO  req-100613 /api/orders status=200 dur_ms=103
2026-09-30T00:04:39.453Z INFO  req-100614 /api/health status=200 dur_ms=25
2026-09-30T00:04:39.822Z INFO  req-100615 /api/cart status=200 dur_ms=29
2026-09-30T00:04:40.106Z INFO  req-100616 /api/catalog status=200 dur_ms=109
2026-09-30T00:04:40.291Z INFO  req-100617 /api/catalog status=200 dur_ms=93
2026-09-30T00:04:40.471Z INFO  req-100618 /api/orders status=200 dur_ms=108
2026-09-30T00:04:40.561Z INFO  req-100619 /api/cart status=200 dur_ms=99
2026-09-30T00:04:40.842Z INFO  req-100620 /api/catalog status=200 dur_ms=80
2026-09-30T00:04:41.528Z INFO  req-100621 /api/catalog status=200 dur_ms=76
2026-09-30T00:04:41.844Z INFO  req-100622 /api/orders status=200 dur_ms=90
2026-09-30T00:04:42.595Z INFO  req-100623 /api/orders status=200 dur_ms=68
2026-09-30T00:04:43.426Z INFO  req-100624 /api/health status=200 dur_ms=109
2026-09-30T00:04:44.081Z INFO  req-100625 /api/cart status=200 dur_ms=13
2026-09-30T00:04:44.097Z INFO  req-100626 /api/cart status=200 dur_ms=19
2026-09-30T00:04:44.990Z INFO  req-100627 /api/catalog status=200 dur_ms=25
2026-09-30T00:04:45.567Z INFO  req-100628 /api/health status=200 dur_ms=6
2026-09-30T00:04:45.735Z INFO  req-100629 /api/login status=200 dur_ms=78
2026-09-30T00:04:46.614Z ERROR req-100630 upstream timeout calling payments, retrying (1/3)
2026-09-30T00:04:46.614Z INFO  req-100630 /api/login retry ok
2026-09-30T00:04:46.614Z INFO  req-100630 /api/login status=200 dur_ms=1212
2026-09-30T00:04:47.143Z WARN  req-100631 /api/health status=401 dur_ms=22
2026-09-30T00:04:47.941Z INFO  req-100632 /api/cart status=200 dur_ms=75
2026-09-30T00:04:48.711Z INFO  req-100633 /api/health status=200 dur_ms=113
2026-09-30T00:04:48.822Z INFO  req-100634 /api/cart status=200 dur_ms=59
2026-09-30T00:04:49.348Z ERROR req-100635 upstream timeout calling payments, retrying (1/3)
2026-09-30T00:04:49.348Z INFO  req-100635 /api/login retry ok
2026-09-30T00:04:49.348Z INFO  req-100635 /api/login status=200 dur_ms=575
2026-09-30T00:04:49.370Z INFO  req-100636 /api/orders status=200 dur_ms=30
2026-09-30T00:04:50.004Z INFO  req-100637 /api/orders status=200 dur_ms=41
2026-09-30T00:04:50.261Z INFO  req-100638 /api/orders status=200 dur_ms=4
2026-09-30T00:04:50.360Z INFO  req-100639 /api/catalog status=200 dur_ms=35
2026-09-30T00:04:50.379Z INFO  req-100640 /api/login status=200 dur_ms=61
2026-09-30T00:04:50.915Z INFO  req-100641 /api/cart status=200 dur_ms=15
2026-09-30T00:04:51.275Z INFO  req-100642 /api/catalog status=200 dur_ms=7
2026-09-30T00:04:51.555Z INFO  req-100643 /api/cart status=200 dur_ms=76
2026-09-30T00:04:52.068Z INFO  req-100644 /api/orders status=200 dur_ms=17
2026-09-30T00:04:52.193Z INFO  req-100645 /api/catalog status=200 dur_ms=71
2026-09-30T00:04:52.800Z INFO  req-100646 /api/catalog status=200 dur_ms=20
2026-09-30T00:04:53.485Z INFO  req-100647 /api/cart status=200 dur_ms=23
2026-09-30T00:04:54.331Z ERROR req-100648 upstream timeout calling payments, retrying (1/3)
2026-09-30T00:04:54.331Z INFO  req-100648 /api/cart retry ok
2026-09-30T00:04:54.331Z INFO  req-100648 /api/cart status=200 dur_ms=1721
2026-09-30T00:04:54.762Z INFO  req-100649 /api/login status=200 dur_ms=69
2026-09-30T00:04:54.800Z INFO  req-100650 /api/orders status=200 dur_ms=101
2026-09-30T00:04:55.172Z INFO  req-100651 /api/catalog status=200 dur_ms=109
2026-09-30T00:04:55.516Z INFO  req-100652 /api/login status=200 dur_ms=104
2026-09-30T00:04:55.845Z INFO  req-100653 /api/login status=200 dur_ms=8
2026-09-30T00:04:56.178Z INFO  req-100654 /api/health status=200 dur_ms=33
2026-09-30T00:04:57.070Z INFO  req-100655 /api/orders status=200 dur_ms=48
2026-09-30T00:04:57.182Z INFO  req-100656 /api/orders status=200 dur_ms=43
2026-09-30T00:04:57.626Z INFO  req-100657 /api/orders status=200 dur_ms=30
2026-09-30T00:04:57.769Z INFO  req-100658 /api/cart status=200 dur_ms=101
2026-09-30T00:04:58.234Z INFO  req-100659 /api/orders status=200 dur_ms=6
2026-09-30T00:04:59.121Z INFO  req-100660 /api/health status=200 dur_ms=119
2026-09-30T00:04:59.816Z INFO  req-100661 /api/login status=200 dur_ms=105
2026-09-30T00:04:59.853Z INFO  req-100662 /api/health status=200 dur_ms=17
2026-09-30T00:05:00.386Z ERROR req-100663 upstream timeout calling payments, retrying (1/3)
2026-09-30T00:05:00.386Z INFO  req-100663 /api/catalog retry ok
2026-09-30T00:05:00.386Z INFO  req-100663 /api/catalog status=200 dur_ms=380
2026-09-30T00:05:00.681Z WARN  req-100664 fx rate cache miss for USD, using fallback table
2026-09-30T00:05:00.681Z INFO  req-100664 /api/health status=200 dur_ms=20
2026-09-30T00:05:00.743Z INFO  req-100665 /api/login status=200 dur_ms=117
2026-09-30T00:05:01.018Z WARN  req-100666 /api/login status=401 dur_ms=30
2026-09-30T00:05:01.145Z INFO  req-100667 /api/health status=200 dur_ms=119
2026-09-30T00:05:01.562Z INFO  req-100668 /api/health status=200 dur_ms=33
2026-09-30T00:05:02.316Z WARN  req-100669 /api/login status=404 dur_ms=31
2026-09-30T00:05:02.941Z INFO  req-100670 /api/catalog status=200 dur_ms=85
2026-09-30T00:05:03.337Z INFO  req-100671 /api/health status=200 dur_ms=60
2026-09-30T00:05:03.899Z INFO  req-100672 /api/cart status=200 dur_ms=62
2026-09-30T00:05:04.738Z INFO  req-100673 /api/catalog status=200 dur_ms=44
2026-09-30T00:05:04.965Z INFO  req-100674 /api/login status=200 dur_ms=51
2026-09-30T00:05:05.565Z INFO  req-100675 /api/health status=200 dur_ms=22
2026-09-30T00:05:06.448Z INFO  req-100676 /api/health status=200 dur_ms=73
2026-09-30T00:05:06.782Z INFO  req-100677 /api/health status=200 dur_ms=114
2026-09-30T00:05:07.004Z INFO  req-100678 /api/orders status=200 dur_ms=22
2026-09-30T00:05:07.569Z WARN  req-100679 /api/health status=429 dur_ms=5
2026-09-30T00:05:08.099Z INFO  req-100680 /api/cart status=200 dur_ms=47
2026-09-30T00:05:08.853Z INFO  req-100681 /api/login status=200 dur_ms=30
2026-09-30T00:05:09.547Z INFO  req-100682 /api/catalog status=200 dur_ms=55
2026-09-30T00:05:09.893Z INFO  req-100683 /api/catalog status=200 dur_ms=88
2026-09-30T00:05:10.101Z INFO  req-100684 /api/health status=200 dur_ms=107
2026-09-30T00:05:10.961Z INFO  req-100685 /api/cart status=200 dur_ms=36
2026-09-30T00:05:11.765Z INFO  req-100686 /api/catalog status=200 dur_ms=54
2026-09-30T00:05:12.657Z WARN  req-100687 fx rate cache miss for USD, using fallback table
2026-09-30T00:05:12.657Z INFO  req-100687 /api/cart status=200 dur_ms=68
2026-09-30T00:05:13.065Z INFO  req-100688 /api/login status=200 dur_ms=21
2026-09-30T00:05:13.493Z INFO  req-100689 /api/health status=200 dur_ms=113
2026-09-30T00:05:14.130Z INFO  req-100690 /api/cart status=200 dur_ms=111
2026-09-30T00:05:14.594Z INFO  req-100691 /api/health status=200 dur_ms=94
2026-09-30T00:05:14.956Z INFO  req-100692 /api/cart status=200 dur_ms=69
2026-09-30T00:05:15.525Z INFO  req-100693 /api/health status=200 dur_ms=2
2026-09-30T00:05:16.331Z INFO  req-100694 /api/cart status=200 dur_ms=50
2026-09-30T00:05:16.786Z INFO  req-100695 /api/login status=200 dur_ms=40
2026-09-30T00:05:17.609Z INFO  req-100696 /api/login status=200 dur_ms=50
2026-09-30T00:05:18.205Z INFO  req-100697 /api/health status=200 dur_ms=43
2026-09-30T00:05:19.069Z INFO  req-100698 /api/catalog status=200 dur_ms=43
2026-09-30T00:05:19.279Z INFO  req-100699 /api/orders status=200 dur_ms=5
2026-09-30T00:05:19.328Z INFO  req-100700 /api/cart status=200 dur_ms=40
2026-09-30T00:05:19.878Z INFO  req-100701 /api/login status=200 dur_ms=81
2026-09-30T00:05:20.326Z INFO  req-100702 /api/login status=200 dur_ms=95
2026-09-30T00:05:21.028Z INFO  req-100703 /api/cart status=200 dur_ms=47
2026-09-30T00:05:21.070Z INFO  req-100704 /api/health status=200 dur_ms=59
2026-09-30T00:05:21.081Z INFO  req-100705 /api/login status=200 dur_ms=31
2026-09-30T00:05:21.183Z INFO  req-100706 /api/login status=200 dur_ms=53
2026-09-30T00:05:21.848Z INFO  req-100707 /api/login status=200 dur_ms=21
2026-09-30T00:05:22.041Z INFO  req-100708 /api/cart status=200 dur_ms=53
2026-09-30T00:05:22.492Z INFO  req-100709 /api/login status=200 dur_ms=45
2026-09-30T00:05:23.201Z INFO  req-100710 /api/orders status=200 dur_ms=23
2026-09-30T00:05:23.573Z INFO  req-100711 /api/orders status=200 dur_ms=107
2026-09-30T00:05:23.892Z INFO  req-100712 /api/orders status=200 dur_ms=85
2026-09-30T00:05:24.194Z INFO  req-100713 /api/login status=200 dur_ms=115
2026-09-30T00:05:24.625Z INFO  req-100714 /api/login status=200 dur_ms=39
2026-09-30T00:05:25.461Z INFO  req-100715 /api/login status=200 dur_ms=116
2026-09-30T00:05:25.654Z INFO  req-100716 /api/orders status=200 dur_ms=82
2026-09-30T00:05:26.233Z INFO  req-100717 /api/health status=200 dur_ms=74
2026-09-30T00:05:26.880Z INFO  req-100718 /api/orders status=200 dur_ms=90
2026-09-30T00:05:27.302Z ERROR req-100719 upstream timeout calling payments, retrying (1/3)
2026-09-30T00:05:27.302Z INFO  req-100719 /api/orders retry ok
2026-09-30T00:05:27.302Z INFO  req-100719 /api/orders status=200 dur_ms=928
2026-09-30T00:05:28.030Z INFO  req-100720 /api/orders status=200 dur_ms=119
2026-09-30T00:05:28.342Z INFO  req-100721 /api/orders status=200 dur_ms=77
2026-09-30T00:05:28.358Z INFO  req-100722 /api/catalog status=200 dur_ms=24
2026-09-30T00:05:28.868Z INFO  req-100723 /api/login status=200 dur_ms=36
2026-09-30T00:05:29.761Z INFO  req-100724 /api/login status=200 dur_ms=67
2026-09-30T00:05:29.909Z INFO  req-100725 /api/cart status=200 dur_ms=79
2026-09-30T00:05:30.034Z INFO  req-100726 /api/login status=200 dur_ms=99
2026-09-30T00:05:30.556Z WARN  req-100727 fx rate cache miss for USD, using fallback table
2026-09-30T00:05:30.556Z INFO  req-100727 /api/orders status=200 dur_ms=26
2026-09-30T00:05:31.092Z INFO  req-100728 /api/cart status=200 dur_ms=80
2026-09-30T00:05:31.533Z INFO  req-100729 /api/orders status=200 dur_ms=85
2026-09-30T00:05:31.546Z INFO  req-100730 /api/login status=200 dur_ms=43
2026-09-30T00:05:31.694Z INFO  req-100731 /api/health status=200 dur_ms=37
2026-09-30T00:05:31.868Z ERROR req-100732 upstream timeout calling payments, retrying (1/3)
2026-09-30T00:05:31.868Z INFO  req-100732 /api/orders retry ok
2026-09-30T00:05:31.868Z INFO  req-100732 /api/orders status=200 dur_ms=1492
2026-09-30T00:05:31.933Z INFO  req-100733 /api/cart status=200 dur_ms=81
2026-09-30T00:05:32.328Z ERROR req-100734 upstream timeout calling payments, retrying (1/3)
2026-09-30T00:05:32.328Z INFO  req-100734 /api/catalog retry ok
2026-09-30T00:05:32.328Z INFO  req-100734 /api/catalog status=200 dur_ms=1110
2026-09-30T00:05:32.925Z INFO  req-100735 /api/orders status=200 dur_ms=58
2026-09-30T00:05:32.981Z INFO  req-100736 /api/catalog status=200 dur_ms=30
2026-09-30T00:05:33.027Z INFO  req-100737 /api/login status=200 dur_ms=111
2026-09-30T00:05:33.205Z INFO  req-100738 /api/cart status=200 dur_ms=40
2026-09-30T00:05:33.634Z INFO  req-100739 /api/cart status=200 dur_ms=10
2026-09-30T00:05:33.883Z INFO  req-100740 /api/login status=200 dur_ms=30
2026-09-30T00:05:34.307Z INFO  req-100741 /api/cart status=200 dur_ms=4
2026-09-30T00:05:35.119Z INFO  req-100742 /api/orders status=200 dur_ms=24
2026-09-30T00:05:35.294Z INFO  req-100743 /api/catalog status=200 dur_ms=2
2026-09-30T00:05:35.592Z INFO  req-100744 /api/health status=200 dur_ms=16
2026-09-30T00:05:35.936Z INFO  req-100745 /api/cart status=200 dur_ms=44
2026-09-30T00:05:36.349Z INFO  req-100746 /api/orders status=200 dur_ms=56
2026-09-30T00:05:37.195Z INFO  req-100747 /api/login status=200 dur_ms=33
2026-09-30T00:05:37.592Z INFO  req-100748 /api/health status=200 dur_ms=46
2026-09-30T00:05:37.835Z INFO  req-100749 /api/health status=200 dur_ms=87
2026-09-30T00:05:37.861Z INFO  req-100750 /api/catalog status=200 dur_ms=32
2026-09-30T00:05:38.584Z INFO  req-100751 /api/catalog status=200 dur_ms=36
2026-09-30T00:05:39.142Z INFO  req-100752 /api/catalog status=200 dur_ms=73
2026-09-30T00:05:39.596Z INFO  req-100753 /api/catalog status=200 dur_ms=22
2026-09-30T00:05:39.973Z INFO  req-100754 /api/cart status=200 dur_ms=50
2026-09-30T00:05:40.618Z INFO  req-100755 /api/catalog status=200 dur_ms=40
2026-09-30T00:05:41.106Z INFO  req-100756 /api/catalog status=200 dur_ms=111
2026-09-30T00:05:41.570Z INFO  req-100757 /api/health status=200 dur_ms=78
2026-09-30T00:05:42.021Z INFO  req-100758 /api/health status=200 dur_ms=70
2026-09-30T00:05:42.274Z INFO  req-100759 /api/login status=200 dur_ms=29
2026-09-30T00:05:42.403Z INFO  req-100760 /api/orders status=200 dur_ms=88
2026-09-30T00:05:42.929Z WARN  req-100761 /api/health status=429 dur_ms=3
2026-09-30T00:05:43.603Z INFO  req-100762 /api/catalog status=200 dur_ms=41
2026-09-30T00:05:43.619Z INFO  req-100763 /api/orders status=200 dur_ms=90
2026-09-30T00:05:43.801Z INFO  req-100764 /api/catalog status=200 dur_ms=43
2026-09-30T00:05:43.994Z INFO  req-100765 /api/orders status=200 dur_ms=10
2026-09-30T00:05:44.570Z INFO  req-100766 /api/login status=200 dur_ms=99
2026-09-30T00:05:44.875Z INFO  req-100767 /api/health status=200 dur_ms=13
2026-09-30T00:05:45.107Z INFO  req-100768 /api/cart status=200 dur_ms=38
2026-09-30T00:05:45.472Z INFO  req-100769 /api/cart status=200 dur_ms=101
2026-09-30T00:05:46.116Z INFO  req-100770 /api/catalog status=200 dur_ms=37
2026-09-30T00:05:46.297Z ERROR req-100771 upstream timeout calling payments, retrying (1/3)
2026-09-30T00:05:46.297Z INFO  req-100771 /api/health retry ok
2026-09-30T00:05:46.297Z INFO  req-100771 /api/health status=200 dur_ms=1144
2026-09-30T00:05:46.323Z INFO  req-100772 /api/cart status=200 dur_ms=33
2026-09-30T00:05:47.191Z INFO  req-100773 /api/orders status=200 dur_ms=25
2026-09-30T00:05:47.490Z WARN  req-100774 fx rate cache miss for USD, using fallback table
2026-09-30T00:05:47.490Z INFO  req-100774 /api/login status=200 dur_ms=10
2026-09-30T00:05:47.905Z ERROR req-100775 upstream timeout calling payments, retrying (1/3)
2026-09-30T00:05:47.905Z INFO  req-100775 /api/catalog retry ok
2026-09-30T00:05:47.905Z INFO  req-100775 /api/catalog status=200 dur_ms=1182
2026-09-30T00:05:48.108Z INFO  req-100776 /api/catalog status=200 dur_ms=50
2026-09-30T00:05:48.865Z ERROR req-100777 upstream timeout calling payments, retrying (1/3)
2026-09-30T00:05:48.865Z INFO  req-100777 /api/health retry ok
2026-09-30T00:05:48.865Z INFO  req-100777 /api/health status=200 dur_ms=1589
2026-09-30T00:05:49.519Z INFO  req-100778 /api/login status=200 dur_ms=109
2026-09-30T00:05:49.753Z INFO  req-100779 /api/login status=200 dur_ms=34
2026-09-30T00:05:50.199Z INFO  req-100780 /api/login status=200 dur_ms=46
2026-09-30T00:05:50.200Z WARN  req-100781 fx rate cache miss for USD, using fallback table
2026-09-30T00:05:50.200Z INFO  req-100781 /api/health status=200 dur_ms=79
2026-09-30T00:05:50.822Z INFO  req-100782 /api/catalog status=200 dur_ms=89
2026-09-30T00:05:50.936Z ERROR req-100783 upstream timeout calling payments, retrying (1/3)
2026-09-30T00:05:50.936Z INFO  req-100783 /api/health retry ok
2026-09-30T00:05:50.936Z INFO  req-100783 /api/health status=200 dur_ms=730
2026-09-30T00:05:51.732Z INFO  req-100784 /api/orders status=200 dur_ms=55
2026-09-30T00:05:52.444Z INFO  req-100785 /api/login status=200 dur_ms=108
2026-09-30T00:05:52.671Z INFO  req-100786 /api/orders status=200 dur_ms=46
2026-09-30T00:05:53.106Z INFO  req-100787 /api/health status=200 dur_ms=90
2026-09-30T00:05:53.622Z INFO  req-100788 /api/cart status=200 dur_ms=67
2026-09-30T00:05:53.678Z INFO  req-100789 /api/catalog status=200 dur_ms=56
2026-09-30T00:05:54.368Z INFO  req-100790 /api/catalog status=200 dur_ms=64
2026-09-30T00:05:55.149Z INFO  req-100791 /api/login status=200 dur_ms=35
2026-09-30T00:05:55.328Z INFO  req-100792 /api/catalog status=200 dur_ms=71
2026-09-30T00:05:55.595Z INFO  req-100793 /api/orders status=200 dur_ms=23
2026-09-30T00:05:55.962Z INFO  req-100794 /api/orders status=200 dur_ms=27
2026-09-30T00:05:56.614Z INFO  req-100795 /api/catalog status=200 dur_ms=89
2026-09-30T00:05:57.338Z INFO  req-100796 /api/cart status=200 dur_ms=32
2026-09-30T00:05:58.061Z INFO  req-100797 /api/login status=200 dur_ms=90
2026-09-30T00:05:58.517Z INFO  req-100798 /api/health status=200 dur_ms=91
2026-09-30T00:05:58.824Z INFO  req-100799 /api/catalog status=200 dur_ms=77
2026-09-30T00:05:59.401Z INFO  req-100800 /api/orders status=200 dur_ms=72
2026-09-30T00:05:59.836Z INFO  req-100801 /api/catalog status=200 dur_ms=88
2026-09-30T00:06:00.519Z INFO  req-100802 /api/cart status=200 dur_ms=109
2026-09-30T00:06:01.304Z INFO  req-100803 /api/catalog status=200 dur_ms=16
2026-09-30T00:06:02.011Z INFO  req-100804 /api/health status=200 dur_ms=64
2026-09-30T00:06:02.223Z WARN  req-100805 /api/health status=404 dur_ms=14
2026-09-30T00:06:02.337Z INFO  req-100806 /api/cart status=200 dur_ms=16
2026-09-30T00:06:02.503Z INFO  req-100807 /api/cart status=200 dur_ms=74
2026-09-30T00:06:02.875Z INFO  req-100808 /api/login status=200 dur_ms=11
2026-09-30T00:06:02.922Z ERROR req-100809 upstream timeout calling payments, retrying (1/3)
2026-09-30T00:06:02.922Z INFO  req-100809 /api/cart retry ok
2026-09-30T00:06:02.922Z INFO  req-100809 /api/cart status=200 dur_ms=471
2026-09-30T00:06:03.688Z INFO  req-100810 /api/login status=200 dur_ms=35
2026-09-30T00:06:03.800Z INFO  req-100811 /api/cart status=200 dur_ms=64
2026-09-30T00:06:03.995Z INFO  req-100812 /api/health status=200 dur_ms=3
2026-09-30T00:06:04.363Z INFO  req-100813 /api/health status=200 dur_ms=82
2026-09-30T00:06:04.992Z INFO  req-100814 /api/health status=200 dur_ms=85
2026-09-30T00:06:05.244Z WARN  req-100815 /api/orders status=400 dur_ms=27
2026-09-30T00:06:06.104Z INFO  req-100816 /api/health status=200 dur_ms=25
2026-09-30T00:06:06.758Z INFO  req-100817 /api/catalog status=200 dur_ms=15
2026-09-30T00:06:07.562Z INFO  req-100818 /api/health status=200 dur_ms=97
2026-09-30T00:06:08.194Z INFO  req-100819 /api/catalog status=200 dur_ms=84
2026-09-30T00:06:09.040Z INFO  req-100820 /api/catalog status=200 dur_ms=49
2026-09-30T00:06:09.180Z INFO  req-100821 /api/health status=200 dur_ms=109
2026-09-30T00:06:10.032Z INFO  req-100822 /api/orders status=200 dur_ms=7
2026-09-30T00:06:10.142Z INFO  req-100823 /api/cart status=200 dur_ms=117
2026-09-30T00:06:10.194Z INFO  req-100824 /api/cart status=200 dur_ms=56
2026-09-30T00:06:10.706Z INFO  req-100825 /api/health status=200 dur_ms=79
2026-09-30T00:06:11.302Z INFO  req-100826 /api/catalog status=200 dur_ms=90
2026-09-30T00:06:11.535Z INFO  req-100827 /api/cart status=200 dur_ms=83
2026-09-30T00:06:11.947Z WARN  req-100828 /api/orders status=429 dur_ms=32
2026-09-30T00:06:12.143Z INFO  req-100829 /api/health status=200 dur_ms=2
2026-09-30T00:06:12.176Z INFO  req-100830 /api/login status=200 dur_ms=56
2026-09-30T00:06:12.323Z INFO  req-100831 /api/orders status=200 dur_ms=67
2026-09-30T00:06:13.051Z INFO  req-100832 /api/health status=200 dur_ms=10
2026-09-30T00:06:13.501Z ERROR req-100833 upstream timeout calling payments, retrying (1/3)
2026-09-30T00:06:13.501Z INFO  req-100833 /api/catalog retry ok
2026-09-30T00:06:13.501Z INFO  req-100833 /api/catalog status=200 dur_ms=1784
2026-09-30T00:06:13.670Z INFO  req-100834 /api/orders status=200 dur_ms=58
2026-09-30T00:06:14.494Z INFO  req-100835 /api/health status=200 dur_ms=74
2026-09-30T00:06:14.695Z INFO  req-100836 /api/login status=200 dur_ms=43
2026-09-30T00:06:15.225Z INFO  req-100837 /api/login status=200 dur_ms=118
2026-09-30T00:06:15.866Z INFO  req-100838 /api/cart status=200 dur_ms=79
2026-09-30T00:06:16.501Z WARN  req-100839 /api/orders status=404 dur_ms=40
2026-09-30T00:06:17.176Z INFO  req-100840 /api/login status=200 dur_ms=55
2026-09-30T00:06:17.554Z INFO  req-100841 /api/catalog status=200 dur_ms=40
2026-09-30T00:06:18.441Z INFO  req-100842 /api/orders status=200 dur_ms=110
2026-09-30T00:06:18.635Z INFO  req-100843 /api/cart status=200 dur_ms=90
2026-09-30T00:06:18.723Z INFO  req-100844 /api/login status=200 dur_ms=49
2026-09-30T00:06:19.292Z INFO  req-100845 /api/cart status=200 dur_ms=48
2026-09-30T00:06:19.835Z INFO  req-100846 /api/cart status=200 dur_ms=52
2026-09-30T00:06:20.103Z WARN  req-100847 fx rate cache miss for USD, using fallback table
2026-09-30T00:06:20.103Z INFO  req-100847 /api/catalog status=200 dur_ms=75
2026-09-30T00:06:20.871Z WARN  req-100848 fx rate cache miss for USD, using fallback table
2026-09-30T00:06:20.871Z INFO  req-100848 /api/health status=200 dur_ms=29
2026-09-30T00:06:21.415Z INFO  req-100849 /api/cart status=200 dur_ms=31
2026-09-30T00:06:21.983Z INFO  req-100850 /api/login status=200 dur_ms=75
2026-09-30T00:06:22.697Z WARN  req-100851 fx rate cache miss for USD, using fallback table
2026-09-30T00:06:22.697Z INFO  req-100851 /api/login status=200 dur_ms=57
2026-09-30T00:06:23.393Z WARN  req-100852 /api/cart status=401 dur_ms=34
2026-09-30T00:06:23.957Z INFO  req-100853 /api/orders status=200 dur_ms=82
2026-09-30T00:06:24.696Z INFO  req-100854 /api/cart status=200 dur_ms=108
2026-09-30T00:06:25.399Z INFO  req-100855 /api/catalog status=200 dur_ms=26
2026-09-30T00:06:25.976Z INFO  req-100856 /api/orders status=200 dur_ms=19
2026-09-30T00:06:26.359Z INFO  req-100857 /api/orders status=200 dur_ms=53
2026-09-30T00:06:26.602Z WARN  req-100858 /api/orders status=400 dur_ms=40
2026-09-30T00:06:26.821Z INFO  req-100859 /api/orders status=200 dur_ms=92
2026-09-30T00:06:26.960Z INFO  req-100860 /api/orders status=200 dur_ms=81
2026-09-30T00:06:27.854Z INFO  req-100861 /api/orders status=200 dur_ms=119
2026-09-30T00:06:28.600Z INFO  req-100862 /api/catalog status=200 dur_ms=48
2026-09-30T00:06:29.364Z INFO  req-100863 /api/orders status=200 dur_ms=107
2026-09-30T00:06:29.626Z INFO  req-100864 /api/health status=200 dur_ms=67
2026-09-30T00:06:30.381Z INFO  req-100865 /api/health status=200 dur_ms=94
2026-09-30T00:06:30.882Z WARN  req-100866 /api/login status=404 dur_ms=8
2026-09-30T00:06:31.247Z INFO  req-100867 /api/login status=200 dur_ms=16
2026-09-30T00:06:31.282Z INFO  req-100868 /api/catalog status=200 dur_ms=34
2026-09-30T00:06:31.645Z INFO  req-100869 /api/cart status=200 dur_ms=4
2026-09-30T00:06:32.504Z INFO  req-100870 /api/cart status=200 dur_ms=16
2026-09-30T00:06:33.315Z ERROR req-100871 upstream timeout calling payments, retrying (1/3)
2026-09-30T00:06:33.315Z INFO  req-100871 /api/orders retry ok
2026-09-30T00:06:33.315Z INFO  req-100871 /api/orders status=200 dur_ms=451
2026-09-30T00:06:34.135Z INFO  req-100872 /api/catalog status=200 dur_ms=72
2026-09-30T00:06:34.432Z INFO  req-100873 /api/cart status=200 dur_ms=109
2026-09-30T00:06:34.580Z INFO  req-100874 /api/health status=200 dur_ms=70
2026-09-30T00:06:35.287Z INFO  req-100875 /api/health status=200 dur_ms=58
2026-09-30T00:06:35.302Z ERROR req-100876 upstream timeout calling payments, retrying (1/3)
2026-09-30T00:06:35.302Z INFO  req-100876 /api/catalog retry ok
2026-09-30T00:06:35.302Z INFO  req-100876 /api/catalog status=200 dur_ms=1297
2026-09-30T00:06:35.816Z INFO  req-100877 /api/orders status=200 dur_ms=104
2026-09-30T00:06:36.674Z ERROR req-100878 upstream timeout calling payments, retrying (1/3)
2026-09-30T00:06:36.674Z INFO  req-100878 /api/catalog retry ok
2026-09-30T00:06:36.674Z INFO  req-100878 /api/catalog status=200 dur_ms=1570
2026-09-30T00:06:37.512Z INFO  req-100879 /api/login status=200 dur_ms=52
2026-09-30T00:06:38.376Z INFO  req-100880 /api/catalog status=200 dur_ms=90
2026-09-30T00:06:39.242Z INFO  req-100881 /api/catalog status=200 dur_ms=113
2026-09-30T00:06:39.868Z INFO  req-100882 /api/health status=200 dur_ms=44
2026-09-30T00:06:40.409Z INFO  req-100883 /api/catalog status=200 dur_ms=77
2026-09-30T00:06:41.049Z WARN  req-100884 /api/catalog status=404 dur_ms=31
2026-09-30T00:06:41.389Z INFO  req-100885 /api/cart status=200 dur_ms=47
2026-09-30T00:06:41.711Z ERROR req-100886 upstream timeout calling payments, retrying (1/3)
2026-09-30T00:06:41.711Z INFO  req-100886 /api/login retry ok
2026-09-30T00:06:41.711Z INFO  req-100886 /api/login status=200 dur_ms=1290
2026-09-30T00:06:42.053Z INFO  req-100887 /api/catalog status=200 dur_ms=60
2026-09-30T00:06:42.951Z INFO  req-100888 /api/orders status=200 dur_ms=82
2026-09-30T00:06:43.101Z INFO  req-100889 /api/catalog status=200 dur_ms=36
2026-09-30T00:06:43.495Z INFO  req-100890 /api/login status=200 dur_ms=35
2026-09-30T00:06:43.861Z INFO  req-100891 /api/login status=200 dur_ms=76
2026-09-30T00:06:44.004Z INFO  req-100892 /api/orders status=200 dur_ms=119
2026-09-30T00:06:44.579Z INFO  req-100893 /api/orders status=200 dur_ms=113
2026-09-30T00:06:44.784Z INFO  req-100894 /api/login status=200 dur_ms=83
2026-09-30T00:06:44.886Z INFO  req-100895 /api/health status=200 dur_ms=103
2026-09-30T00:06:45.701Z INFO  req-100896 /api/catalog status=200 dur_ms=89
2026-09-30T00:06:45.775Z INFO  req-100897 /api/health status=200 dur_ms=96
2026-09-30T00:06:46.147Z INFO  req-100898 /api/catalog status=200 dur_ms=46
2026-09-30T00:06:47.041Z INFO  req-100899 /api/cart status=200 dur_ms=44
2026-09-30T00:06:47.103Z INFO  req-100900 /api/health status=200 dur_ms=115
2026-09-30T00:06:47.905Z INFO  req-100901 /api/health status=200 dur_ms=116
2026-09-30T00:06:48.155Z INFO  req-100902 /api/health status=200 dur_ms=21
2026-09-30T00:06:48.294Z INFO  req-100903 /api/cart status=200 dur_ms=53
2026-09-30T00:06:48.751Z INFO  req-100904 /api/health status=200 dur_ms=120
2026-09-30T00:06:48.924Z INFO  req-100905 /api/catalog status=200 dur_ms=40
2026-09-30T00:06:49.662Z INFO  req-100906 /api/login status=200 dur_ms=72
2026-09-30T00:06:50.337Z INFO  req-100907 /api/health status=200 dur_ms=11
2026-09-30T00:06:50.532Z INFO  req-100908 /api/orders status=200 dur_ms=76
2026-09-30T00:06:50.716Z INFO  req-100909 /api/health status=200 dur_ms=61
2026-09-30T00:06:51.082Z INFO  req-100910 /api/cart status=200 dur_ms=94
2026-09-30T00:06:51.972Z INFO  req-100911 /api/cart status=200 dur_ms=42
2026-09-30T00:06:52.152Z INFO  req-100912 /api/health status=200 dur_ms=71
2026-09-30T00:06:52.176Z INFO  req-100913 /api/health status=200 dur_ms=32
2026-09-30T00:06:52.898Z ERROR req-100914 upstream timeout calling payments, retrying (1/3)
2026-09-30T00:06:52.898Z INFO  req-100914 /api/orders retry ok
2026-09-30T00:06:52.898Z INFO  req-100914 /api/orders status=200 dur_ms=1118
2026-09-30T00:06:53.357Z INFO  req-100915 /api/login status=200 dur_ms=38
2026-09-30T00:06:54.242Z INFO  req-100916 /api/orders status=200 dur_ms=27
2026-09-30T00:06:54.490Z INFO  req-100917 /api/catalog status=200 dur_ms=78
2026-09-30T00:06:54.540Z WARN  req-100918 /api/login status=404 dur_ms=10
2026-09-30T00:06:54.546Z INFO  req-100919 /api/login status=200 dur_ms=84
2026-09-30T00:06:55.443Z ERROR req-100920 upstream timeout calling payments, retrying (1/3)
2026-09-30T00:06:55.443Z INFO  req-100920 /api/health retry ok
2026-09-30T00:06:55.443Z INFO  req-100920 /api/health status=200 dur_ms=356
2026-09-30T00:06:55.661Z INFO  req-100921 /api/orders status=200 dur_ms=85
2026-09-30T00:06:56.159Z INFO  req-100922 /api/health status=200 dur_ms=24
2026-09-30T00:06:56.218Z INFO  req-100923 /api/orders status=200 dur_ms=13
2026-09-30T00:06:56.860Z INFO  req-100924 /api/cart status=200 dur_ms=78
2026-09-30T00:06:57.270Z INFO  req-100925 /api/cart status=200 dur_ms=113
2026-09-30T00:06:57.284Z ERROR req-100926 upstream timeout calling payments, retrying (1/3)
2026-09-30T00:06:57.284Z INFO  req-100926 /api/health retry ok
2026-09-30T00:06:57.284Z INFO  req-100926 /api/health status=200 dur_ms=1455
2026-09-30T00:06:57.954Z INFO  req-100927 /api/orders status=200 dur_ms=55
2026-09-30T00:06:58.583Z INFO  req-100928 /api/health status=200 dur_ms=22
2026-09-30T00:06:58.679Z ERROR req-100929 upstream timeout calling payments, retrying (1/3)
2026-09-30T00:06:58.679Z INFO  req-100929 /api/catalog retry ok
2026-09-30T00:06:58.679Z INFO  req-100929 /api/catalog status=200 dur_ms=592
2026-09-30T00:06:59.222Z INFO  req-100930 /api/orders status=200 dur_ms=47
2026-09-30T00:07:00.056Z INFO  req-100931 /api/health status=200 dur_ms=70
2026-09-30T00:07:00.753Z INFO  req-100932 /api/login status=200 dur_ms=21
2026-09-30T00:07:01.427Z INFO  req-100933 /api/login status=200 dur_ms=44
2026-09-30T00:07:01.663Z INFO  req-100934 /api/health status=200 dur_ms=106
2026-09-30T00:07:02.392Z INFO  req-100935 /api/orders status=200 dur_ms=101
2026-09-30T00:07:03.055Z INFO  req-100936 /api/login status=200 dur_ms=92
2026-09-30T00:07:03.520Z INFO  req-100937 /api/health status=200 dur_ms=68
2026-09-30T00:07:04.063Z INFO  req-100938 /api/catalog status=200 dur_ms=34
2026-09-30T00:07:04.073Z INFO  req-100939 /api/orders status=200 dur_ms=85
2026-09-30T00:07:04.902Z INFO  req-100940 /api/health status=200 dur_ms=21
2026-09-30T00:07:05.546Z INFO  req-100941 /api/orders status=200 dur_ms=5
2026-09-30T00:07:06.186Z INFO  req-100942 /api/orders status=200 dur_ms=71
2026-09-30T00:07:06.700Z INFO  req-100943 /api/catalog status=200 dur_ms=35
2026-09-30T00:07:07.321Z INFO  req-100944 /api/catalog status=200 dur_ms=117
2026-09-30T00:07:07.503Z INFO  req-100945 /api/catalog status=200 dur_ms=69
2026-09-30T00:07:07.533Z INFO  req-100946 /api/catalog status=200 dur_ms=58
2026-09-30T00:07:08.414Z INFO  req-100947 /api/health status=200 dur_ms=117
2026-09-30T00:07:09.234Z INFO  req-100948 /api/catalog status=200 dur_ms=43
2026-09-30T00:07:10.043Z INFO  req-100949 /api/orders status=200 dur_ms=86
2026-09-30T00:07:10.794Z ERROR req-100950 upstream timeout calling payments, retrying (1/3)
2026-09-30T00:07:10.794Z INFO  req-100950 /api/cart retry ok
2026-09-30T00:07:10.794Z INFO  req-100950 /api/cart status=200 dur_ms=1680
2026-09-30T00:07:11.679Z INFO  req-100951 /api/catalog status=200 dur_ms=74
2026-09-30T00:07:12.065Z INFO  req-100952 /api/cart status=200 dur_ms=86
2026-09-30T00:07:12.708Z INFO  req-100953 /api/orders status=200 dur_ms=34
2026-09-30T00:07:12.730Z INFO  req-100954 /api/cart status=200 dur_ms=32
2026-09-30T00:07:12.967Z INFO  req-100955 /api/health status=200 dur_ms=99
2026-09-30T00:07:13.403Z INFO  req-100956 /api/health status=200 dur_ms=114
2026-09-30T00:07:13.914Z INFO  req-100957 /api/login status=200 dur_ms=103
2026-09-30T00:07:14.075Z INFO  req-100958 /api/health status=200 dur_ms=98
2026-09-30T00:07:14.215Z INFO  req-100959 /api/health status=200 dur_ms=13
2026-09-30T00:07:14.555Z ERROR req-100960 upstream timeout calling payments, retrying (1/3)
2026-09-30T00:07:14.555Z INFO  req-100960 /api/catalog retry ok
2026-09-30T00:07:14.555Z INFO  req-100960 /api/catalog status=200 dur_ms=630
2026-09-30T00:07:14.883Z INFO  req-100961 /api/login status=200 dur_ms=59
2026-09-30T00:07:15.101Z INFO  req-100962 /api/catalog status=200 dur_ms=110
2026-09-30T00:07:15.855Z INFO  req-100963 /api/cart status=200 dur_ms=25
2026-09-30T00:07:16.301Z INFO  req-100964 /api/health status=200 dur_ms=89
2026-09-30T00:07:16.327Z INFO  req-100965 /api/catalog status=200 dur_ms=118
2026-09-30T00:07:16.337Z INFO  req-100966 /api/health status=200 dur_ms=21
2026-09-30T00:07:16.852Z INFO  req-100967 /api/orders status=200 dur_ms=98
2026-09-30T00:07:17.025Z INFO  req-100968 /api/cart status=200 dur_ms=13
2026-09-30T00:07:17.450Z INFO  req-100969 /api/cart status=200 dur_ms=114
2026-09-30T00:07:17.794Z INFO  req-100970 /api/orders status=200 dur_ms=76
2026-09-30T00:07:18.035Z INFO  req-100971 /api/orders status=200 dur_ms=6
2026-09-30T00:07:18.174Z INFO  req-100972 /api/catalog status=200 dur_ms=75
2026-09-30T00:07:18.615Z INFO  req-100973 /api/orders status=200 dur_ms=8
2026-09-30T00:07:18.940Z WARN  req-100974 /api/orders status=400 dur_ms=33
2026-09-30T00:07:19.080Z INFO  req-100975 /api/orders status=200 dur_ms=24
2026-09-30T00:07:19.310Z INFO  req-100976 /api/catalog status=200 dur_ms=83
2026-09-30T00:07:20.066Z INFO  req-100977 /api/orders status=200 dur_ms=69
2026-09-30T00:07:20.429Z INFO  req-100978 /api/orders status=200 dur_ms=46
2026-09-30T00:07:20.650Z INFO  req-100979 /api/catalog status=200 dur_ms=95
2026-09-30T00:07:20.725Z INFO  req-100980 /api/catalog status=200 dur_ms=3
2026-09-30T00:07:20.996Z INFO  req-100981 /api/orders status=200 dur_ms=27
2026-09-30T00:07:21.517Z WARN  req-100982 /api/login status=404 dur_ms=19
2026-09-30T00:07:21.528Z INFO  req-100983 /api/orders status=200 dur_ms=85
2026-09-30T00:07:21.993Z INFO  req-100984 /api/login status=200 dur_ms=44
2026-09-30T00:07:22.700Z INFO  req-100985 /api/health status=200 dur_ms=53
2026-09-30T00:07:23.133Z INFO  req-100986 /api/cart status=200 dur_ms=51
2026-09-30T00:07:23.288Z INFO  req-100987 /api/cart status=200 dur_ms=114
2026-09-30T00:07:23.708Z INFO  req-100988 /api/orders status=200 dur_ms=32
2026-09-30T00:07:24.331Z INFO  req-100989 /api/health status=200 dur_ms=90
2026-09-30T00:07:24.957Z INFO  req-100990 /api/catalog status=200 dur_ms=107
2026-09-30T00:07:25.161Z INFO  req-100991 /api/orders status=200 dur_ms=109
2026-09-30T00:07:25.797Z INFO  req-100992 /api/orders status=200 dur_ms=53
2026-09-30T00:07:26.508Z INFO  req-100993 /api/cart status=200 dur_ms=72
2026-09-30T00:07:27.193Z INFO  req-100994 /api/login status=200 dur_ms=2
2026-09-30T00:07:27.678Z INFO  req-100995 /api/cart status=200 dur_ms=67
2026-09-30T00:07:28.029Z INFO  req-100996 /api/cart status=200 dur_ms=32
2026-09-30T00:07:28.874Z INFO  req-100997 /api/cart status=200 dur_ms=47
2026-09-30T00:07:29.604Z WARN  req-100998 /api/login status=404 dur_ms=22
2026-09-30T00:07:29.678Z INFO  req-100999 /api/login status=200 dur_ms=87
2026-09-30T00:07:29.907Z INFO  req-101000 /api/health status=200 dur_ms=35
2026-09-30T00:07:30.769Z INFO  req-101001 /api/health status=200 dur_ms=68
2026-09-30T00:07:31.373Z INFO  req-101002 /api/catalog status=200 dur_ms=20
2026-09-30T00:07:31.441Z INFO  req-101003 /api/login status=200 dur_ms=48
2026-09-30T00:07:31.978Z INFO  req-101004 /api/catalog status=200 dur_ms=106
2026-09-30T00:07:32.353Z INFO  req-101005 /api/catalog status=200 dur_ms=21
2026-09-30T00:07:33.195Z INFO  req-101006 /api/catalog status=200 dur_ms=83
2026-09-30T00:07:34.043Z INFO  req-101007 /api/orders status=200 dur_ms=43
2026-09-30T00:07:34.434Z INFO  req-101008 /api/cart status=200 dur_ms=17
2026-09-30T00:07:34.854Z INFO  req-101009 /api/health status=200 dur_ms=50
2026-09-30T00:07:34.960Z INFO  req-101010 /api/login status=200 dur_ms=68
2026-09-30T00:07:35.270Z INFO  req-101011 /api/orders status=200 dur_ms=37
2026-09-30T00:07:35.676Z INFO  req-101012 /api/cart status=200 dur_ms=90
2026-09-30T00:07:35.791Z INFO  req-101013 /api/cart status=200 dur_ms=95
2026-09-30T00:07:36.609Z INFO  req-101014 /api/login status=200 dur_ms=21
2026-09-30T00:07:36.616Z INFO  req-101015 /api/health status=200 dur_ms=64
2026-09-30T00:07:37.150Z INFO  req-101016 /api/login status=200 dur_ms=49
2026-09-30T00:07:37.686Z INFO  req-101017 /api/cart status=200 dur_ms=34
2026-09-30T00:07:37.705Z INFO  req-101018 /api/orders status=200 dur_ms=75
2026-09-30T00:07:37.971Z WARN  req-101019 /api/catalog status=404 dur_ms=36
2026-09-30T00:07:38.253Z INFO  req-101020 /api/health status=200 dur_ms=32
2026-09-30T00:07:38.525Z INFO  req-101021 /api/orders status=200 dur_ms=69
2026-09-30T00:07:39.177Z INFO  req-101022 /api/orders status=200 dur_ms=27
2026-09-30T00:07:39.309Z INFO  req-101023 /api/health status=200 dur_ms=81
2026-09-30T00:07:40.109Z INFO  req-101024 /api/orders status=200 dur_ms=93
2026-09-30T00:07:40.563Z INFO  req-101025 /api/orders status=200 dur_ms=93
2026-09-30T00:07:41.335Z INFO  req-101026 /api/cart status=200 dur_ms=57
2026-09-30T00:07:41.999Z INFO  req-101027 /api/health status=200 dur_ms=47
2026-09-30T00:07:42.244Z INFO  req-101028 /api/login status=200 dur_ms=18
2026-09-30T00:07:42.878Z INFO  req-101029 /api/login status=200 dur_ms=49
2026-09-30T00:07:42.943Z INFO  req-101030 /api/health status=200 dur_ms=112
2026-09-30T00:07:43.016Z WARN  req-101031 /api/cart status=429 dur_ms=27
2026-09-30T00:07:43.555Z INFO  req-101032 /api/orders status=200 dur_ms=15
2026-09-30T00:07:44.163Z INFO  req-101033 /api/cart status=200 dur_ms=91
2026-09-30T00:07:45.023Z INFO  req-101034 /api/cart status=200 dur_ms=24
2026-09-30T00:07:45.090Z INFO  req-101035 /api/cart status=200 dur_ms=19
2026-09-30T00:07:45.615Z INFO  req-101036 /api/orders status=200 dur_ms=87
2026-09-30T00:07:45.853Z INFO  req-101037 /api/cart status=200 dur_ms=71
2026-09-30T00:07:45.895Z INFO  req-101038 /api/health status=200 dur_ms=72
2026-09-30T00:07:46.234Z INFO  req-101039 /api/cart status=200 dur_ms=17
2026-09-30T00:07:46.327Z INFO  req-101040 /api/orders status=200 dur_ms=75
2026-09-30T00:07:47.165Z ERROR req-101041 upstream timeout calling payments, retrying (1/3)
2026-09-30T00:07:47.165Z INFO  req-101041 /api/cart retry ok
2026-09-30T00:07:47.165Z INFO  req-101041 /api/cart status=200 dur_ms=480
2026-09-30T00:07:48.034Z INFO  req-101042 /api/login status=200 dur_ms=60
2026-09-30T00:07:48.091Z INFO  req-101043 /api/catalog status=200 dur_ms=93
2026-09-30T00:07:48.435Z INFO  req-101044 /api/orders status=200 dur_ms=72
2026-09-30T00:07:49.143Z INFO  req-101045 /api/login status=200 dur_ms=19
2026-09-30T00:07:49.560Z INFO  req-101046 /api/catalog status=200 dur_ms=43
2026-09-30T00:07:49.903Z INFO  req-101047 /api/orders status=200 dur_ms=25
2026-09-30T00:07:50.455Z INFO  req-101048 /api/health status=200 dur_ms=13
2026-09-30T00:07:50.776Z INFO  req-101049 /api/health status=200 dur_ms=73
2026-09-30T00:07:51.181Z INFO  req-101050 /api/cart status=200 dur_ms=89
2026-09-30T00:07:51.234Z INFO  req-101051 /api/catalog status=200 dur_ms=112
2026-09-30T00:07:51.624Z INFO  req-101052 /api/login status=200 dur_ms=34
2026-09-30T00:07:51.937Z INFO  req-101053 /api/orders status=200 dur_ms=28
2026-09-30T00:07:52.487Z INFO  req-101054 /api/cart status=200 dur_ms=86
2026-09-30T00:07:52.988Z INFO  req-101055 /api/catalog status=200 dur_ms=48
2026-09-30T00:07:53.809Z INFO  req-101056 /api/cart status=200 dur_ms=119
2026-09-30T00:07:54.533Z INFO  req-101057 /api/orders status=200 dur_ms=95
2026-09-30T00:07:54.855Z ERROR req-101058 upstream timeout calling payments, retrying (1/3)
2026-09-30T00:07:54.855Z INFO  req-101058 /api/orders retry ok
2026-09-30T00:07:54.855Z INFO  req-101058 /api/orders status=200 dur_ms=1137
2026-09-30T00:07:55.434Z INFO  req-101059 /api/orders status=200 dur_ms=37
2026-09-30T00:07:55.659Z INFO  req-101060 /api/health status=200 dur_ms=27
2026-09-30T00:07:56.387Z INFO  req-101061 /api/login status=200 dur_ms=80
2026-09-30T00:07:56.853Z INFO  req-101062 /api/cart status=200 dur_ms=28
2026-09-30T00:07:57.753Z INFO  req-101063 /api/catalog status=200 dur_ms=57
2026-09-30T00:07:58.632Z INFO  req-101064 /api/orders status=200 dur_ms=19
2026-09-30T00:07:59.516Z INFO  req-101065 /api/login status=200 dur_ms=65
2026-09-30T00:07:59.701Z ERROR req-101066 upstream timeout calling payments, retrying (1/3)
2026-09-30T00:07:59.701Z INFO  req-101066 /api/login retry ok
2026-09-30T00:07:59.701Z INFO  req-101066 /api/login status=200 dur_ms=1809
2026-09-30T00:08:00.521Z INFO  req-101067 /api/catalog status=200 dur_ms=88
2026-09-30T00:08:01.259Z INFO  req-101068 /api/health status=200 dur_ms=104
2026-09-30T00:08:01.476Z INFO  req-101069 /api/catalog status=200 dur_ms=20
2026-09-30T00:08:02.273Z INFO  req-101070 /api/catalog status=200 dur_ms=68
2026-09-30T00:08:02.377Z INFO  req-101071 /api/catalog status=200 dur_ms=102
2026-09-30T00:08:02.471Z INFO  req-101072 /api/cart status=200 dur_ms=30
2026-09-30T00:08:03.146Z INFO  req-101073 /api/cart status=200 dur_ms=89
2026-09-30T00:08:03.581Z INFO  req-101074 /api/orders status=200 dur_ms=120
2026-09-30T00:08:04.294Z INFO  req-101075 /api/catalog status=200 dur_ms=109
2026-09-30T00:08:04.752Z INFO  req-101076 /api/catalog status=200 dur_ms=113
2026-09-30T00:08:05.349Z INFO  req-101077 /api/login status=200 dur_ms=94
2026-09-30T00:08:05.507Z INFO  req-101078 /api/health status=200 dur_ms=43
2026-09-30T00:08:06.069Z INFO  req-101079 /api/catalog status=200 dur_ms=104
2026-09-30T00:08:06.751Z INFO  req-101080 /api/cart status=200 dur_ms=6
2026-09-30T00:08:07.087Z INFO  req-101081 /api/health status=200 dur_ms=30
2026-09-30T00:08:07.758Z INFO  req-101082 /api/orders status=200 dur_ms=27
2026-09-30T00:08:08.234Z INFO  req-101083 /api/catalog status=200 dur_ms=57
2026-09-30T00:08:08.576Z INFO  req-101084 /api/orders status=200 dur_ms=6
2026-09-30T00:08:09.425Z INFO  req-101085 /api/catalog status=200 dur_ms=85
2026-09-30T00:08:09.962Z INFO  req-101086 /api/health status=200 dur_ms=64
2026-09-30T00:08:10.319Z ERROR req-101087 upstream timeout calling payments, retrying (1/3)
2026-09-30T00:08:10.319Z INFO  req-101087 /api/cart retry ok
2026-09-30T00:08:10.319Z INFO  req-101087 /api/cart status=200 dur_ms=490
2026-09-30T00:08:10.525Z INFO  req-101088 /api/health status=200 dur_ms=78
2026-09-30T00:08:11.123Z INFO  req-101089 /api/orders status=200 dur_ms=27
2026-09-30T00:08:11.267Z INFO  req-101090 /api/catalog status=200 dur_ms=76
2026-09-30T00:08:11.575Z ERROR req-101091 upstream timeout calling payments, retrying (1/3)
2026-09-30T00:08:11.575Z INFO  req-101091 /api/login retry ok
2026-09-30T00:08:11.575Z INFO  req-101091 /api/login status=200 dur_ms=506
2026-09-30T00:08:11.577Z INFO  req-101092 /api/catalog status=200 dur_ms=86
2026-09-30T00:08:11.885Z WARN  req-101093 /api/health status=404 dur_ms=30
2026-09-30T00:08:12.378Z INFO  req-101094 /api/health status=200 dur_ms=24
2026-09-30T00:08:12.491Z INFO  req-101095 /api/health status=200 dur_ms=105
2026-09-30T00:08:12.563Z INFO  req-101096 /api/cart status=200 dur_ms=14
2026-09-30T00:08:13.328Z INFO  req-101097 /api/catalog status=200 dur_ms=78
2026-09-30T00:08:13.731Z INFO  req-101098 /api/orders status=200 dur_ms=7
2026-09-30T00:08:14.257Z INFO  req-101099 /api/cart status=200 dur_ms=84
2026-09-30T00:08:14.971Z INFO  req-101100 /api/login status=200 dur_ms=109
2026-09-30T00:08:15.333Z WARN  req-101101 /api/catalog status=404 dur_ms=12
2026-09-30T00:08:16.012Z INFO  req-101102 /api/health status=200 dur_ms=2
2026-09-30T00:08:16.875Z INFO  req-101103 /api/cart status=200 dur_ms=40
2026-09-30T00:08:17.028Z INFO  req-101104 /api/orders status=200 dur_ms=114
2026-09-30T00:08:17.273Z WARN  req-101105 fx rate cache miss for GBP, using fallback table
2026-09-30T00:08:17.273Z INFO  req-101105 /api/cart status=200 dur_ms=73
2026-09-30T00:08:17.828Z WARN  req-101106 fx rate cache miss for USD, using fallback table
2026-09-30T00:08:17.828Z INFO  req-101106 /api/cart status=200 dur_ms=25
2026-09-30T00:08:18.411Z INFO  req-101107 /api/login status=200 dur_ms=34
2026-09-30T00:08:18.787Z INFO  req-101108 /api/health status=200 dur_ms=53
2026-09-30T00:08:19.356Z INFO  req-101109 /api/catalog status=200 dur_ms=118
2026-09-30T00:08:19.602Z INFO  req-101110 /api/login status=200 dur_ms=66
2026-09-30T00:08:19.848Z INFO  req-101111 /api/orders status=200 dur_ms=15
2026-09-30T00:08:19.903Z INFO  req-101112 /api/login status=200 dur_ms=28
2026-09-30T00:08:20.609Z INFO  req-101113 /api/orders status=200 dur_ms=98
2026-09-30T00:08:20.785Z INFO  req-101114 /api/health status=200 dur_ms=5
2026-09-30T00:08:21.220Z INFO  req-101115 /api/login status=200 dur_ms=16
2026-09-30T00:08:21.519Z INFO  req-101116 /api/orders status=200 dur_ms=12
2026-09-30T00:08:22.199Z INFO  req-101117 /api/catalog status=200 dur_ms=33
2026-09-30T00:08:22.809Z INFO  req-101118 /api/login status=200 dur_ms=92
2026-09-30T00:08:23.648Z WARN  req-101119 /api/catalog status=400 dur_ms=40
2026-09-30T00:08:23.994Z INFO  req-101120 /api/orders status=200 dur_ms=29
2026-09-30T00:08:24.628Z INFO  req-101121 /api/catalog status=200 dur_ms=106
2026-09-30T00:08:24.939Z INFO  req-101122 /api/cart status=200 dur_ms=77
2026-09-30T00:08:25.127Z ERROR req-101123 upstream timeout calling payments, retrying (1/3)
2026-09-30T00:08:25.127Z INFO  req-101123 /api/cart retry ok
2026-09-30T00:08:25.127Z INFO  req-101123 /api/cart status=200 dur_ms=1910
2026-09-30T00:08:25.544Z ERROR req-101124 upstream timeout calling payments, retrying (1/3)
2026-09-30T00:08:25.544Z INFO  req-101124 /api/catalog retry ok
2026-09-30T00:08:25.544Z INFO  req-101124 /api/catalog status=200 dur_ms=603
2026-09-30T00:08:26.296Z INFO  req-101125 /api/catalog status=200 dur_ms=21
2026-09-30T00:08:27.113Z INFO  req-101126 /api/catalog status=200 dur_ms=28
2026-09-30T00:08:27.316Z INFO  req-101127 /api/health status=200 dur_ms=92
2026-09-30T00:08:27.385Z INFO  req-101128 /api/cart status=200 dur_ms=6
2026-09-30T00:08:27.895Z INFO  req-101129 /api/health status=200 dur_ms=118
2026-09-30T00:08:27.966Z INFO  req-101130 /api/orders status=200 dur_ms=27
2026-09-30T00:08:28.854Z INFO  req-101131 /api/health status=200 dur_ms=102
2026-09-30T00:08:29.276Z WARN  req-101132 /api/health status=401 dur_ms=33
2026-09-30T00:08:29.965Z INFO  req-101133 /api/cart status=200 dur_ms=19
2026-09-30T00:08:30.231Z INFO  req-101134 /api/health status=200 dur_ms=117
2026-09-30T00:08:30.286Z INFO  req-101135 /api/login status=200 dur_ms=23
2026-09-30T00:08:30.732Z INFO  req-101136 /api/login status=200 dur_ms=40
2026-09-30T00:08:31.498Z INFO  req-101137 /api/login status=200 dur_ms=85
2026-09-30T00:08:32.146Z WARN  req-101138 fx rate cache miss for USD, using fallback table
2026-09-30T00:08:32.146Z INFO  req-101138 /api/health status=200 dur_ms=35
2026-09-30T00:08:32.349Z INFO  req-101139 /api/login status=200 dur_ms=32
2026-09-30T00:08:33.248Z INFO  req-101140 /api/orders status=200 dur_ms=52
2026-09-30T00:08:33.928Z INFO  req-101141 /api/health status=200 dur_ms=107
2026-09-30T00:08:34.317Z INFO  req-101142 /api/orders status=200 dur_ms=31
2026-09-30T00:08:34.986Z INFO  req-101143 /api/health status=200 dur_ms=86
2026-09-30T00:08:35.596Z INFO  req-101144 /api/cart status=200 dur_ms=103
2026-09-30T00:08:35.909Z ERROR req-101145 upstream timeout calling payments, retrying (1/3)
2026-09-30T00:08:35.909Z INFO  req-101145 /api/cart retry ok
2026-09-30T00:08:35.909Z INFO  req-101145 /api/cart status=200 dur_ms=1536
2026-09-30T00:08:35.926Z INFO  req-101146 /api/cart status=200 dur_ms=55
2026-09-30T00:08:36.347Z INFO  req-101147 /api/cart status=200 dur_ms=20
2026-09-30T00:08:36.691Z INFO  req-101148 /api/orders status=200 dur_ms=47
2026-09-30T00:08:37.095Z INFO  req-101149 /api/login status=200 dur_ms=6
2026-09-30T00:08:37.395Z INFO  req-101150 /api/health status=200 dur_ms=25
2026-09-30T00:08:38.114Z INFO  req-101151 /api/cart status=200 dur_ms=86
2026-09-30T00:08:38.666Z INFO  req-101152 /api/orders status=200 dur_ms=29
2026-09-30T00:08:39.366Z INFO  req-101153 /api/cart status=200 dur_ms=107
2026-09-30T00:08:39.555Z INFO  req-101154 /api/health status=200 dur_ms=21
2026-09-30T00:08:39.927Z INFO  req-101155 /api/health status=200 dur_ms=115
2026-09-30T00:08:40.763Z INFO  req-101156 /api/cart status=200 dur_ms=41
2026-09-30T00:08:41.275Z INFO  req-101157 /api/login status=200 dur_ms=103
2026-09-30T00:08:41.897Z INFO  req-101158 /api/catalog status=200 dur_ms=52
2026-09-30T00:08:42.437Z ERROR req-101159 upstream timeout calling payments, retrying (1/3)
2026-09-30T00:08:42.437Z INFO  req-101159 /api/catalog retry ok
2026-09-30T00:08:42.437Z INFO  req-101159 /api/catalog status=200 dur_ms=512
2026-09-30T00:08:42.689Z INFO  req-101160 /api/health status=200 dur_ms=96
2026-09-30T00:08:43.050Z INFO  req-101161 /api/login status=200 dur_ms=96
2026-09-30T00:08:43.933Z INFO  req-101162 /api/cart status=200 dur_ms=19
2026-09-30T00:08:44.705Z INFO  req-101163 /api/cart status=200 dur_ms=11
2026-09-30T00:08:45.232Z INFO  req-101164 /api/cart status=200 dur_ms=36
2026-09-30T00:08:45.535Z INFO  req-101165 /api/cart status=200 dur_ms=68
2026-09-30T00:08:46.364Z INFO  req-101166 /api/cart status=200 dur_ms=65
2026-09-30T00:08:46.737Z INFO  req-101167 /api/orders status=200 dur_ms=9
2026-09-30T00:08:47.634Z INFO  req-101168 /api/orders status=200 dur_ms=73
2026-09-30T00:08:48.021Z INFO  req-101169 /api/login status=200 dur_ms=116
2026-09-30T00:08:48.177Z INFO  req-101170 /api/cart status=200 dur_ms=6
2026-09-30T00:08:48.511Z INFO  req-101171 /api/orders status=200 dur_ms=116
2026-09-30T00:08:48.789Z INFO  req-101172 /api/login status=200 dur_ms=119
2026-09-30T00:08:49.380Z INFO  req-101173 /api/cart status=200 dur_ms=24
2026-09-30T00:08:50.146Z INFO  req-101174 /api/health status=200 dur_ms=82
2026-09-30T00:08:50.927Z INFO  req-101175 /api/login status=200 dur_ms=5
2026-09-30T00:08:51.358Z INFO  req-101176 /api/cart status=200 dur_ms=85
2026-09-30T00:08:51.445Z INFO  req-101177 /api/cart status=200 dur_ms=65
2026-09-30T00:08:52.172Z INFO  req-101178 /api/health status=200 dur_ms=43
2026-09-30T00:08:52.338Z INFO  req-101179 /api/cart status=200 dur_ms=107
2026-09-30T00:08:52.388Z INFO  req-101180 /api/health status=200 dur_ms=116
2026-09-30T00:08:52.532Z INFO  req-101181 /api/orders status=200 dur_ms=22
2026-09-30T00:08:52.848Z INFO  req-101182 /api/catalog status=200 dur_ms=89
2026-09-30T00:08:53.168Z INFO  req-101183 /api/login status=200 dur_ms=40
2026-09-30T00:08:53.561Z INFO  req-101184 /api/health status=200 dur_ms=90
2026-09-30T00:08:53.753Z INFO  req-101185 /api/cart status=200 dur_ms=27
2026-09-30T00:08:54.389Z INFO  req-101186 /api/cart status=200 dur_ms=53
2026-09-30T00:08:54.501Z INFO  req-101187 /api/health status=200 dur_ms=52
2026-09-30T00:08:54.829Z INFO  req-101188 /api/cart status=200 dur_ms=36
2026-09-30T00:08:54.945Z INFO  req-101189 /api/login status=200 dur_ms=59
2026-09-30T00:08:55.459Z INFO  req-101190 /api/catalog status=200 dur_ms=101
2026-09-30T00:08:55.782Z WARN  req-101191 /api/health status=429 dur_ms=37
2026-09-30T00:08:56.651Z INFO  req-101192 /api/orders status=200 dur_ms=37
2026-09-30T00:08:57.053Z INFO  req-101193 /api/cart status=200 dur_ms=69
2026-09-30T00:08:57.884Z INFO  req-101194 /api/orders status=200 dur_ms=35
2026-09-30T00:08:58.345Z INFO  req-101195 /api/orders status=200 dur_ms=70
2026-09-30T00:08:59.192Z INFO  req-101196 /api/health status=200 dur_ms=47
2026-09-30T00:08:59.809Z INFO  req-101197 /api/health status=200 dur_ms=33
2026-09-30T00:08:59.881Z INFO  req-101198 /api/orders status=200 dur_ms=98
2026-09-30T00:09:00.499Z INFO  req-101199 /api/cart status=200 dur_ms=108
2026-09-30T00:09:01.327Z INFO  req-101200 /api/health status=200 dur_ms=23
2026-09-30T00:09:01.988Z INFO  req-101201 /api/orders status=200 dur_ms=101
2026-09-30T00:09:02.402Z INFO  req-101202 /api/health status=200 dur_ms=53
2026-09-30T00:09:02.804Z INFO  req-101203 /api/health status=200 dur_ms=46
2026-09-30T00:09:03.690Z INFO  req-101204 /api/catalog status=200 dur_ms=70
2026-09-30T00:09:04.444Z INFO  req-101205 /api/health status=200 dur_ms=19
2026-09-30T00:09:04.663Z INFO  req-101206 /api/orders status=200 dur_ms=120
2026-09-30T00:09:05.087Z WARN  req-101207 /api/orders status=401 dur_ms=38
2026-09-30T00:09:05.530Z INFO  req-101208 /api/login status=200 dur_ms=95
2026-09-30T00:09:05.811Z INFO  req-101209 /api/catalog status=200 dur_ms=21
2026-09-30T00:09:06.039Z INFO  req-101210 /api/catalog status=200 dur_ms=66
2026-09-30T00:09:06.167Z INFO  req-101211 /api/orders status=200 dur_ms=97
2026-09-30T00:09:07.008Z INFO  req-101212 /api/cart status=200 dur_ms=114
2026-09-30T00:09:07.303Z INFO  req-101213 /api/cart status=200 dur_ms=80
2026-09-30T00:09:07.585Z INFO  req-101214 /api/login status=200 dur_ms=79
2026-09-30T00:09:08.430Z INFO  req-101215 /api/login status=200 dur_ms=29
2026-09-30T00:09:08.660Z INFO  req-101216 /api/health status=200 dur_ms=88
2026-09-30T00:09:09.243Z INFO  req-101217 /api/orders status=200 dur_ms=48
2026-09-30T00:09:09.267Z INFO  req-101218 /api/orders status=200 dur_ms=17
2026-09-30T00:09:10.126Z INFO  req-101219 /api/catalog status=200 dur_ms=2
2026-09-30T00:09:10.595Z INFO  req-101220 /api/catalog status=200 dur_ms=59
2026-09-30T00:09:10.877Z INFO  req-101221 /api/cart status=200 dur_ms=77
2026-09-30T00:09:11.446Z INFO  req-101222 /api/orders status=200 dur_ms=7
2026-09-30T00:09:11.997Z INFO  req-101223 /api/orders status=200 dur_ms=63
2026-09-30T00:09:12.227Z INFO  req-101224 /api/health status=200 dur_ms=44
2026-09-30T00:09:12.771Z INFO  req-101225 /api/catalog status=200 dur_ms=73
2026-09-30T00:09:13.584Z INFO  req-101226 /api/health status=200 dur_ms=109
2026-09-30T00:09:14.413Z INFO  req-101227 /api/orders status=200 dur_ms=30
2026-09-30T00:09:15.210Z INFO  req-101228 /api/login status=200 dur_ms=36
2026-09-30T00:09:15.645Z INFO  req-101229 /api/health status=200 dur_ms=94
2026-09-30T00:09:15.737Z INFO  req-101230 /api/cart status=200 dur_ms=51
2026-09-30T00:09:16.262Z INFO  req-101231 /api/cart status=200 dur_ms=30
2026-09-30T00:09:16.945Z INFO  req-101232 /api/orders status=200 dur_ms=104
2026-09-30T00:09:17.326Z INFO  req-101233 /api/health status=200 dur_ms=86
2026-09-30T00:09:17.584Z WARN  req-101234 /api/cart status=401 dur_ms=29
2026-09-30T00:09:18.049Z INFO  req-101235 /api/login status=200 dur_ms=60
2026-09-30T00:09:18.245Z INFO  req-101236 /api/catalog status=200 dur_ms=16
2026-09-30T00:09:18.658Z INFO  req-101237 /api/catalog status=200 dur_ms=11
2026-09-30T00:09:19.412Z INFO  req-101238 /api/orders status=200 dur_ms=58
2026-09-30T00:09:20.209Z INFO  req-101239 /api/catalog status=200 dur_ms=100
2026-09-30T00:09:20.481Z INFO  req-101240 /api/health status=200 dur_ms=97
2026-09-30T00:09:21.287Z INFO  req-101241 /api/login status=200 dur_ms=94
2026-09-30T00:09:21.304Z WARN  req-101242 /api/catalog status=429 dur_ms=2
2026-09-30T00:09:22.160Z INFO  req-101243 /api/login status=200 dur_ms=35
2026-09-30T00:09:22.732Z INFO  req-101244 /api/catalog status=200 dur_ms=74
2026-09-30T00:09:23.380Z INFO  req-101245 /api/health status=200 dur_ms=41
2026-09-30T00:09:23.488Z WARN  req-101246 /api/catalog status=404 dur_ms=28
2026-09-30T00:09:23.519Z INFO  req-101247 /api/cart status=200 dur_ms=100
2026-09-30T00:09:23.624Z INFO  req-101248 /api/catalog status=200 dur_ms=48
2026-09-30T00:09:24.421Z INFO  req-101249 /api/cart status=200 dur_ms=12
2026-09-30T00:09:24.767Z INFO  req-101250 /api/cart status=200 dur_ms=116
2026-09-30T00:09:25.609Z INFO  req-101251 /api/orders status=200 dur_ms=69
2026-09-30T00:09:26.186Z INFO  req-101252 /api/cart status=200 dur_ms=28
2026-09-30T00:09:26.549Z INFO  req-101253 /api/orders status=200 dur_ms=118
2026-09-30T00:09:26.747Z INFO  req-101254 /api/login status=200 dur_ms=57
2026-09-30T00:09:27.541Z INFO  req-101255 /api/cart status=200 dur_ms=22
2026-09-30T00:09:28.373Z INFO  req-101256 /api/cart status=200 dur_ms=19
2026-09-30T00:09:28.515Z ERROR req-101257 upstream timeout calling payments, retrying (1/3)
2026-09-30T00:09:28.515Z INFO  req-101257 /api/catalog retry ok
2026-09-30T00:09:28.515Z INFO  req-101257 /api/catalog status=200 dur_ms=1790
2026-09-30T00:09:29.115Z INFO  req-101258 /api/orders status=200 dur_ms=3
2026-09-30T00:09:29.948Z INFO  req-101259 /api/orders status=200 dur_ms=61
2026-09-30T00:09:30.748Z WARN  req-101260 /api/login status=400 dur_ms=22
2026-09-30T00:09:31.095Z INFO  req-101261 /api/cart status=200 dur_ms=64
2026-09-30T00:09:31.883Z INFO  req-101262 /api/catalog status=200 dur_ms=2
2026-09-30T00:09:32.133Z INFO  req-101263 /api/health status=200 dur_ms=50
2026-09-30T00:09:32.240Z WARN  req-101264 /api/catalog status=401 dur_ms=30
2026-09-30T00:09:32.708Z INFO  req-101265 /api/cart status=200 dur_ms=99
2026-09-30T00:09:32.778Z INFO  req-101266 /api/orders status=200 dur_ms=112
2026-09-30T00:09:33.260Z INFO  req-101267 /api/catalog status=200 dur_ms=93
2026-09-30T00:09:33.926Z INFO  req-101268 /api/cart status=200 dur_ms=79
2026-09-30T00:09:34.072Z WARN  req-101269 fx rate cache miss for GBP, using fallback table
2026-09-30T00:09:34.072Z INFO  req-101269 /api/cart status=200 dur_ms=13
2026-09-30T00:09:34.789Z INFO  req-101270 /api/catalog status=200 dur_ms=2
2026-09-30T00:09:35.191Z INFO  req-101271 /api/catalog status=200 dur_ms=83
2026-09-30T00:09:35.948Z INFO  req-101272 /api/orders status=200 dur_ms=33
2026-09-30T00:09:36.045Z INFO  req-101273 /api/catalog status=200 dur_ms=104
2026-09-30T00:09:36.046Z ERROR req-101274 upstream timeout calling payments, retrying (1/3)
2026-09-30T00:09:36.046Z INFO  req-101274 /api/orders retry ok
2026-09-30T00:09:36.046Z INFO  req-101274 /api/orders status=200 dur_ms=1123
2026-09-30T00:09:36.293Z INFO  req-101275 /api/catalog status=200 dur_ms=101
2026-09-30T00:09:36.982Z WARN  req-101276 /api/login status=429 dur_ms=18
2026-09-30T00:09:37.025Z INFO  req-101277 /api/orders status=200 dur_ms=63
2026-09-30T00:09:37.801Z INFO  req-101278 /api/orders status=200 dur_ms=25
2026-09-30T00:09:37.948Z INFO  req-101279 /api/catalog status=200 dur_ms=80
2026-09-30T00:09:38.473Z INFO  req-101280 /api/login status=200 dur_ms=102
2026-09-30T00:09:38.864Z INFO  req-101281 /api/orders status=200 dur_ms=11
2026-09-30T00:09:39.736Z ERROR req-101282 upstream timeout calling payments, retrying (1/3)
2026-09-30T00:09:39.736Z INFO  req-101282 /api/orders retry ok
2026-09-30T00:09:39.736Z INFO  req-101282 /api/orders status=200 dur_ms=1329
2026-09-30T00:09:40.312Z INFO  req-101283 /api/login status=200 dur_ms=103
2026-09-30T00:09:41.131Z INFO  req-101284 /api/orders status=200 dur_ms=86
2026-09-30T00:09:41.690Z INFO  req-101285 /api/cart status=200 dur_ms=52
2026-09-30T00:09:42.377Z ERROR req-101286 upstream timeout calling payments, retrying (1/3)
2026-09-30T00:09:42.377Z INFO  req-101286 /api/catalog retry ok
2026-09-30T00:09:42.377Z INFO  req-101286 /api/catalog status=200 dur_ms=349
2026-09-30T00:09:42.569Z INFO  req-101287 /api/cart status=200 dur_ms=28
2026-09-30T00:09:42.695Z INFO  req-101288 /api/catalog status=200 dur_ms=87
2026-09-30T00:09:43.135Z INFO  req-101289 /api/login status=200 dur_ms=13
2026-09-30T00:09:43.695Z INFO  req-101290 /api/orders status=200 dur_ms=13
2026-09-30T00:09:44.443Z INFO  req-101291 /api/orders status=200 dur_ms=13
2026-09-30T00:09:44.820Z INFO  req-101292 /api/health status=200 dur_ms=99
2026-09-30T00:09:45.123Z INFO  req-101293 /api/login status=200 dur_ms=75
2026-09-30T00:09:45.466Z INFO  req-101294 /api/orders status=200 dur_ms=12
2026-09-30T00:09:45.543Z WARN  req-101295 /api/login status=401 dur_ms=35
2026-09-30T00:09:45.938Z INFO  req-101296 /api/cart status=200 dur_ms=120
2026-09-30T00:09:46.564Z INFO  req-101297 /api/catalog status=200 dur_ms=119
2026-09-30T00:09:47.341Z INFO  req-101298 /api/orders status=200 dur_ms=118
2026-09-30T00:09:47.364Z INFO  req-101299 /api/orders status=200 dur_ms=87
2026-09-30T00:09:48.062Z INFO  req-101300 /api/cart status=200 dur_ms=104
2026-09-30T00:09:48.962Z WARN  req-101301 /api/login status=404 dur_ms=30
2026-09-30T00:09:49.224Z INFO  req-101302 /api/health status=200 dur_ms=102
2026-09-30T00:09:49.532Z INFO  req-101303 /api/orders status=200 dur_ms=43
2026-09-30T00:09:49.924Z WARN  req-101304 /api/cart status=401 dur_ms=32
2026-09-30T00:09:50.705Z INFO  req-101305 /api/health status=200 dur_ms=37
2026-09-30T00:09:51.528Z INFO  req-101306 /api/cart status=200 dur_ms=70
2026-09-30T00:09:51.550Z INFO  req-101307 /api/login status=200 dur_ms=115
2026-09-30T00:09:51.916Z INFO  req-101308 /api/health status=200 dur_ms=2
2026-09-30T00:09:52.705Z INFO  req-101309 /api/catalog status=200 dur_ms=115
2026-09-30T00:09:53.056Z INFO  req-101310 /api/login status=200 dur_ms=22
2026-09-30T00:09:53.164Z ERROR req-101311 upstream timeout calling payments, retrying (1/3)
2026-09-30T00:09:53.164Z INFO  req-101311 /api/health retry ok
2026-09-30T00:09:53.164Z INFO  req-101311 /api/health status=200 dur_ms=1170
2026-09-30T00:09:53.807Z INFO  req-101312 /api/orders status=200 dur_ms=70
2026-09-30T00:09:53.932Z INFO  req-101313 /api/catalog status=200 dur_ms=29
2026-09-30T00:09:54.476Z WARN  req-101314 /api/login status=401 dur_ms=28
2026-09-30T00:09:55.008Z INFO  req-101315 /api/orders status=200 dur_ms=84
2026-09-30T00:09:55.226Z INFO  req-101316 /api/orders status=200 dur_ms=93
2026-09-30T00:09:55.493Z INFO  req-101317 /api/orders status=200 dur_ms=24
2026-09-30T00:09:56.119Z INFO  req-101318 /api/catalog status=200 dur_ms=90
2026-09-30T00:09:56.883Z INFO  req-101319 /api/cart status=200 dur_ms=33
2026-09-30T00:09:57.233Z INFO  req-101320 /api/orders status=200 dur_ms=13
2026-09-30T00:09:57.941Z INFO  req-101321 /api/health status=200 dur_ms=81
2026-09-30T00:09:58.613Z INFO  req-101322 /api/login status=200 dur_ms=20
2026-09-30T00:09:59.285Z WARN  req-101323 /api/orders status=429 dur_ms=21
2026-09-30T00:09:59.365Z WARN  req-101324 /api/orders status=400 dur_ms=6
2026-09-30T00:09:59.736Z WARN  req-101325 /api/login status=400 dur_ms=33
2026-09-30T00:10:00.400Z INFO  req-101326 /api/health status=200 dur_ms=119
2026-09-30T00:10:01.188Z INFO  req-101327 /api/orders status=200 dur_ms=34
2026-09-30T00:10:01.499Z INFO  req-101328 /api/catalog status=200 dur_ms=58
2026-09-30T00:10:02.245Z INFO  req-101329 /api/cart status=200 dur_ms=45
2026-09-30T00:10:02.576Z INFO  req-101330 /api/orders status=200 dur_ms=51
2026-09-30T00:10:03.425Z INFO  req-101331 /api/orders status=200 dur_ms=111
2026-09-30T00:10:03.639Z INFO  req-101332 /api/health status=200 dur_ms=37
2026-09-30T00:10:04.279Z ERROR req-101333 upstream timeout calling payments, retrying (1/3)
2026-09-30T00:10:04.279Z INFO  req-101333 /api/catalog retry ok
2026-09-30T00:10:04.279Z INFO  req-101333 /api/catalog status=200 dur_ms=448
2026-09-30T00:10:04.371Z INFO  req-101334 /api/login status=200 dur_ms=41
2026-09-30T00:10:05.049Z INFO  req-101335 /api/orders status=200 dur_ms=20
2026-09-30T00:10:05.542Z WARN  req-101336 /api/orders status=429 dur_ms=18
2026-09-30T00:10:06.210Z WARN  req-101337 /api/login status=401 dur_ms=5
2026-09-30T00:10:06.277Z INFO  req-101338 /api/health status=200 dur_ms=111
2026-09-30T00:10:06.411Z INFO  req-101339 /api/health status=200 dur_ms=48
2026-09-30T00:10:06.967Z INFO  req-101340 /api/catalog status=200 dur_ms=49
2026-09-30T00:10:07.774Z INFO  req-101341 /api/health status=200 dur_ms=48
2026-09-30T00:10:07.945Z INFO  req-101342 /api/orders status=200 dur_ms=113
2026-09-30T00:10:08.200Z INFO  req-101343 /api/catalog status=200 dur_ms=38
2026-09-30T00:10:08.980Z INFO  req-101344 /api/orders status=200 dur_ms=30
2026-09-30T00:10:09.645Z INFO  req-101345 /api/catalog status=200 dur_ms=99
2026-09-30T00:10:10.039Z INFO  req-101346 /api/catalog status=200 dur_ms=84
2026-09-30T00:10:10.523Z INFO  req-101347 /api/orders status=200 dur_ms=8
2026-09-30T00:10:10.625Z INFO  req-101348 /api/health status=200 dur_ms=32
2026-09-30T00:10:10.914Z ERROR req-101349 upstream timeout calling payments, retrying (1/3)
2026-09-30T00:10:10.914Z INFO  req-101349 /api/cart retry ok
2026-09-30T00:10:10.914Z INFO  req-101349 /api/cart status=200 dur_ms=1298
2026-09-30T00:10:11.033Z WARN  req-101350 fx rate cache miss for GBP, using fallback table
2026-09-30T00:10:11.033Z INFO  req-101350 /api/login status=200 dur_ms=16
2026-09-30T00:10:11.448Z WARN  req-101351 fx rate cache miss for USD, using fallback table
2026-09-30T00:10:11.448Z INFO  req-101351 /api/cart status=200 dur_ms=34
2026-09-30T00:10:11.885Z INFO  req-101352 /api/orders status=200 dur_ms=26
2026-09-30T00:10:11.955Z INFO  req-101353 /api/cart status=200 dur_ms=62
2026-09-30T00:10:12.200Z INFO  req-101354 /api/login status=200 dur_ms=9
2026-09-30T00:10:12.274Z INFO  req-101355 /api/cart status=200 dur_ms=97
2026-09-30T00:10:12.496Z INFO  req-101356 /api/cart status=200 dur_ms=16
2026-09-30T00:10:12.558Z INFO  req-101357 /api/login status=200 dur_ms=9
2026-09-30T00:10:12.804Z INFO  req-101358 /api/login status=200 dur_ms=112
2026-09-30T00:10:13.128Z INFO  req-101359 /api/orders status=200 dur_ms=63
2026-09-30T00:10:13.400Z INFO  req-101360 /api/cart status=200 dur_ms=102
2026-09-30T00:10:14.149Z INFO  req-101361 /api/cart status=200 dur_ms=82
2026-09-30T00:10:14.475Z WARN  req-101362 /api/health status=404 dur_ms=6
2026-09-30T00:10:14.598Z INFO  req-101363 /api/cart status=200 dur_ms=63
2026-09-30T00:10:14.862Z INFO  req-101364 /api/orders status=200 dur_ms=82
2026-09-30T00:10:15.531Z INFO  req-101365 /api/orders status=200 dur_ms=84
2026-09-30T00:10:16.013Z INFO  req-101366 /api/orders status=200 dur_ms=70
2026-09-30T00:10:16.677Z INFO  req-101367 /api/cart status=200 dur_ms=87
2026-09-30T00:10:17.297Z INFO  req-101368 /api/health status=200 dur_ms=20
2026-09-30T00:10:17.694Z INFO  req-101369 /api/health status=200 dur_ms=96
2026-09-30T00:10:17.737Z INFO  req-101370 /api/health status=200 dur_ms=86
2026-09-30T00:10:18.404Z INFO  req-101371 /api/catalog status=200 dur_ms=4
2026-09-30T00:10:19.017Z INFO  req-101372 /api/orders status=200 dur_ms=59
2026-09-30T00:10:19.240Z INFO  req-101373 /api/health status=200 dur_ms=58
2026-09-30T00:10:19.384Z INFO  req-101374 /api/health status=200 dur_ms=97
2026-09-30T00:10:19.706Z INFO  req-101375 /api/orders status=200 dur_ms=53
2026-09-30T00:10:19.732Z INFO  req-101376 /api/orders status=200 dur_ms=48
2026-09-30T00:10:20.228Z INFO  req-101377 /api/cart status=200 dur_ms=49
2026-09-30T00:10:20.752Z INFO  req-101378 /api/cart status=200 dur_ms=88
2026-09-30T00:10:20.970Z INFO  req-101379 /api/catalog status=200 dur_ms=26
2026-09-30T00:10:21.824Z INFO  req-101380 /api/health status=200 dur_ms=102
2026-09-30T00:10:22.292Z INFO  req-101381 /api/health status=200 dur_ms=6
2026-09-30T00:10:22.709Z INFO  req-101382 /api/cart status=200 dur_ms=87
2026-09-30T00:10:23.435Z ERROR req-101383 upstream timeout calling payments, retrying (1/3)
2026-09-30T00:10:23.435Z INFO  req-101383 /api/health retry ok
2026-09-30T00:10:23.435Z INFO  req-101383 /api/health status=200 dur_ms=1877
2026-09-30T00:10:23.601Z INFO  req-101384 /api/orders status=200 dur_ms=21
2026-09-30T00:10:24.224Z INFO  req-101385 /api/login status=200 dur_ms=60
2026-09-30T00:10:24.711Z INFO  req-101386 /api/cart status=200 dur_ms=19
2026-09-30T00:10:24.979Z INFO  req-101387 /api/orders status=200 dur_ms=37
2026-09-30T00:10:25.406Z INFO  req-101388 /api/catalog status=200 dur_ms=68
2026-09-30T00:10:25.545Z INFO  req-101389 /api/orders status=200 dur_ms=23
2026-09-30T00:10:25.785Z INFO  req-101390 /api/orders status=200 dur_ms=76
2026-09-30T00:10:26.625Z INFO  req-101391 /api/cart status=200 dur_ms=34
2026-09-30T00:10:27.209Z INFO  req-101392 /api/catalog status=200 dur_ms=97
2026-09-30T00:10:27.485Z INFO  req-101393 /api/cart status=200 dur_ms=14
2026-09-30T00:10:27.538Z INFO  req-101394 /api/orders status=200 dur_ms=4
2026-09-30T00:10:27.835Z WARN  req-101395 /api/catalog status=401 dur_ms=28
2026-09-30T00:10:27.911Z INFO  req-101396 /api/health status=200 dur_ms=105
2026-09-30T00:10:28.591Z INFO  req-101397 /api/login status=200 dur_ms=76
2026-09-30T00:10:28.711Z INFO  req-101398 /api/cart status=200 dur_ms=86
2026-09-30T00:10:29.255Z INFO  req-101399 /api/health status=200 dur_ms=117
2026-09-30T00:10:29.790Z INFO  req-101400 /api/catalog status=200 dur_ms=57
2026-09-30T00:10:29.868Z INFO  req-101401 /api/health status=200 dur_ms=75
2026-09-30T00:10:30.260Z INFO  req-101402 /api/health status=200 dur_ms=84
2026-09-30T00:10:30.503Z INFO  req-101403 /api/login status=200 dur_ms=34
2026-09-30T00:10:31.197Z INFO  req-101404 /api/orders status=200 dur_ms=81
2026-09-30T00:10:31.896Z INFO  req-101405 /api/health status=200 dur_ms=104
2026-09-30T00:10:31.906Z INFO  req-101406 /api/health status=200 dur_ms=88
2026-09-30T00:10:32.686Z INFO  req-101407 /api/catalog status=200 dur_ms=61
2026-09-30T00:10:33.019Z INFO  req-101408 /api/catalog status=200 dur_ms=57
2026-09-30T00:10:33.111Z INFO  req-101409 /api/catalog status=200 dur_ms=71
2026-09-30T00:10:33.530Z INFO  req-101410 /api/catalog status=200 dur_ms=117
2026-09-30T00:10:34.296Z INFO  req-101411 /api/health status=200 dur_ms=50
2026-09-30T00:10:34.976Z INFO  req-101412 /api/health status=200 dur_ms=18
2026-09-30T00:10:35.204Z INFO  req-101413 /api/health status=200 dur_ms=16
2026-09-30T00:10:35.241Z INFO  req-101414 /api/cart status=200 dur_ms=80
2026-09-30T00:10:35.672Z INFO  req-101415 /api/cart status=200 dur_ms=76
2026-09-30T00:10:36.138Z INFO  req-101416 /api/login status=200 dur_ms=71
2026-09-30T00:10:36.503Z INFO  req-101417 /api/cart status=200 dur_ms=42
2026-09-30T00:10:36.683Z INFO  req-101418 /api/orders status=200 dur_ms=88
2026-09-30T00:10:37.376Z INFO  req-101419 /api/cart status=200 dur_ms=49
2026-09-30T00:10:37.496Z INFO  req-101420 /api/health status=200 dur_ms=108
2026-09-30T00:10:38.060Z INFO  req-101421 /api/catalog status=200 dur_ms=92
2026-09-30T00:10:38.667Z INFO  req-101422 /api/catalog status=200 dur_ms=49
2026-09-30T00:10:39.452Z INFO  req-101423 /api/health status=200 dur_ms=22
2026-09-30T00:10:40.294Z WARN  req-101424 /api/cart status=400 dur_ms=14
2026-09-30T00:10:40.310Z INFO  req-101425 /api/cart status=200 dur_ms=94
2026-09-30T00:10:40.885Z INFO  req-101426 /api/orders status=200 dur_ms=104
2026-09-30T00:10:40.890Z INFO  req-101427 /api/orders status=200 dur_ms=91
2026-09-30T00:10:41.145Z ERROR req-101428 upstream timeout calling payments, retrying (1/3)
2026-09-30T00:10:41.145Z INFO  req-101428 /api/catalog retry ok
2026-09-30T00:10:41.145Z INFO  req-101428 /api/catalog status=200 dur_ms=657
2026-09-30T00:10:41.417Z INFO  req-101429 /api/catalog status=200 dur_ms=4
2026-09-30T00:10:41.442Z WARN  req-101430 fx rate cache miss for USD, using fallback table
2026-09-30T00:10:41.442Z INFO  req-101430 /api/orders status=200 dur_ms=24
2026-09-30T00:10:41.924Z INFO  req-101431 /api/login status=200 dur_ms=46
2026-09-30T00:10:42.252Z INFO  req-101432 /api/cart status=200 dur_ms=113
2026-09-30T00:10:42.517Z INFO  req-101433 /api/orders status=200 dur_ms=35
2026-09-30T00:10:42.684Z INFO  req-101434 /api/orders status=200 dur_ms=81
2026-09-30T00:10:42.738Z INFO  req-101435 /api/health status=200 dur_ms=18
2026-09-30T00:10:43.549Z INFO  req-101436 /api/health status=200 dur_ms=45
2026-09-30T00:10:44.063Z INFO  req-101437 /api/catalog status=200 dur_ms=79
2026-09-30T00:10:44.637Z INFO  req-101438 /api/catalog status=200 dur_ms=109
2026-09-30T00:10:45.347Z INFO  req-101439 /api/health status=200 dur_ms=93
2026-09-30T00:10:45.365Z INFO  req-101440 /api/orders status=200 dur_ms=104
2026-09-30T00:10:45.849Z WARN  req-101441 /api/login status=401 dur_ms=14
2026-09-30T00:10:46.662Z INFO  req-101442 /api/cart status=200 dur_ms=103
2026-09-30T00:10:47.497Z INFO  req-101443 /api/orders status=200 dur_ms=107
2026-09-30T00:10:48.177Z INFO  req-101444 /api/cart status=200 dur_ms=19
2026-09-30T00:10:48.191Z INFO  req-101445 /api/login status=200 dur_ms=29
2026-09-30T00:10:48.302Z INFO  req-101446 /api/cart status=200 dur_ms=32
2026-09-30T00:10:49.071Z INFO  req-101447 /api/cart status=200 dur_ms=68
2026-09-30T00:10:49.617Z INFO  req-101448 /api/orders status=200 dur_ms=5
2026-09-30T00:10:49.852Z INFO  req-101449 /api/catalog status=200 dur_ms=67
2026-09-30T00:10:50.150Z INFO  req-101450 /api/cart status=200 dur_ms=80
2026-09-30T00:10:50.347Z INFO  req-101451 /api/catalog status=200 dur_ms=41
2026-09-30T00:10:51.026Z INFO  req-101452 /api/catalog status=200 dur_ms=22
2026-09-30T00:10:51.090Z INFO  req-101453 /api/health status=200 dur_ms=107
2026-09-30T00:10:51.811Z INFO  req-101454 /api/health status=200 dur_ms=52
2026-09-30T00:10:52.135Z INFO  req-101455 /api/health status=200 dur_ms=9
2026-09-30T00:10:52.929Z INFO  req-101456 /api/orders status=200 dur_ms=39
2026-09-30T00:10:52.980Z INFO  req-101457 /api/catalog status=200 dur_ms=21
2026-09-30T00:10:53.160Z INFO  req-101458 /api/catalog status=200 dur_ms=61
2026-09-30T00:10:53.191Z INFO  req-101459 /api/orders status=200 dur_ms=102
2026-09-30T00:10:53.710Z INFO  req-101460 /api/health status=200 dur_ms=89
2026-09-30T00:10:54.444Z INFO  req-101461 /api/health status=200 dur_ms=101
2026-09-30T00:10:54.521Z WARN  req-101462 fx rate cache miss for GBP, using fallback table
2026-09-30T00:10:54.521Z INFO  req-101462 /api/orders status=200 dur_ms=60
2026-09-30T00:10:55.017Z WARN  req-101463 /api/login status=401 dur_ms=30
2026-09-30T00:10:55.343Z INFO  req-101464 /api/cart status=200 dur_ms=100
2026-09-30T00:10:56.066Z INFO  req-101465 /api/cart status=200 dur_ms=101
2026-09-30T00:10:56.809Z INFO  req-101466 /api/login status=200 dur_ms=8
2026-09-30T00:10:56.917Z INFO  req-101467 /api/orders status=200 dur_ms=83
2026-09-30T00:10:57.203Z INFO  req-101468 /api/login status=200 dur_ms=18
2026-09-30T00:10:57.268Z INFO  req-101469 /api/login status=200 dur_ms=6
2026-09-30T00:10:57.576Z INFO  req-101470 /api/health status=200 dur_ms=57
2026-09-30T00:10:58.109Z WARN  req-101471 /api/cart status=400 dur_ms=5
2026-09-30T00:10:58.142Z INFO  req-101472 /api/catalog status=200 dur_ms=69
2026-09-30T00:10:58.252Z INFO  req-101473 /api/health status=200 dur_ms=22
2026-09-30T00:10:59.091Z INFO  req-101474 /api/cart status=200 dur_ms=23
2026-09-30T00:10:59.337Z INFO  req-101475 /api/cart status=200 dur_ms=92
2026-09-30T00:10:59.684Z INFO  req-101476 /api/catalog status=200 dur_ms=60
2026-09-30T00:11:00.250Z WARN  req-101477 fx rate cache miss for GBP, using fallback table
2026-09-30T00:11:00.250Z INFO  req-101477 /api/health status=200 dur_ms=65
2026-09-30T00:11:00.482Z INFO  req-101478 /api/login status=200 dur_ms=105
2026-09-30T00:11:00.778Z INFO  req-101479 /api/cart status=200 dur_ms=93
2026-09-30T00:11:00.985Z INFO  req-101480 /api/catalog status=200 dur_ms=97
2026-09-30T00:11:01.184Z INFO  req-101481 /api/cart status=200 dur_ms=15
2026-09-30T00:11:02.073Z INFO  req-101482 /api/health status=200 dur_ms=104
2026-09-30T00:11:02.327Z ERROR req-101483 upstream timeout calling payments, retrying (1/3)
2026-09-30T00:11:02.327Z INFO  req-101483 /api/login retry ok
2026-09-30T00:11:02.327Z INFO  req-101483 /api/login status=200 dur_ms=1260
2026-09-30T00:11:03.161Z INFO  req-101484 /api/catalog status=200 dur_ms=111
2026-09-30T00:11:03.792Z INFO  req-101485 /api/catalog status=200 dur_ms=95
2026-09-30T00:11:04.555Z INFO  req-101486 /api/catalog status=200 dur_ms=86
2026-09-30T00:11:04.984Z WARN  req-101487 /api/orders status=401 dur_ms=38
2026-09-30T00:11:05.337Z ERROR req-101488 upstream timeout calling payments, retrying (1/3)
2026-09-30T00:11:05.337Z INFO  req-101488 /api/health retry ok
2026-09-30T00:11:05.337Z INFO  req-101488 /api/health status=200 dur_ms=1542
2026-09-30T00:11:05.378Z INFO  req-101489 /api/health status=200 dur_ms=31
2026-09-30T00:11:06.247Z INFO  req-101490 /api/health status=200 dur_ms=48
2026-09-30T00:11:06.556Z INFO  req-101491 /api/health status=200 dur_ms=52
2026-09-30T00:11:06.944Z INFO  req-101492 /api/catalog status=200 dur_ms=3
2026-09-30T00:11:07.637Z INFO  req-101493 /api/login status=200 dur_ms=98
2026-09-30T00:11:07.888Z INFO  req-101494 /api/orders status=200 dur_ms=115
2026-09-30T00:11:08.634Z INFO  req-101495 /api/catalog status=200 dur_ms=106
2026-09-30T00:11:08.949Z INFO  req-101496 /api/health status=200 dur_ms=50
2026-09-30T00:11:09.397Z INFO  req-101497 /api/catalog status=200 dur_ms=32
2026-09-30T00:11:09.950Z INFO  req-101498 /api/orders status=200 dur_ms=46
2026-09-30T00:11:10.815Z INFO  req-101499 /api/health status=200 dur_ms=114
2026-09-30T00:11:11.608Z INFO  req-101500 /api/login status=200 dur_ms=85
2026-09-30T00:11:11.658Z INFO  req-101501 /api/login status=200 dur_ms=60
2026-09-30T00:11:12.006Z INFO  req-101502 /api/cart status=200 dur_ms=102
2026-09-30T00:11:12.773Z INFO  req-101503 /api/catalog status=200 dur_ms=95
2026-09-30T00:11:13.122Z INFO  req-101504 /api/orders status=200 dur_ms=14
2026-09-30T00:11:13.244Z INFO  req-101505 /api/orders status=200 dur_ms=117
2026-09-30T00:11:14.060Z ERROR req-101506 upstream timeout calling payments, retrying (1/3)
2026-09-30T00:11:14.060Z INFO  req-101506 /api/health retry ok
2026-09-30T00:11:14.060Z INFO  req-101506 /api/health status=200 dur_ms=444
2026-09-30T00:11:14.690Z WARN  req-101507 /api/orders status=401 dur_ms=31
2026-09-30T00:11:15.346Z INFO  req-101508 /api/cart status=200 dur_ms=50
2026-09-30T00:11:15.664Z INFO  req-101509 /api/login status=200 dur_ms=62
2026-09-30T00:11:15.991Z INFO  req-101510 /api/health status=200 dur_ms=96
2026-09-30T00:11:16.886Z INFO  req-101511 /api/orders status=200 dur_ms=78
2026-09-30T00:11:17.488Z INFO  req-101512 /api/login status=200 dur_ms=10
2026-09-30T00:11:17.984Z INFO  req-101513 /api/orders status=200 dur_ms=114
2026-09-30T00:11:18.666Z INFO  req-101514 /api/catalog status=200 dur_ms=48
2026-09-30T00:11:19.222Z INFO  req-101515 /api/orders status=200 dur_ms=85
2026-09-30T00:11:19.805Z ERROR req-101516 upstream timeout calling payments, retrying (1/3)
2026-09-30T00:11:19.805Z INFO  req-101516 /api/login retry ok
2026-09-30T00:11:19.805Z INFO  req-101516 /api/login status=200 dur_ms=1465
2026-09-30T00:11:20.248Z ERROR req-101517 upstream timeout calling payments, retrying (1/3)
2026-09-30T00:11:20.248Z INFO  req-101517 /api/catalog retry ok
2026-09-30T00:11:20.248Z INFO  req-101517 /api/catalog status=200 dur_ms=1179
2026-09-30T00:11:20.343Z INFO  req-101518 /api/health status=200 dur_ms=107
2026-09-30T00:11:20.871Z INFO  req-101519 /api/health status=200 dur_ms=14
2026-09-30T00:11:21.099Z INFO  req-101520 /api/login status=200 dur_ms=104
2026-09-30T00:11:21.159Z INFO  req-101521 /api/cart status=200 dur_ms=22
2026-09-30T00:11:21.549Z INFO  req-101522 /api/orders status=200 dur_ms=55
2026-09-30T00:11:21.756Z INFO  req-101523 /api/health status=200 dur_ms=67
2026-09-30T00:11:22.506Z INFO  req-101524 /api/cart status=200 dur_ms=71
2026-09-30T00:11:23.277Z INFO  req-101525 /api/catalog status=200 dur_ms=79
2026-09-30T00:11:23.665Z INFO  req-101526 /api/login status=200 dur_ms=117
2026-09-30T00:11:24.480Z INFO  req-101527 /api/orders status=200 dur_ms=118
2026-09-30T00:11:25.145Z INFO  req-101528 /api/orders status=200 dur_ms=113
2026-09-30T00:11:25.728Z INFO  req-101529 /api/orders status=200 dur_ms=28
2026-09-30T00:11:26.246Z ERROR req-101530 upstream timeout calling payments, retrying (1/3)
2026-09-30T00:11:26.246Z INFO  req-101530 /api/login retry ok
2026-09-30T00:11:26.246Z INFO  req-101530 /api/login status=200 dur_ms=1763
2026-09-30T00:11:26.976Z INFO  req-101531 /api/login status=200 dur_ms=61
2026-09-30T00:11:27.135Z INFO  req-101532 /api/catalog status=200 dur_ms=21
2026-09-30T00:11:27.782Z INFO  req-101533 /api/orders status=200 dur_ms=56
2026-09-30T00:11:27.922Z INFO  req-101534 /api/health status=200 dur_ms=79
2026-09-30T00:11:28.205Z INFO  req-101535 /api/catalog status=200 dur_ms=67
2026-09-30T00:11:28.849Z INFO  req-101536 /api/orders status=200 dur_ms=101
2026-09-30T00:11:28.855Z INFO  req-101537 /api/catalog status=200 dur_ms=97
2026-09-30T00:11:29.657Z INFO  req-101538 /api/health status=200 dur_ms=31
2026-09-30T00:11:30.187Z INFO  req-101539 /api/catalog status=200 dur_ms=79
2026-09-30T00:11:30.367Z INFO  req-101540 /api/catalog status=200 dur_ms=76
2026-09-30T00:11:31.106Z INFO  req-101541 /api/cart status=200 dur_ms=93
2026-09-30T00:11:31.715Z INFO  req-101542 /api/health status=200 dur_ms=109
2026-09-30T00:11:32.574Z INFO  req-101543 /api/login status=200 dur_ms=8
2026-09-30T00:11:33.075Z INFO  req-101544 /api/cart status=200 dur_ms=113
2026-09-30T00:11:33.164Z INFO  req-101545 /api/login status=200 dur_ms=88
2026-09-30T00:11:33.590Z INFO  req-101546 /api/cart status=200 dur_ms=23
2026-09-30T00:11:34.245Z INFO  req-101547 /api/login status=200 dur_ms=45
2026-09-30T00:11:34.664Z INFO  req-101548 /api/catalog status=200 dur_ms=27
2026-09-30T00:11:34.898Z INFO  req-101549 /api/cart status=200 dur_ms=47
2026-09-30T00:11:35.532Z INFO  req-101550 /api/health status=200 dur_ms=22
2026-09-30T00:11:36.183Z INFO  req-101551 /api/orders status=200 dur_ms=20
2026-09-30T00:11:36.381Z INFO  req-101552 /api/orders status=200 dur_ms=66
2026-09-30T00:11:36.685Z INFO  req-101553 /api/cart status=200 dur_ms=109
2026-09-30T00:11:37.136Z INFO  req-101554 /api/login status=200 dur_ms=64
2026-09-30T00:11:37.621Z INFO  req-101555 /api/cart status=200 dur_ms=68
2026-09-30T00:11:37.824Z INFO  req-101556 /api/login status=200 dur_ms=20
2026-09-30T00:11:38.337Z INFO  req-101557 /api/orders status=200 dur_ms=47
2026-09-30T00:11:39.056Z INFO  req-101558 /api/orders status=200 dur_ms=53
2026-09-30T00:11:39.159Z INFO  req-101559 /api/cart status=200 dur_ms=44
2026-09-30T00:11:39.520Z INFO  req-101560 /api/cart status=200 dur_ms=84
2026-09-30T00:11:39.676Z INFO  req-101561 /api/login status=200 dur_ms=72
2026-09-30T00:11:39.683Z WARN  req-101562 /api/cart status=404 dur_ms=34
2026-09-30T00:11:40.329Z INFO  req-101563 /api/cart status=200 dur_ms=57
2026-09-30T00:11:40.964Z INFO  req-101564 /api/login status=200 dur_ms=85
2026-09-30T00:11:41.643Z INFO  req-101565 /api/orders status=200 dur_ms=89
2026-09-30T00:11:41.792Z INFO  req-101566 /api/cart status=200 dur_ms=103
2026-09-30T00:11:42.127Z INFO  req-101567 /api/catalog status=200 dur_ms=45
2026-09-30T00:11:42.948Z INFO  req-101568 /api/login status=200 dur_ms=72
2026-09-30T00:11:43.361Z INFO  req-101569 /api/health status=200 dur_ms=16
2026-09-30T00:11:43.501Z INFO  req-101570 /api/orders status=200 dur_ms=80
2026-09-30T00:11:43.832Z INFO  req-101571 /api/cart status=200 dur_ms=65
2026-09-30T00:11:44.114Z INFO  req-101572 /api/orders status=200 dur_ms=46
2026-09-30T00:11:44.677Z INFO  req-101573 /api/health status=200 dur_ms=83
2026-09-30T00:11:45.166Z WARN  req-101574 fx rate cache miss for GBP, using fallback table
2026-09-30T00:11:45.166Z INFO  req-101574 /api/health status=200 dur_ms=83
2026-09-30T00:11:45.790Z INFO  req-101575 /api/health status=200 dur_ms=4
2026-09-30T00:11:46.170Z INFO  req-101576 /api/orders status=200 dur_ms=48
2026-09-30T00:11:47.000Z INFO  req-101577 /api/login status=200 dur_ms=3
2026-09-30T00:11:47.283Z INFO  req-101578 /api/health status=200 dur_ms=107
2026-09-30T00:11:47.790Z INFO  req-101579 /api/cart status=200 dur_ms=4
2026-09-30T00:11:47.868Z INFO  req-101580 /api/orders status=200 dur_ms=96
2026-09-30T00:11:48.693Z INFO  req-101581 /api/health status=200 dur_ms=31
2026-09-30T00:11:48.918Z WARN  req-101582 /api/health status=400 dur_ms=8
2026-09-30T00:11:49.066Z INFO  req-101583 /api/orders status=200 dur_ms=100
2026-09-30T00:11:49.219Z INFO  req-101584 /api/catalog status=200 dur_ms=7
2026-09-30T00:11:49.986Z INFO  req-101585 /api/cart status=200 dur_ms=56
2026-09-30T00:11:50.082Z INFO  req-101586 /api/catalog status=200 dur_ms=78
2026-09-30T00:11:50.212Z INFO  req-101587 /api/orders status=200 dur_ms=12
2026-09-30T00:11:50.270Z INFO  req-101588 /api/orders status=200 dur_ms=4
2026-09-30T00:11:50.606Z INFO  req-101589 /api/catalog status=200 dur_ms=16
2026-09-30T00:11:51.081Z INFO  req-101590 /api/catalog status=200 dur_ms=27
2026-09-30T00:11:51.705Z INFO  req-101591 /api/catalog status=200 dur_ms=48
2026-09-30T00:11:51.829Z INFO  req-101592 /api/cart status=200 dur_ms=43
2026-09-30T00:11:52.230Z INFO  req-101593 /api/cart status=200 dur_ms=31
2026-09-30T00:11:52.725Z INFO  req-101594 /api/catalog status=200 dur_ms=23
2026-09-30T00:11:52.910Z INFO  req-101595 /api/health status=200 dur_ms=82
2026-09-30T00:11:53.665Z INFO  req-101596 /api/cart status=200 dur_ms=69
2026-09-30T00:11:54.303Z INFO  req-101597 /api/orders status=200 dur_ms=102
2026-09-30T00:11:54.754Z INFO  req-101598 /api/login status=200 dur_ms=3
2026-09-30T00:11:55.217Z INFO  req-101599 /api/orders status=200 dur_ms=78
2026-09-30T00:11:55.866Z INFO  req-101600 /api/cart status=200 dur_ms=67
2026-09-30T00:11:56.018Z INFO  req-101601 /api/login status=200 dur_ms=68
2026-09-30T00:11:56.164Z INFO  req-101602 /api/cart status=200 dur_ms=22
2026-09-30T00:11:56.872Z INFO  req-101603 /api/login status=200 dur_ms=104
2026-09-30T00:11:57.677Z INFO  req-101604 /api/orders status=200 dur_ms=110
2026-09-30T00:11:58.495Z INFO  req-101605 /api/catalog status=200 dur_ms=74
2026-09-30T00:11:58.885Z INFO  req-101606 /api/cart status=200 dur_ms=44
2026-09-30T00:11:59.377Z INFO  req-101607 /api/login status=200 dur_ms=22
2026-09-30T00:11:59.701Z INFO  req-101608 /api/catalog status=200 dur_ms=36
2026-09-30T00:11:59.918Z INFO  req-101609 /api/login status=200 dur_ms=107
2026-09-30T00:11:59.923Z INFO  req-101610 /api/health status=200 dur_ms=42
2026-09-30T00:12:00.581Z INFO  req-101611 /api/health status=200 dur_ms=104
2026-09-30T00:12:01.207Z INFO  req-101612 /api/login status=200 dur_ms=111
2026-09-30T00:12:01.767Z INFO  req-101613 /api/health status=200 dur_ms=111
2026-09-30T00:12:01.852Z INFO  req-101614 /api/orders status=200 dur_ms=21
2026-09-30T00:12:02.291Z INFO  req-101615 /api/login status=200 dur_ms=55
2026-09-30T00:12:02.593Z INFO  req-101616 /api/cart status=200 dur_ms=92
2026-09-30T00:12:02.598Z WARN  req-101617 /api/catalog status=400 dur_ms=26
2026-09-30T00:12:02.882Z INFO  req-101618 /api/login status=200 dur_ms=113
2026-09-30T00:12:03.328Z INFO  req-101619 /api/health status=200 dur_ms=12
2026-09-30T00:12:04.076Z INFO  req-101620 /api/health status=200 dur_ms=14
2026-09-30T00:12:04.113Z INFO  req-101621 /api/health status=200 dur_ms=29
2026-09-30T00:12:04.180Z INFO  req-101622 /api/health status=200 dur_ms=102
2026-09-30T00:12:04.560Z INFO  req-101623 /api/login status=200 dur_ms=66
2026-09-30T00:12:05.100Z INFO  req-101624 /api/login status=200 dur_ms=90
2026-09-30T00:12:05.928Z INFO  req-101625 /api/health status=200 dur_ms=60
2026-09-30T00:12:06.587Z INFO  req-101626 /api/cart status=200 dur_ms=89
2026-09-30T00:12:07.302Z INFO  req-101627 /api/orders status=200 dur_ms=7
2026-09-30T00:12:08.070Z INFO  req-101628 /api/health status=200 dur_ms=8
2026-09-30T00:12:08.687Z INFO  req-101629 /api/login status=200 dur_ms=96
2026-09-30T00:12:09.446Z INFO  req-101630 /api/health status=200 dur_ms=83
2026-09-30T00:12:10.318Z INFO  req-101631 /api/catalog status=200 dur_ms=35
2026-09-30T00:12:11.153Z INFO  req-101632 /api/cart status=200 dur_ms=63
2026-09-30T00:12:11.180Z WARN  req-101633 /api/orders status=401 dur_ms=31
2026-09-30T00:12:11.796Z INFO  req-101634 /api/orders status=200 dur_ms=95
2026-09-30T00:12:12.094Z INFO  req-101635 /api/login status=200 dur_ms=25
2026-09-30T00:12:12.234Z INFO  req-101636 /api/orders status=200 dur_ms=84
2026-09-30T00:12:12.425Z INFO  req-101637 /api/health status=200 dur_ms=45
2026-09-30T00:12:12.594Z INFO  req-101638 /api/catalog status=200 dur_ms=62
2026-09-30T00:12:13.473Z INFO  req-101639 /api/health status=200 dur_ms=35
2026-09-30T00:12:13.536Z INFO  req-101640 /api/login status=200 dur_ms=40
2026-09-30T00:12:14.326Z WARN  req-101641 /api/cart status=429 dur_ms=15
2026-09-30T00:12:14.427Z INFO  req-101642 /api/cart status=200 dur_ms=105
2026-09-30T00:12:14.748Z INFO  req-101643 /api/cart status=200 dur_ms=31
2026-09-30T00:12:15.417Z INFO  req-101644 /api/login status=200 dur_ms=27
2026-09-30T00:12:15.683Z INFO  req-101645 /api/orders status=200 dur_ms=72
2026-09-30T00:12:16.009Z INFO  req-101646 /api/catalog status=200 dur_ms=119
2026-09-30T00:12:16.150Z INFO  req-101647 /api/cart status=200 dur_ms=65
2026-09-30T00:12:16.425Z INFO  req-101648 /api/orders status=200 dur_ms=72
2026-09-30T00:12:16.935Z INFO  req-101649 /api/login status=200 dur_ms=44
2026-09-30T00:12:17.102Z INFO  req-101650 /api/orders status=200 dur_ms=49
2026-09-30T00:12:17.491Z INFO  req-101651 /api/catalog status=200 dur_ms=65
2026-09-30T00:12:18.088Z INFO  req-101652 /api/health status=200 dur_ms=51
2026-09-30T00:12:18.680Z INFO  req-101653 /api/health status=200 dur_ms=100
2026-09-30T00:12:18.710Z INFO  req-101654 /api/cart status=200 dur_ms=17
2026-09-30T00:12:19.002Z INFO  req-101655 /api/health status=200 dur_ms=74
2026-09-30T00:12:19.799Z INFO  req-101656 /api/health status=200 dur_ms=63
2026-09-30T00:12:20.449Z INFO  req-101657 /api/catalog status=200 dur_ms=48
2026-09-30T00:12:20.642Z INFO  req-101658 /api/health status=200 dur_ms=39
2026-09-30T00:12:21.369Z INFO  req-101659 /api/login status=200 dur_ms=10
2026-09-30T00:12:21.800Z ERROR req-101660 upstream timeout calling payments, retrying (1/3)
2026-09-30T00:12:21.800Z INFO  req-101660 /api/login retry ok
2026-09-30T00:12:21.800Z INFO  req-101660 /api/login status=200 dur_ms=445
2026-09-30T00:12:22.011Z INFO  req-101661 /api/orders status=200 dur_ms=98
2026-09-30T00:12:22.868Z INFO  req-101662 /api/orders status=200 dur_ms=89
2026-09-30T00:12:23.162Z INFO  req-101663 /api/catalog status=200 dur_ms=88
2026-09-30T00:12:23.757Z INFO  req-101664 /api/orders status=200 dur_ms=36
2026-09-30T00:12:23.808Z INFO  req-101665 /api/orders status=200 dur_ms=37
2026-09-30T00:12:24.129Z INFO  req-101666 /api/orders status=200 dur_ms=67
2026-09-30T00:12:24.555Z INFO  req-101667 /api/login status=200 dur_ms=70
2026-09-30T00:12:25.400Z INFO  req-101668 /api/login status=200 dur_ms=27
2026-09-30T00:12:25.584Z INFO  req-101669 /api/catalog status=200 dur_ms=15
2026-09-30T00:12:25.800Z INFO  req-101670 /api/health status=200 dur_ms=76
2026-09-30T00:12:26.558Z INFO  req-101671 /api/health status=200 dur_ms=88
2026-09-30T00:12:26.952Z INFO  req-101672 /api/orders status=200 dur_ms=10
2026-09-30T00:12:27.563Z INFO  req-101673 /api/cart status=200 dur_ms=16
2026-09-30T00:12:28.413Z INFO  req-101674 /api/health status=200 dur_ms=67
2026-09-30T00:12:28.565Z INFO  req-101675 /api/orders status=200 dur_ms=5
2026-09-30T00:12:28.621Z INFO  req-101676 /api/login status=200 dur_ms=70
2026-09-30T00:12:29.291Z INFO  req-101677 /api/health status=200 dur_ms=94
2026-09-30T00:12:29.666Z INFO  req-101678 /api/health status=200 dur_ms=119
2026-09-30T00:12:30.045Z INFO  req-101679 /api/catalog status=200 dur_ms=22
2026-09-30T00:12:30.207Z INFO  req-101680 /api/orders status=200 dur_ms=77
2026-09-30T00:12:31.023Z INFO  req-101681 /api/catalog status=200 dur_ms=41
2026-09-30T00:12:31.538Z INFO  req-101682 /api/orders status=200 dur_ms=73
2026-09-30T00:12:32.047Z INFO  req-101683 /api/login status=200 dur_ms=98
2026-09-30T00:12:32.063Z INFO  req-101684 /api/catalog status=200 dur_ms=56
2026-09-30T00:12:32.207Z INFO  req-101685 /api/orders status=200 dur_ms=32
2026-09-30T00:12:33.051Z INFO  req-101686 /api/orders status=200 dur_ms=108
2026-09-30T00:12:33.540Z INFO  req-101687 /api/cart status=200 dur_ms=44
2026-09-30T00:12:34.028Z INFO  req-101688 /api/catalog status=200 dur_ms=87
2026-09-30T00:12:34.883Z WARN  req-101689 /api/login status=401 dur_ms=4
2026-09-30T00:12:35.502Z INFO  req-101690 /api/catalog status=200 dur_ms=10
2026-09-30T00:12:35.769Z WARN  req-101691 /api/health status=400 dur_ms=23
2026-09-30T00:12:36.434Z WARN  req-101692 /api/health status=400 dur_ms=34
2026-09-30T00:12:37.232Z INFO  req-101693 /api/catalog status=200 dur_ms=89
2026-09-30T00:12:37.391Z INFO  req-101694 /api/cart status=200 dur_ms=43
2026-09-30T00:12:37.500Z INFO  req-101695 /api/cart status=200 dur_ms=120
2026-09-30T00:12:37.670Z INFO  req-101696 /api/cart status=200 dur_ms=17
2026-09-30T00:12:38.538Z INFO  req-101697 /api/catalog status=200 dur_ms=106
2026-09-30T00:12:39.179Z INFO  req-101698 /api/health status=200 dur_ms=66
2026-09-30T00:12:39.220Z INFO  req-101699 /api/orders status=200 dur_ms=68
2026-09-30T00:12:39.981Z INFO  req-101700 /api/catalog status=200 dur_ms=67
2026-09-30T00:12:40.396Z INFO  req-101701 /api/catalog status=200 dur_ms=57
2026-09-30T00:12:40.662Z INFO  req-101702 /api/orders status=200 dur_ms=32
2026-09-30T00:12:41.141Z ERROR req-101703 upstream timeout calling payments, retrying (1/3)
2026-09-30T00:12:41.141Z INFO  req-101703 /api/catalog retry ok
2026-09-30T00:12:41.141Z INFO  req-101703 /api/catalog status=200 dur_ms=1655
2026-09-30T00:12:41.549Z WARN  req-101704 fx rate cache miss for USD, using fallback table
2026-09-30T00:12:41.549Z INFO  req-101704 /api/cart status=200 dur_ms=73
2026-09-30T00:12:42.253Z INFO  req-101705 /api/health status=200 dur_ms=44
2026-09-30T00:12:42.508Z INFO  req-101706 /api/health status=200 dur_ms=30
2026-09-30T00:12:42.547Z INFO  req-101707 /api/cart status=200 dur_ms=10
2026-09-30T00:12:42.707Z WARN  req-101708 /api/orders status=401 dur_ms=18
2026-09-30T00:12:43.351Z WARN  req-101709 /api/login status=429 dur_ms=18
2026-09-30T00:12:43.550Z WARN  req-101710 /api/cart status=429 dur_ms=20
2026-09-30T00:12:43.615Z INFO  req-101711 /api/cart status=200 dur_ms=18
2026-09-30T00:12:43.760Z WARN  req-101712 /api/cart status=401 dur_ms=3
2026-09-30T00:12:44.475Z INFO  req-101713 /api/orders status=200 dur_ms=103
2026-09-30T00:12:45.208Z INFO  req-101714 /api/orders status=200 dur_ms=16
2026-09-30T00:12:46.030Z INFO  req-101715 /api/orders status=200 dur_ms=30
2026-09-30T00:12:46.627Z INFO  req-101716 /api/health status=200 dur_ms=46
2026-09-30T00:12:46.802Z INFO  req-101717 /api/health status=200 dur_ms=54
2026-09-30T00:12:47.532Z INFO  req-101718 /api/catalog status=200 dur_ms=58
2026-09-30T00:12:47.981Z INFO  req-101719 /api/catalog status=200 dur_ms=13
2026-09-30T00:12:48.538Z INFO  req-101720 /api/catalog status=200 dur_ms=83
2026-09-30T00:12:48.698Z INFO  req-101721 /api/health status=200 dur_ms=93
2026-09-30T00:12:48.818Z WARN  req-101722 fx rate cache miss for USD, using fallback table
2026-09-30T00:12:48.818Z INFO  req-101722 /api/cart status=200 dur_ms=90
2026-09-30T00:12:49.045Z ERROR req-101723 upstream timeout calling payments, retrying (1/3)
2026-09-30T00:12:49.045Z INFO  req-101723 /api/orders retry ok
2026-09-30T00:12:49.045Z INFO  req-101723 /api/orders status=200 dur_ms=1024
2026-09-30T00:12:49.132Z INFO  req-101724 /api/login status=200 dur_ms=42
2026-09-30T00:12:50.000Z INFO  req-101725 /api/login status=200 dur_ms=112
2026-09-30T00:12:50.603Z INFO  req-101726 /api/login status=200 dur_ms=70
2026-09-30T00:12:50.805Z INFO  req-101727 /api/catalog status=200 dur_ms=63
2026-09-30T00:12:51.550Z INFO  req-101728 /api/health status=200 dur_ms=47
2026-09-30T00:12:52.073Z INFO  req-101729 /api/catalog status=200 dur_ms=81
2026-09-30T00:12:52.358Z INFO  req-101730 /api/catalog status=200 dur_ms=66
2026-09-30T00:12:52.381Z INFO  req-101731 /api/login status=200 dur_ms=25
2026-09-30T00:12:52.426Z INFO  req-101732 /api/health status=200 dur_ms=17
2026-09-30T00:12:53.215Z INFO  req-101733 /api/cart status=200 dur_ms=101
2026-09-30T00:12:53.599Z INFO  req-101734 /api/catalog status=200 dur_ms=92
2026-09-30T00:12:54.492Z INFO  req-101735 /api/cart status=200 dur_ms=71
2026-09-30T00:12:54.790Z INFO  req-101736 /api/orders status=200 dur_ms=106
2026-09-30T00:12:55.053Z INFO  req-101737 /api/catalog status=200 dur_ms=95
2026-09-30T00:12:55.516Z INFO  req-101738 /api/health status=200 dur_ms=60
2026-09-30T00:12:55.885Z WARN  req-101739 /api/health status=401 dur_ms=16
2026-09-30T00:12:56.689Z INFO  req-101740 /api/health status=200 dur_ms=83
2026-09-30T00:12:57.065Z INFO  req-101741 /api/health status=200 dur_ms=72
2026-09-30T00:12:57.128Z INFO  req-101742 /api/cart status=200 dur_ms=6
2026-09-30T00:12:57.576Z INFO  req-101743 /api/login status=200 dur_ms=115
2026-09-30T00:12:58.263Z INFO  req-101744 /api/health status=200 dur_ms=104
2026-09-30T00:12:59.078Z INFO  req-101745 /api/health status=200 dur_ms=62
2026-09-30T00:12:59.190Z INFO  req-101746 /api/catalog status=200 dur_ms=64
2026-09-30T00:12:59.295Z INFO  req-101747 /api/health status=200 dur_ms=116
2026-09-30T00:12:59.794Z WARN  req-101748 /api/catalog status=404 dur_ms=28
2026-09-30T00:13:00.683Z INFO  req-101749 /api/health status=200 dur_ms=55
2026-09-30T00:13:00.843Z INFO  req-101750 /api/catalog status=200 dur_ms=93
2026-09-30T00:13:01.005Z INFO  req-101751 /api/orders status=200 dur_ms=120
2026-09-30T00:13:01.696Z INFO  req-101752 /api/health status=200 dur_ms=6
2026-09-30T00:13:02.569Z INFO  req-101753 /api/orders status=200 dur_ms=56
2026-09-30T00:13:03.004Z INFO  req-101754 /api/health status=200 dur_ms=67
2026-09-30T00:13:03.127Z WARN  req-101755 fx rate cache miss for GBP, using fallback table
2026-09-30T00:13:03.127Z INFO  req-101755 /api/health status=200 dur_ms=70
2026-09-30T00:13:03.535Z INFO  req-101756 /api/health status=200 dur_ms=4
2026-09-30T00:13:03.937Z INFO  req-101757 /api/cart status=200 dur_ms=102
2026-09-30T00:13:03.949Z INFO  req-101758 /api/orders status=200 dur_ms=99
2026-09-30T00:13:04.278Z INFO  req-101759 /api/orders status=200 dur_ms=81
2026-09-30T00:13:05.012Z INFO  req-101760 /api/orders status=200 dur_ms=76
2026-09-30T00:13:05.703Z INFO  req-101761 /api/catalog status=200 dur_ms=39
2026-09-30T00:13:05.804Z INFO  req-101762 /api/catalog status=200 dur_ms=31
2026-09-30T00:13:06.287Z INFO  req-101763 /api/login status=200 dur_ms=114
2026-09-30T00:13:06.617Z INFO  req-101764 /api/login status=200 dur_ms=43
2026-09-30T00:13:07.146Z INFO  req-101765 /api/login status=200 dur_ms=13
2026-09-30T00:13:07.669Z INFO  req-101766 /api/catalog status=200 dur_ms=29
2026-09-30T00:13:08.121Z INFO  req-101767 /api/cart status=200 dur_ms=119
2026-09-30T00:13:08.493Z ERROR req-101768 upstream timeout calling payments, retrying (1/3)
2026-09-30T00:13:08.493Z INFO  req-101768 /api/catalog retry ok
2026-09-30T00:13:08.493Z INFO  req-101768 /api/catalog status=200 dur_ms=537
2026-09-30T00:13:08.833Z INFO  req-101769 /api/catalog status=200 dur_ms=85
2026-09-30T00:13:09.711Z INFO  req-101770 /api/health status=200 dur_ms=77
2026-09-30T00:13:09.958Z INFO  req-101771 /api/orders status=200 dur_ms=68
2026-09-30T00:13:10.774Z INFO  req-101772 /api/health status=200 dur_ms=36
2026-09-30T00:13:11.255Z INFO  req-101773 /api/cart status=200 dur_ms=61
2026-09-30T00:13:11.269Z WARN  req-101774 /api/cart status=429 dur_ms=16
2026-09-30T00:13:11.883Z INFO  req-101775 /api/login status=200 dur_ms=109
2026-09-30T00:13:12.364Z INFO  req-101776 /api/cart status=200 dur_ms=22
2026-09-30T00:13:13.183Z INFO  req-101777 /api/health status=200 dur_ms=99
2026-09-30T00:13:13.954Z INFO  req-101778 /api/orders status=200 dur_ms=41
2026-09-30T00:13:14.427Z INFO  req-101779 /api/orders status=200 dur_ms=10
2026-09-30T00:13:14.523Z INFO  req-101780 /api/catalog status=200 dur_ms=49
2026-09-30T00:13:14.528Z INFO  req-101781 /api/login status=200 dur_ms=60
2026-09-30T00:13:14.825Z INFO  req-101782 /api/health status=200 dur_ms=68
2026-09-30T00:13:15.203Z INFO  req-101783 /api/catalog status=200 dur_ms=14
2026-09-30T00:13:15.726Z INFO  req-101784 /api/orders status=200 dur_ms=49
2026-09-30T00:13:16.024Z INFO  req-101785 /api/catalog status=200 dur_ms=30
2026-09-30T00:13:16.923Z INFO  req-101786 /api/health status=200 dur_ms=79
2026-09-30T00:13:17.553Z INFO  req-101787 /api/health status=200 dur_ms=38
2026-09-30T00:13:18.333Z WARN  req-101788 /api/health status=400 dur_ms=25
2026-09-30T00:13:19.006Z INFO  req-101789 /api/health status=200 dur_ms=19
2026-09-30T00:13:19.343Z INFO  req-101790 /api/orders status=200 dur_ms=45
2026-09-30T00:13:19.509Z INFO  req-101791 /api/health status=200 dur_ms=30
2026-09-30T00:13:19.921Z ERROR req-101792 upstream timeout calling payments, retrying (1/3)
2026-09-30T00:13:19.921Z INFO  req-101792 /api/catalog retry ok
2026-09-30T00:13:19.921Z INFO  req-101792 /api/catalog status=200 dur_ms=1661
2026-09-30T00:13:20.466Z INFO  req-101793 /api/cart status=200 dur_ms=35
2026-09-30T00:13:20.705Z INFO  req-101794 /api/cart status=200 dur_ms=23
2026-09-30T00:13:21.557Z INFO  req-101795 /api/orders status=200 dur_ms=5
2026-09-30T00:13:21.943Z INFO  req-101796 /api/health status=200 dur_ms=89
2026-09-30T00:13:22.355Z INFO  req-101797 /api/cart status=200 dur_ms=71
2026-09-30T00:13:22.839Z INFO  req-101798 /api/login status=200 dur_ms=24
2026-09-30T00:13:22.909Z INFO  req-101799 /api/catalog status=200 dur_ms=35
2026-09-30T00:13:23.740Z INFO  req-101800 /api/catalog status=200 dur_ms=91
2026-09-30T00:13:24.368Z INFO  req-101801 /api/login status=200 dur_ms=113
2026-09-30T00:13:24.690Z INFO  req-101802 /api/login status=200 dur_ms=19
2026-09-30T00:13:25.424Z INFO  req-101803 /api/login status=200 dur_ms=16
2026-09-30T00:13:25.562Z INFO  req-101804 /api/health status=200 dur_ms=88
2026-09-30T00:13:25.768Z INFO  req-101805 /api/login status=200 dur_ms=102
2026-09-30T00:13:26.567Z INFO  req-101806 /api/catalog status=200 dur_ms=87
2026-09-30T00:13:27.021Z INFO  req-101807 /api/health status=200 dur_ms=74
2026-09-30T00:13:27.151Z INFO  req-101808 /api/health status=200 dur_ms=65
2026-09-30T00:13:27.611Z INFO  req-101809 /api/catalog status=200 dur_ms=107
2026-09-30T00:13:27.672Z INFO  req-101810 /api/orders status=200 dur_ms=12
2026-09-30T00:13:28.299Z INFO  req-101811 /api/login status=200 dur_ms=90
2026-09-30T00:13:28.824Z INFO  req-101812 /api/health status=200 dur_ms=105
2026-09-30T00:13:29.691Z WARN  req-101813 /api/login status=400 dur_ms=3
2026-09-30T00:13:30.325Z INFO  req-101814 /api/cart status=200 dur_ms=13
2026-09-30T00:13:31.176Z INFO  req-101815 /api/cart status=200 dur_ms=70
2026-09-30T00:13:31.421Z INFO  req-101816 /api/catalog status=200 dur_ms=42
2026-09-30T00:13:32.071Z INFO  req-101817 /api/orders status=200 dur_ms=18
2026-09-30T00:13:32.416Z INFO  req-101818 /api/orders status=200 dur_ms=4
2026-09-30T00:13:33.056Z INFO  req-101819 /api/orders status=200 dur_ms=22
2026-09-30T00:13:33.775Z INFO  req-101820 /api/health status=200 dur_ms=40
2026-09-30T00:13:34.528Z INFO  req-101821 /api/catalog status=200 dur_ms=58
2026-09-30T00:13:35.146Z INFO  req-101822 /api/health status=200 dur_ms=72
2026-09-30T00:13:35.152Z INFO  req-101823 /api/health status=200 dur_ms=31
2026-09-30T00:13:35.468Z WARN  req-101824 /api/login status=429 dur_ms=40
2026-09-30T00:13:36.351Z INFO  req-101825 /api/cart status=200 dur_ms=91
2026-09-30T00:13:36.907Z INFO  req-101826 /api/cart status=200 dur_ms=108
2026-09-30T00:13:37.109Z INFO  req-101827 /api/catalog status=200 dur_ms=37
2026-09-30T00:13:37.387Z INFO  req-101828 /api/login status=200 dur_ms=33
2026-09-30T00:13:37.524Z INFO  req-101829 /api/cart status=200 dur_ms=7
2026-09-30T00:13:37.754Z WARN  req-101830 /api/cart status=404 dur_ms=31
2026-09-30T00:13:38.277Z INFO  req-101831 /api/cart status=200 dur_ms=5
2026-09-30T00:13:38.917Z INFO  req-101832 /api/health status=200 dur_ms=53
2026-09-30T00:13:39.132Z INFO  req-101833 /api/cart status=200 dur_ms=95
2026-09-30T00:13:39.806Z INFO  req-101834 /api/catalog status=200 dur_ms=69
2026-09-30T00:13:40.589Z INFO  req-101835 /api/catalog status=200 dur_ms=62
2026-09-30T00:13:41.108Z INFO  req-101836 /api/catalog status=200 dur_ms=85
2026-09-30T00:13:41.848Z INFO  req-101837 /api/login status=200 dur_ms=105
2026-09-30T00:13:41.945Z INFO  req-101838 /api/health status=200 dur_ms=83
2026-09-30T00:13:42.070Z INFO  req-101839 /api/cart status=200 dur_ms=77
2026-09-30T00:13:42.663Z INFO  req-101840 /api/health status=200 dur_ms=57
2026-09-30T00:13:43.490Z ERROR req-101841 upstream timeout calling payments, retrying (1/3)
2026-09-30T00:13:43.490Z INFO  req-101841 /api/health retry ok
2026-09-30T00:13:43.490Z INFO  req-101841 /api/health status=200 dur_ms=820
2026-09-30T00:13:44.303Z INFO  req-101842 /api/login status=200 dur_ms=72
2026-09-30T00:13:44.919Z INFO  req-101843 /api/catalog status=200 dur_ms=91
2026-09-30T00:13:45.715Z INFO  req-101844 /api/orders status=200 dur_ms=102
2026-09-30T00:13:46.410Z INFO  req-101845 /api/cart status=200 dur_ms=57
2026-09-30T00:13:47.265Z INFO  req-101846 /api/cart status=200 dur_ms=26
2026-09-30T00:13:48.134Z WARN  req-101847 fx rate cache miss for USD, using fallback table
2026-09-30T00:13:48.134Z INFO  req-101847 /api/cart status=200 dur_ms=70
2026-09-30T00:13:48.287Z INFO  req-101848 /api/cart status=200 dur_ms=51
2026-09-30T00:13:48.572Z INFO  req-101849 /api/catalog status=200 dur_ms=94
2026-09-30T00:13:49.164Z INFO  req-101850 /api/catalog status=200 dur_ms=62
2026-09-30T00:13:49.765Z INFO  req-101851 /api/cart status=200 dur_ms=84
2026-09-30T00:13:50.281Z INFO  req-101852 /api/orders status=200 dur_ms=4
2026-09-30T00:13:51.174Z INFO  req-101853 /api/orders status=200 dur_ms=115
2026-09-30T00:13:51.960Z INFO  req-101854 /api/orders status=200 dur_ms=70
2026-09-30T00:13:52.406Z INFO  req-101855 /api/health status=200 dur_ms=82
2026-09-30T00:13:53.151Z INFO  req-101856 /api/login status=200 dur_ms=24
2026-09-30T00:13:53.815Z INFO  req-101857 /api/orders status=200 dur_ms=63
2026-09-30T00:13:54.642Z WARN  req-101858 /api/catalog status=404 dur_ms=11
2026-09-30T00:13:54.901Z INFO  req-101859 /api/orders status=200 dur_ms=9
2026-09-30T00:13:55.761Z INFO  req-101860 /api/orders status=200 dur_ms=27
2026-09-30T00:13:56.016Z INFO  req-101861 /api/health status=200 dur_ms=34
2026-09-30T00:13:56.870Z WARN  req-101862 /api/cart status=401 dur_ms=18
2026-09-30T00:13:56.871Z INFO  req-101863 /api/cart status=200 dur_ms=30
2026-09-30T00:13:57.252Z INFO  req-101864 /api/cart status=200 dur_ms=16
2026-09-30T00:13:58.025Z INFO  req-101865 /api/orders status=200 dur_ms=16
2026-09-30T00:13:58.363Z INFO  req-101866 /api/cart status=200 dur_ms=91
2026-09-30T00:13:58.866Z INFO  req-101867 /api/catalog status=200 dur_ms=28
2026-09-30T00:13:59.226Z ERROR req-101868 upstream timeout calling payments, retrying (1/3)
2026-09-30T00:13:59.226Z INFO  req-101868 /api/cart retry ok
2026-09-30T00:13:59.226Z INFO  req-101868 /api/cart status=200 dur_ms=1143
2026-09-30T00:13:59.894Z INFO  req-101869 /api/cart status=200 dur_ms=30
2026-09-30T00:14:00.214Z INFO  req-101870 /api/login status=200 dur_ms=105
2026-09-30T00:14:00.739Z INFO  req-101871 /api/cart status=200 dur_ms=76
2026-09-30T00:14:01.527Z INFO  req-101872 /api/cart status=200 dur_ms=37
2026-09-30T00:14:01.710Z INFO  req-101873 /api/cart status=200 dur_ms=29
2026-09-30T00:14:02.387Z WARN  req-101874 /api/catalog status=429 dur_ms=38
2026-09-30T00:14:02.638Z INFO  req-101875 /api/login status=200 dur_ms=112
2026-09-30T00:14:02.760Z WARN  req-101876 /api/health status=429 dur_ms=2
2026-09-30T00:14:02.774Z INFO  req-101877 /api/cart status=200 dur_ms=82
2026-09-30T00:14:02.936Z INFO  req-101878 /api/cart status=200 dur_ms=106
2026-09-30T00:14:03.071Z INFO  req-101879 /api/cart status=200 dur_ms=93
2026-09-30T00:14:03.722Z INFO  req-101880 /api/catalog status=200 dur_ms=20
2026-09-30T00:14:04.381Z INFO  req-101881 /api/orders status=200 dur_ms=86
2026-09-30T00:14:04.685Z ERROR req-101882 upstream timeout calling payments, retrying (1/3)
2026-09-30T00:14:04.685Z INFO  req-101882 /api/cart retry ok
2026-09-30T00:14:04.685Z INFO  req-101882 /api/cart status=200 dur_ms=1774
2026-09-30T00:14:05.018Z INFO  req-101883 /api/catalog status=200 dur_ms=45
2026-09-30T00:14:05.088Z INFO  req-101884 /api/orders status=200 dur_ms=38
2026-09-30T00:14:05.133Z INFO  req-101885 /api/health status=200 dur_ms=103
2026-09-30T00:14:05.692Z INFO  req-101886 /api/catalog status=200 dur_ms=16
2026-09-30T00:14:05.786Z INFO  req-101887 /api/orders status=200 dur_ms=40
2026-09-30T00:14:05.812Z INFO  req-101888 /api/health status=200 dur_ms=92
2026-09-30T00:14:05.996Z INFO  req-101889 /api/login status=200 dur_ms=96
2026-09-30T00:14:06.421Z INFO  req-101890 /api/orders status=200 dur_ms=68
2026-09-30T00:14:06.897Z INFO  req-101891 /api/cart status=200 dur_ms=51
2026-09-30T00:14:07.007Z INFO  req-101892 /api/catalog status=200 dur_ms=50
2026-09-30T00:14:07.212Z INFO  req-101893 /api/cart status=200 dur_ms=52
2026-09-30T00:14:07.744Z INFO  req-101894 /api/health status=200 dur_ms=108
2026-09-30T00:14:07.857Z INFO  req-101895 /api/cart status=200 dur_ms=35
2026-09-30T00:14:08.752Z INFO  req-101896 /api/catalog status=200 dur_ms=58
2026-09-30T00:14:09.152Z INFO  req-101897 /api/health status=200 dur_ms=48
2026-09-30T00:14:09.309Z INFO  req-101898 /api/catalog status=200 dur_ms=56
2026-09-30T00:14:09.462Z INFO  req-101899 /api/catalog status=200 dur_ms=17
2026-09-30T00:14:10.037Z ERROR req-101900 upstream timeout calling payments, retrying (1/3)
2026-09-30T00:14:10.037Z INFO  req-101900 /api/orders retry ok
2026-09-30T00:14:10.037Z INFO  req-101900 /api/orders status=200 dur_ms=369
2026-09-30T00:14:10.666Z INFO  req-101901 /api/health status=200 dur_ms=118
2026-09-30T00:14:11.267Z INFO  req-101902 /api/orders status=200 dur_ms=15
2026-09-30T00:14:12.087Z WARN  req-101903 fx rate cache miss for USD, using fallback table
2026-09-30T00:14:12.087Z INFO  req-101903 /api/health status=200 dur_ms=53
2026-09-30T00:14:12.460Z INFO  req-101904 /api/cart status=200 dur_ms=13
2026-09-30T00:14:12.477Z ERROR req-101905 upstream timeout calling payments, retrying (1/3)
2026-09-30T00:14:12.477Z INFO  req-101905 /api/login retry ok
2026-09-30T00:14:12.477Z INFO  req-101905 /api/login status=200 dur_ms=755
2026-09-30T00:14:13.131Z WARN  req-101906 /api/orders status=401 dur_ms=40
2026-09-30T00:14:13.662Z WARN  req-101907 /api/health status=429 dur_ms=30
2026-09-30T00:14:13.920Z INFO  req-101908 /api/health status=200 dur_ms=109
2026-09-30T00:14:13.969Z INFO  req-101909 /api/orders status=200 dur_ms=71
2026-09-30T00:14:14.642Z INFO  req-101910 /api/login status=200 dur_ms=9
2026-09-30T00:14:15.526Z WARN  req-101911 fx rate cache miss for USD, using fallback table
2026-09-30T00:14:15.526Z INFO  req-101911 /api/cart status=200 dur_ms=78
2026-09-30T00:14:16.237Z INFO  req-101912 /api/health status=200 dur_ms=88
2026-09-30T00:14:16.746Z INFO  req-101913 /api/login status=200 dur_ms=57
2026-09-30T00:14:16.768Z INFO  req-101914 /api/login status=200 dur_ms=43
2026-09-30T00:14:17.075Z INFO  req-101915 /api/login status=200 dur_ms=12
2026-09-30T00:14:17.172Z INFO  req-101916 /api/cart status=200 dur_ms=45
2026-09-30T00:14:17.407Z INFO  req-101917 /api/health status=200 dur_ms=67
2026-09-30T00:14:18.260Z INFO  req-101918 /api/health status=200 dur_ms=49
2026-09-30T00:14:18.514Z INFO  req-101919 /api/login status=200 dur_ms=37
2026-09-30T00:14:19.124Z INFO  req-101920 /api/catalog status=200 dur_ms=57
2026-09-30T00:14:19.601Z INFO  req-101921 /api/login status=200 dur_ms=104
2026-09-30T00:14:19.810Z INFO  req-101922 /api/login status=200 dur_ms=84
2026-09-30T00:14:19.942Z INFO  req-101923 /api/login status=200 dur_ms=3
2026-09-30T00:14:20.024Z INFO  req-101924 /api/catalog status=200 dur_ms=48
2026-09-30T00:14:20.290Z INFO  req-101925 /api/catalog status=200 dur_ms=53
2026-09-30T00:14:20.764Z INFO  req-101926 /api/orders status=200 dur_ms=40
2026-09-30T00:14:21.441Z INFO  req-101927 /api/catalog status=200 dur_ms=62
2026-09-30T00:14:22.099Z INFO  req-101928 /api/cart status=200 dur_ms=7
2026-09-30T00:14:22.295Z INFO  req-101929 /api/cart status=200 dur_ms=52
2026-09-30T00:14:22.997Z INFO  req-101930 /api/health status=200 dur_ms=87
2026-09-30T00:14:23.710Z INFO  req-101931 /api/health status=200 dur_ms=53
2026-09-30T00:14:24.385Z INFO  req-101932 /api/login status=200 dur_ms=52
2026-09-30T00:14:24.578Z INFO  req-101933 /api/catalog status=200 dur_ms=67
2026-09-30T00:14:25.375Z INFO  req-101934 /api/login status=200 dur_ms=61
2026-09-30T00:14:25.413Z INFO  req-101935 /api/catalog status=200 dur_ms=89
2026-09-30T00:14:26.174Z WARN  req-101936 /api/login status=401 dur_ms=25
2026-09-30T00:14:26.975Z INFO  req-101937 /api/cart status=200 dur_ms=62
2026-09-30T00:14:27.316Z INFO  req-101938 /api/health status=200 dur_ms=104
2026-09-30T00:14:28.179Z INFO  req-101939 /api/login status=200 dur_ms=87
2026-09-30T00:14:28.361Z INFO  req-101940 /api/catalog status=200 dur_ms=116
2026-09-30T00:14:28.943Z INFO  req-101941 /api/cart status=200 dur_ms=45
2026-09-30T00:14:29.829Z WARN  req-101942 fx rate cache miss for USD, using fallback table
2026-09-30T00:14:29.829Z INFO  req-101942 /api/catalog status=200 dur_ms=75
2026-09-30T00:14:30.059Z INFO  req-101943 /api/health status=200 dur_ms=110
2026-09-30T00:14:30.355Z INFO  req-101944 /api/health status=200 dur_ms=28
2026-09-30T00:14:30.760Z INFO  req-101945 /api/cart status=200 dur_ms=30
2026-09-30T00:14:31.150Z INFO  req-101946 /api/cart status=200 dur_ms=112
2026-09-30T00:14:31.797Z INFO  req-101947 /api/orders status=200 dur_ms=14
2026-09-30T00:14:32.031Z INFO  req-101948 /api/catalog status=200 dur_ms=5
2026-09-30T00:14:32.639Z WARN  req-101949 /api/cart status=400 dur_ms=17
2026-09-30T00:14:33.099Z INFO  req-101950 /api/orders status=200 dur_ms=49
2026-09-30T00:14:33.687Z INFO  req-101951 /api/orders status=200 dur_ms=99
2026-09-30T00:14:34.556Z INFO  req-101952 /api/login status=200 dur_ms=105
2026-09-30T00:14:35.269Z INFO  req-101953 /api/catalog status=200 dur_ms=106
2026-09-30T00:14:35.678Z INFO  req-101954 /api/login status=200 dur_ms=61
2026-09-30T00:14:35.951Z INFO  req-101955 /api/catalog status=200 dur_ms=26
2026-09-30T00:14:36.044Z INFO  req-101956 /api/login status=200 dur_ms=102
2026-09-30T00:14:36.842Z INFO  req-101957 /api/health status=200 dur_ms=78
2026-09-30T00:14:37.287Z INFO  req-101958 /api/health status=200 dur_ms=74
2026-09-30T00:14:37.987Z INFO  req-101959 /api/login status=200 dur_ms=49
2026-09-30T00:14:38.507Z WARN  req-101960 fx rate cache miss for GBP, using fallback table
2026-09-30T00:14:38.507Z INFO  req-101960 /api/health status=200 dur_ms=87
2026-09-30T00:14:38.774Z INFO  req-101961 /api/cart status=200 dur_ms=101
2026-09-30T00:14:39.311Z INFO  req-101962 /api/cart status=200 dur_ms=61
2026-09-30T00:14:40.089Z INFO  req-101963 /api/orders status=200 dur_ms=90
2026-09-30T00:14:40.724Z INFO  req-101964 /api/orders status=200 dur_ms=33
2026-09-30T00:14:41.485Z INFO  req-101965 /api/catalog status=200 dur_ms=28
2026-09-30T00:14:41.624Z INFO  req-101966 /api/health status=200 dur_ms=26
2026-09-30T00:14:41.966Z INFO  req-101967 /api/cart status=200 dur_ms=63
2026-09-30T00:14:42.779Z WARN  req-101968 /api/catalog status=400 dur_ms=13
2026-09-30T00:14:43.236Z WARN  req-101969 /api/cart status=400 dur_ms=3
2026-09-30T00:14:43.729Z INFO  req-101970 /api/login status=200 dur_ms=13
2026-09-30T00:14:44.153Z INFO  req-101971 /api/catalog status=200 dur_ms=101
2026-09-30T00:14:44.205Z INFO  req-101972 /api/catalog status=200 dur_ms=45
2026-09-30T00:14:44.518Z INFO  req-101973 /api/cart status=200 dur_ms=52
2026-09-30T00:14:44.577Z INFO  req-101974 /api/login status=200 dur_ms=3
2026-09-30T00:14:44.908Z ERROR req-101975 upstream timeout calling payments, retrying (1/3)
2026-09-30T00:14:44.908Z INFO  req-101975 /api/cart retry ok
2026-09-30T00:14:44.908Z INFO  req-101975 /api/cart status=200 dur_ms=714
2026-09-30T00:14:45.135Z INFO  req-101976 /api/orders status=200 dur_ms=5
2026-09-30T00:14:45.232Z INFO  req-101977 /api/cart status=200 dur_ms=111
2026-09-30T00:14:46.089Z INFO  req-101978 /api/cart status=200 dur_ms=49
2026-09-30T00:14:46.947Z WARN  req-101979 /api/cart status=404 dur_ms=2
2026-09-30T00:14:47.340Z INFO  req-101980 /api/cart status=200 dur_ms=81
2026-09-30T00:14:47.408Z INFO  req-101981 /api/login status=200 dur_ms=50
2026-09-30T00:14:47.515Z INFO  req-101982 /api/cart status=200 dur_ms=86
2026-09-30T00:14:47.620Z INFO  req-101983 /api/cart status=200 dur_ms=104
2026-09-30T00:14:48.137Z INFO  req-101984 /api/orders status=200 dur_ms=95
2026-09-30T00:14:48.751Z INFO  req-101985 /api/health status=200 dur_ms=7
2026-09-30T00:14:49.372Z INFO  req-101986 /api/login status=200 dur_ms=37
2026-09-30T00:14:50.057Z INFO  req-101987 /api/cart status=200 dur_ms=116
2026-09-30T00:14:50.311Z INFO  req-101988 /api/cart status=200 dur_ms=50
2026-09-30T00:14:50.417Z INFO  req-101989 /api/login status=200 dur_ms=80
2026-09-30T00:14:50.471Z INFO  req-101990 /api/login status=200 dur_ms=32
2026-09-30T00:14:51.317Z INFO  req-101991 /api/login status=200 dur_ms=104
2026-09-30T00:14:51.993Z ERROR req-101992 upstream timeout calling payments, retrying (1/3)
2026-09-30T00:14:51.993Z INFO  req-101992 /api/cart retry ok
2026-09-30T00:14:51.993Z INFO  req-101992 /api/cart status=200 dur_ms=1431
2026-09-30T00:14:52.643Z INFO  req-101993 /api/catalog status=200 dur_ms=81
2026-09-30T00:14:53.395Z INFO  req-101994 /api/login status=200 dur_ms=7
2026-09-30T00:14:54.117Z INFO  req-101995 /api/orders status=200 dur_ms=20
2026-09-30T00:14:54.446Z INFO  req-101996 /api/orders status=200 dur_ms=99
2026-09-30T00:14:55.256Z INFO  req-101997 /api/catalog status=200 dur_ms=104
2026-09-30T00:14:55.525Z INFO  req-101998 /api/cart status=200 dur_ms=109
2026-09-30T00:14:55.757Z INFO  req-101999 /api/login status=200 dur_ms=79
2026-09-30T00:14:56.546Z INFO  req-102000 /api/login status=200 dur_ms=20
2026-09-30T00:14:57.371Z INFO  req-102001 /api/orders status=200 dur_ms=33
2026-09-30T00:14:57.821Z INFO  req-102002 /api/cart status=200 dur_ms=46
2026-09-30T00:14:57.979Z INFO  req-102003 /api/catalog status=200 dur_ms=110
2026-09-30T00:14:58.551Z INFO  req-102004 /api/health status=200 dur_ms=49
2026-09-30T00:14:58.571Z INFO  req-102005 /api/cart status=200 dur_ms=8
2026-09-30T00:14:58.697Z INFO  req-102006 /api/orders status=200 dur_ms=52
2026-09-30T00:14:59.553Z INFO  req-102007 /api/orders status=200 dur_ms=43
2026-09-30T00:14:59.891Z WARN  req-102008 /api/cart status=401 dur_ms=21
2026-09-30T00:15:00.446Z INFO  req-102009 /api/login status=200 dur_ms=114
2026-09-30T00:15:00.571Z INFO  req-102010 /api/cart status=200 dur_ms=66
2026-09-30T00:15:01.340Z INFO  req-102011 /api/orders status=200 dur_ms=29
2026-09-30T00:15:01.498Z INFO  req-102012 /api/catalog status=200 dur_ms=117
2026-09-30T00:15:01.500Z WARN  req-102013 /api/health status=400 dur_ms=13
2026-09-30T00:15:02.292Z INFO  req-102014 /api/login status=200 dur_ms=108
2026-09-30T00:15:03.119Z INFO  req-102015 /api/health status=200 dur_ms=108
2026-09-30T00:15:03.252Z INFO  req-102016 /api/health status=200 dur_ms=92
2026-09-30T00:15:03.952Z INFO  req-102017 /api/catalog status=200 dur_ms=110
2026-09-30T00:15:04.645Z INFO  req-102018 /api/health status=200 dur_ms=105
2026-09-30T00:15:04.903Z INFO  req-102019 /api/catalog status=200 dur_ms=19
2026-09-30T00:15:05.533Z INFO  req-102020 /api/catalog status=200 dur_ms=33
2026-09-30T00:15:06.245Z INFO  req-102021 /api/orders status=200 dur_ms=27
2026-09-30T00:15:07.043Z INFO  req-102022 /api/orders status=200 dur_ms=41
2026-09-30T00:15:07.374Z WARN  req-102023 /api/health status=429 dur_ms=36
2026-09-30T00:15:07.538Z INFO  req-102024 /api/orders status=200 dur_ms=46
2026-09-30T00:15:07.950Z INFO  req-102025 /api/catalog status=200 dur_ms=28
2026-09-30T00:15:08.026Z INFO  req-102026 /api/orders status=200 dur_ms=13
2026-09-30T00:15:08.710Z INFO  req-102027 /api/catalog status=200 dur_ms=33
2026-09-30T00:15:09.175Z INFO  req-102028 /api/cart status=200 dur_ms=82
2026-09-30T00:15:09.636Z WARN  req-102029 fx rate cache miss for GBP, using fallback table
2026-09-30T00:15:09.636Z INFO  req-102029 /api/cart status=200 dur_ms=30
2026-09-30T00:15:09.884Z INFO  req-102030 /api/cart status=200 dur_ms=93
2026-09-30T00:15:10.240Z INFO  req-102031 /api/login status=200 dur_ms=48
2026-09-30T00:15:10.957Z INFO  req-102032 /api/cart status=200 dur_ms=10
2026-09-30T00:15:11.257Z INFO  req-102033 /api/health status=200 dur_ms=96
2026-09-30T00:15:11.378Z INFO  req-102034 /api/health status=200 dur_ms=58
2026-09-30T00:15:11.668Z INFO  req-102035 /api/cart status=200 dur_ms=40
2026-09-30T00:15:12.057Z INFO  req-102036 /api/orders status=200 dur_ms=17
2026-09-30T00:15:12.518Z WARN  req-102037 /api/cart status=429 dur_ms=18
2026-09-30T00:15:13.025Z INFO  req-102038 /api/orders status=200 dur_ms=31
2026-09-30T00:15:13.540Z INFO  req-102039 /api/catalog status=200 dur_ms=67
2026-09-30T00:15:13.983Z INFO  req-102040 /api/orders status=200 dur_ms=63
2026-09-30T00:15:14.375Z INFO  req-102041 /api/health status=200 dur_ms=50
2026-09-30T00:15:15.032Z INFO  req-102042 /api/orders status=200 dur_ms=120
2026-09-30T00:15:15.434Z INFO  req-102043 /api/health status=200 dur_ms=54
2026-09-30T00:15:15.962Z INFO  req-102044 /api/health status=200 dur_ms=59
2026-09-30T00:15:16.813Z INFO  req-102045 /api/login status=200 dur_ms=63
2026-09-30T00:15:17.440Z INFO  req-102046 /api/catalog status=200 dur_ms=24
2026-09-30T00:15:17.701Z INFO  req-102047 /api/orders status=200 dur_ms=54
2026-09-30T00:15:18.428Z INFO  req-102048 /api/orders status=200 dur_ms=37
2026-09-30T00:15:19.297Z INFO  req-102049 /api/cart status=200 dur_ms=49
2026-09-30T00:15:20.195Z INFO  req-102050 /api/catalog status=200 dur_ms=56
2026-09-30T00:15:20.966Z ERROR req-102051 upstream timeout calling payments, retrying (1/3)
2026-09-30T00:15:20.966Z INFO  req-102051 /api/cart retry ok
2026-09-30T00:15:20.966Z INFO  req-102051 /api/cart status=200 dur_ms=1791
2026-09-30T00:15:21.168Z INFO  req-102052 /api/orders status=200 dur_ms=13
2026-09-30T00:15:21.821Z INFO  req-102053 /api/catalog status=200 dur_ms=41
2026-09-30T00:15:22.206Z INFO  req-102054 /api/health status=200 dur_ms=75
2026-09-30T00:15:22.884Z INFO  req-102055 /api/cart status=200 dur_ms=83
2026-09-30T00:15:23.328Z INFO  req-102056 /api/orders status=200 dur_ms=30
2026-09-30T00:15:23.399Z INFO  req-102057 /api/orders status=200 dur_ms=76
2026-09-30T00:15:24.167Z INFO  req-102058 /api/cart status=200 dur_ms=86
2026-09-30T00:15:24.527Z INFO  req-102059 /api/catalog status=200 dur_ms=32
2026-09-30T00:15:25.169Z INFO  req-102060 /api/login status=200 dur_ms=56
2026-09-30T00:15:25.507Z INFO  req-102061 /api/health status=200 dur_ms=65
2026-09-30T00:15:26.256Z INFO  req-102062 /api/cart status=200 dur_ms=74
2026-09-30T00:15:26.780Z INFO  req-102063 /api/orders status=200 dur_ms=106
2026-09-30T00:15:26.943Z WARN  req-102064 /api/health status=400 dur_ms=15
2026-09-30T00:15:27.186Z INFO  req-102065 /api/health status=200 dur_ms=58
2026-09-30T00:15:27.737Z INFO  req-102066 /api/orders status=200 dur_ms=7
2026-09-30T00:15:28.487Z WARN  req-102067 /api/catalog status=400 dur_ms=26
2026-09-30T00:15:28.644Z INFO  req-102068 /api/health status=200 dur_ms=48
2026-09-30T00:15:28.713Z INFO  req-102069 /api/health status=200 dur_ms=85
2026-09-30T00:15:29.152Z INFO  req-102070 /api/orders status=200 dur_ms=12
2026-09-30T00:15:29.651Z INFO  req-102071 /api/cart status=200 dur_ms=82
2026-09-30T00:15:30.396Z INFO  req-102072 /api/cart status=200 dur_ms=31
2026-09-30T00:15:30.670Z INFO  req-102073 /api/catalog status=200 dur_ms=22
2026-09-30T00:15:31.506Z INFO  req-102074 /api/health status=200 dur_ms=99
2026-09-30T00:15:32.333Z INFO  req-102075 /api/cart status=200 dur_ms=99
2026-09-30T00:15:32.909Z WARN  req-102076 /api/health status=404 dur_ms=19
2026-09-30T00:15:33.455Z INFO  req-102077 /api/orders status=200 dur_ms=73
2026-09-30T00:15:33.798Z INFO  req-102078 /api/login status=200 dur_ms=109
2026-09-30T00:15:34.125Z ERROR req-102079 upstream timeout calling payments, retrying (1/3)
2026-09-30T00:15:34.125Z INFO  req-102079 /api/cart retry ok
2026-09-30T00:15:34.125Z INFO  req-102079 /api/cart status=200 dur_ms=1714
2026-09-30T00:15:35.015Z INFO  req-102080 /api/health status=200 dur_ms=40
2026-09-30T00:15:35.527Z INFO  req-102081 /api/catalog status=200 dur_ms=40
2026-09-30T00:15:35.741Z INFO  req-102082 /api/health status=200 dur_ms=73
2026-09-30T00:15:36.520Z INFO  req-102083 /api/health status=200 dur_ms=106
2026-09-30T00:15:37.234Z INFO  req-102084 /api/cart status=200 dur_ms=12
2026-09-30T00:15:38.121Z ERROR req-102085 upstream timeout calling payments, retrying (1/3)
2026-09-30T00:15:38.121Z INFO  req-102085 /api/orders retry ok
2026-09-30T00:15:38.121Z INFO  req-102085 /api/orders status=200 dur_ms=1506
2026-09-30T00:15:38.680Z INFO  req-102086 /api/health status=200 dur_ms=65
2026-09-30T00:15:38.894Z INFO  req-102087 /api/login status=200 dur_ms=78
2026-09-30T00:15:39.668Z INFO  req-102088 /api/orders status=200 dur_ms=62
2026-09-30T00:15:40.458Z INFO  req-102089 /api/health status=200 dur_ms=62
2026-09-30T00:15:41.255Z ERROR req-102090 upstream timeout calling payments, retrying (1/3)
2026-09-30T00:15:41.255Z INFO  req-102090 /api/health retry ok
2026-09-30T00:15:41.255Z INFO  req-102090 /api/health status=200 dur_ms=898
2026-09-30T00:15:41.937Z INFO  req-102091 /api/catalog status=200 dur_ms=83
2026-09-30T00:15:42.714Z INFO  req-102092 /api/login status=200 dur_ms=87
2026-09-30T00:15:43.581Z INFO  req-102093 /api/login status=200 dur_ms=64
2026-09-30T00:15:44.194Z INFO  req-102094 /api/catalog status=200 dur_ms=41
2026-09-30T00:15:44.602Z INFO  req-102095 /api/orders status=200 dur_ms=39
2026-09-30T00:15:44.959Z INFO  req-102096 /api/catalog status=200 dur_ms=75
2026-09-30T00:15:45.110Z INFO  req-102097 /api/health status=200 dur_ms=16
2026-09-30T00:15:45.493Z INFO  req-102098 /api/catalog status=200 dur_ms=14
2026-09-30T00:15:45.804Z INFO  req-102099 /api/login status=200 dur_ms=54
2026-09-30T00:15:46.081Z INFO  req-102100 /api/cart status=200 dur_ms=116
2026-09-30T00:15:46.372Z INFO  req-102101 /api/login status=200 dur_ms=45
2026-09-30T00:15:46.634Z INFO  req-102102 /api/orders status=200 dur_ms=30
2026-09-30T00:15:46.973Z INFO  req-102103 /api/catalog status=200 dur_ms=104
2026-09-30T00:15:47.414Z INFO  req-102104 /api/health status=200 dur_ms=5
2026-09-30T00:15:48.162Z INFO  req-102105 /api/health status=200 dur_ms=38
2026-09-30T00:15:48.176Z INFO  req-102106 /api/health status=200 dur_ms=19
2026-09-30T00:15:48.394Z INFO  req-102107 /api/health status=200 dur_ms=45
2026-09-30T00:15:48.517Z INFO  req-102108 /api/cart status=200 dur_ms=34
2026-09-30T00:15:48.606Z INFO  req-102109 /api/cart status=200 dur_ms=65
2026-09-30T00:15:48.919Z INFO  req-102110 /api/login status=200 dur_ms=101
2026-09-30T00:15:49.760Z INFO  req-102111 /api/health status=200 dur_ms=55
2026-09-30T00:15:50.398Z INFO  req-102112 /api/login status=200 dur_ms=25
2026-09-30T00:15:50.885Z INFO  req-102113 /api/catalog status=200 dur_ms=33
2026-09-30T00:15:51.150Z INFO  req-102114 /api/orders status=200 dur_ms=32
2026-09-30T00:15:51.404Z INFO  req-102115 /api/orders status=200 dur_ms=27
2026-09-30T00:15:52.122Z INFO  req-102116 /api/catalog status=200 dur_ms=70
2026-09-30T00:15:52.820Z INFO  req-102117 /api/health status=200 dur_ms=112
2026-09-30T00:15:53.331Z INFO  req-102118 /api/orders status=200 dur_ms=26
2026-09-30T00:15:54.013Z INFO  req-102119 /api/cart status=200 dur_ms=68
2026-09-30T00:15:54.501Z INFO  req-102120 /api/health status=200 dur_ms=7
2026-09-30T00:15:54.589Z INFO  req-102121 /api/orders status=200 dur_ms=64
2026-09-30T00:15:54.742Z INFO  req-102122 /api/catalog status=200 dur_ms=103
2026-09-30T00:15:55.389Z WARN  req-102123 /api/login status=401 dur_ms=26
2026-09-30T00:15:55.519Z INFO  req-102124 /api/login status=200 dur_ms=99
2026-09-30T00:15:55.862Z INFO  req-102125 /api/cart status=200 dur_ms=45
2026-09-30T00:15:56.667Z INFO  req-102126 /api/health status=200 dur_ms=4
2026-09-30T00:15:57.171Z INFO  req-102127 /api/catalog status=200 dur_ms=27
2026-09-30T00:15:57.730Z INFO  req-102128 /api/orders status=200 dur_ms=90
2026-09-30T00:15:58.600Z INFO  req-102129 /api/catalog status=200 dur_ms=78
2026-09-30T00:15:59.383Z WARN  req-102130 /api/catalog status=400 dur_ms=14
2026-09-30T00:16:00.186Z INFO  req-102131 /api/health status=200 dur_ms=48
2026-09-30T00:16:00.888Z WARN  req-102132 /api/orders status=400 dur_ms=21
2026-09-30T00:16:01.529Z INFO  req-102133 /api/cart status=200 dur_ms=62
2026-09-30T00:16:01.806Z INFO  req-102134 /api/health status=200 dur_ms=106
2026-09-30T00:16:02.365Z INFO  req-102135 /api/catalog status=200 dur_ms=64
2026-09-30T00:16:02.547Z WARN  req-102136 /api/health status=429 dur_ms=14
2026-09-30T00:16:03.292Z INFO  req-102137 /api/orders status=200 dur_ms=69
2026-09-30T00:16:04.014Z INFO  req-102138 /api/orders status=200 dur_ms=79
2026-09-30T00:16:04.144Z ERROR req-102139 upstream timeout calling payments, retrying (1/3)
2026-09-30T00:16:04.144Z INFO  req-102139 /api/cart retry ok
2026-09-30T00:16:04.144Z INFO  req-102139 /api/cart status=200 dur_ms=1198
2026-09-30T00:16:04.754Z INFO  req-102140 /api/health status=200 dur_ms=37
2026-09-30T00:16:04.784Z INFO  req-102141 /api/login status=200 dur_ms=36
2026-09-30T00:16:05.325Z WARN  req-102142 /api/catalog status=429 dur_ms=15
2026-09-30T00:16:06.083Z INFO  req-102143 /api/catalog status=200 dur_ms=20
2026-09-30T00:16:06.112Z INFO  req-102144 /api/login status=200 dur_ms=36
2026-09-30T00:16:06.247Z INFO  req-102145 /api/health status=200 dur_ms=116
2026-09-30T00:16:06.251Z INFO  req-102146 /api/orders status=200 dur_ms=66
2026-09-30T00:16:06.358Z INFO  req-102147 /api/login status=200 dur_ms=109
2026-09-30T00:16:07.227Z INFO  req-102148 /api/orders status=200 dur_ms=53
2026-09-30T00:16:07.940Z INFO  req-102149 /api/cart status=200 dur_ms=24
2026-09-30T00:16:08.089Z INFO  req-102150 /api/cart status=200 dur_ms=104
2026-09-30T00:16:08.987Z INFO  req-102151 /api/cart status=200 dur_ms=37
2026-09-30T00:16:09.260Z WARN  req-102152 /api/orders status=429 dur_ms=25
2026-09-30T00:16:09.844Z WARN  req-102153 /api/login status=401 dur_ms=35
2026-09-30T00:16:10.065Z INFO  req-102154 /api/orders status=200 dur_ms=44
2026-09-30T00:16:10.302Z INFO  req-102155 /api/orders status=200 dur_ms=8
2026-09-30T00:16:10.731Z INFO  req-102156 /api/orders status=200 dur_ms=119
2026-09-30T00:16:11.221Z INFO  req-102157 /api/catalog status=200 dur_ms=99
2026-09-30T00:16:11.639Z INFO  req-102158 /api/catalog status=200 dur_ms=20
2026-09-30T00:16:12.208Z INFO  req-102159 /api/cart status=200 dur_ms=101
2026-09-30T00:16:12.690Z INFO  req-102160 /api/health status=200 dur_ms=73
2026-09-30T00:16:13.535Z INFO  req-102161 /api/health status=200 dur_ms=117
2026-09-30T00:16:13.657Z INFO  req-102162 /api/cart status=200 dur_ms=15
2026-09-30T00:16:13.778Z INFO  req-102163 /api/health status=200 dur_ms=84
2026-09-30T00:16:14.311Z INFO  req-102164 /api/login status=200 dur_ms=76
2026-09-30T00:16:14.887Z INFO  req-102165 /api/orders status=200 dur_ms=85
2026-09-30T00:16:15.163Z INFO  req-102166 /api/cart status=200 dur_ms=75
2026-09-30T00:16:15.939Z INFO  req-102167 /api/orders status=200 dur_ms=18
2026-09-30T00:16:16.277Z INFO  req-102168 /api/cart status=200 dur_ms=10
2026-09-30T00:16:16.720Z INFO  req-102169 /api/login status=200 dur_ms=48
2026-09-30T00:16:17.250Z INFO  req-102170 /api/cart status=200 dur_ms=35
2026-09-30T00:16:17.631Z INFO  req-102171 /api/login status=200 dur_ms=13
2026-09-30T00:16:18.083Z ERROR req-102172 upstream timeout calling payments, retrying (1/3)
2026-09-30T00:16:18.083Z INFO  req-102172 /api/orders retry ok
2026-09-30T00:16:18.083Z INFO  req-102172 /api/orders status=200 dur_ms=1109
2026-09-30T00:16:18.591Z INFO  req-102173 /api/login status=200 dur_ms=17
2026-09-30T00:16:18.967Z ERROR req-102174 upstream timeout calling payments, retrying (1/3)
2026-09-30T00:16:18.967Z INFO  req-102174 /api/login retry ok
2026-09-30T00:16:18.967Z INFO  req-102174 /api/login status=200 dur_ms=331
2026-09-30T00:16:19.122Z INFO  req-102175 /api/health status=200 dur_ms=113
2026-09-30T00:16:19.599Z INFO  req-102176 /api/orders status=200 dur_ms=118
2026-09-30T00:16:19.840Z INFO  req-102177 /api/catalog status=200 dur_ms=59
2026-09-30T00:16:20.101Z INFO  req-102178 /api/cart status=200 dur_ms=58
2026-09-30T00:16:20.498Z WARN  req-102179 fx rate cache miss for GBP, using fallback table
2026-09-30T00:16:20.498Z INFO  req-102179 /api/catalog status=200 dur_ms=19
2026-09-30T00:16:20.856Z INFO  req-102180 /api/cart status=200 dur_ms=119
2026-09-30T00:16:21.005Z INFO  req-102181 /api/cart status=200 dur_ms=95
2026-09-30T00:16:21.226Z WARN  req-102182 /api/cart status=429 dur_ms=10
2026-09-30T00:16:21.329Z INFO  req-102183 /api/orders status=200 dur_ms=55
2026-09-30T00:16:21.748Z INFO  req-102184 /api/orders status=200 dur_ms=77
2026-09-30T00:16:21.983Z INFO  req-102185 /api/catalog status=200 dur_ms=75
2026-09-30T00:16:22.316Z WARN  req-102186 /api/login status=401 dur_ms=35
2026-09-30T00:16:22.655Z INFO  req-102187 /api/orders status=200 dur_ms=43
2026-09-30T00:16:23.548Z INFO  req-102188 /api/orders status=200 dur_ms=34
2026-09-30T00:16:23.969Z INFO  req-102189 /api/catalog status=200 dur_ms=83
2026-09-30T00:16:24.482Z INFO  req-102190 /api/orders status=200 dur_ms=59
2026-09-30T00:16:24.610Z INFO  req-102191 /api/catalog status=200 dur_ms=23
2026-09-30T00:16:25.495Z INFO  req-102192 /api/login status=200 dur_ms=21
2026-09-30T00:16:26.023Z INFO  req-102193 /api/login status=200 dur_ms=89
2026-09-30T00:16:26.306Z INFO  req-102194 /api/catalog status=200 dur_ms=39
2026-09-30T00:16:26.575Z INFO  req-102195 /api/catalog status=200 dur_ms=118
2026-09-30T00:16:27.198Z INFO  req-102196 /api/catalog status=200 dur_ms=58
2026-09-30T00:16:27.333Z INFO  req-102197 /api/health status=200 dur_ms=24
2026-09-30T00:16:27.738Z INFO  req-102198 /api/health status=200 dur_ms=53
2026-09-30T00:16:28.612Z INFO  req-102199 /api/cart status=200 dur_ms=21
2026-09-30T00:16:29.405Z INFO  req-102200 /api/orders status=200 dur_ms=56
2026-09-30T00:16:30.252Z INFO  req-102201 /api/health status=200 dur_ms=24
2026-09-30T00:16:30.790Z INFO  req-102202 /api/catalog status=200 dur_ms=50
2026-09-30T00:16:31.069Z INFO  req-102203 /api/catalog status=200 dur_ms=115
2026-09-30T00:16:31.438Z INFO  req-102204 /api/cart status=200 dur_ms=67
2026-09-30T00:16:31.978Z INFO  req-102205 /api/catalog status=200 dur_ms=24
2026-09-30T00:16:32.638Z INFO  req-102206 /api/login status=200 dur_ms=35
2026-09-30T00:16:32.641Z INFO  req-102207 /api/cart status=200 dur_ms=25
2026-09-30T00:16:32.712Z INFO  req-102208 /api/orders status=200 dur_ms=29
2026-09-30T00:16:32.824Z INFO  req-102209 /api/login status=200 dur_ms=65
2026-09-30T00:16:33.159Z INFO  req-102210 /api/health status=200 dur_ms=107
2026-09-30T00:16:33.446Z INFO  req-102211 /api/orders status=200 dur_ms=91
2026-09-30T00:16:34.209Z INFO  req-102212 /api/orders status=200 dur_ms=75
2026-09-30T00:16:34.255Z ERROR req-102213 upstream timeout calling payments, retrying (1/3)
2026-09-30T00:16:34.255Z INFO  req-102213 /api/login retry ok
2026-09-30T00:16:34.255Z INFO  req-102213 /api/login status=200 dur_ms=828
2026-09-30T00:16:35.142Z INFO  req-102214 /api/login status=200 dur_ms=112
2026-09-30T00:16:35.583Z INFO  req-102215 /api/cart status=200 dur_ms=71
2026-09-30T00:16:36.355Z INFO  req-102216 /api/cart status=200 dur_ms=7
2026-09-30T00:16:37.224Z INFO  req-102217 /api/health status=200 dur_ms=110
2026-09-30T00:16:38.010Z WARN  req-102218 fx rate cache miss for GBP, using fallback table
2026-09-30T00:16:38.010Z INFO  req-102218 /api/health status=200 dur_ms=17
2026-09-30T00:16:38.775Z INFO  req-102219 /api/login status=200 dur_ms=84
2026-09-30T00:16:39.503Z INFO  req-102220 /api/health status=200 dur_ms=37
2026-09-30T00:16:39.783Z INFO  req-102221 /api/catalog status=200 dur_ms=101
2026-09-30T00:16:39.828Z WARN  req-102222 /api/cart status=404 dur_ms=38
2026-09-30T00:16:40.020Z INFO  req-102223 /api/health status=200 dur_ms=36
2026-09-30T00:16:40.274Z INFO  req-102224 /api/login status=200 dur_ms=67
2026-09-30T00:16:40.577Z INFO  req-102225 /api/orders status=200 dur_ms=72
2026-09-30T00:16:40.756Z ERROR req-102226 upstream timeout calling payments, retrying (1/3)
2026-09-30T00:16:40.756Z INFO  req-102226 /api/health retry ok
2026-09-30T00:16:40.756Z INFO  req-102226 /api/health status=200 dur_ms=1352
2026-09-30T00:16:41.283Z INFO  req-102227 /api/login status=200 dur_ms=95
2026-09-30T00:16:41.713Z INFO  req-102228 /api/cart status=200 dur_ms=23
2026-09-30T00:16:41.756Z INFO  req-102229 /api/orders status=200 dur_ms=4
2026-09-30T00:16:42.422Z INFO  req-102230 /api/catalog status=200 dur_ms=5
2026-09-30T00:16:43.039Z WARN  req-102231 /api/catalog status=401 dur_ms=21
2026-09-30T00:16:43.341Z INFO  req-102232 /api/orders status=200 dur_ms=66
2026-09-30T00:16:44.044Z INFO  req-102233 /api/cart status=200 dur_ms=85
2026-09-30T00:16:44.204Z INFO  req-102234 /api/health status=200 dur_ms=42
2026-09-30T00:16:44.384Z INFO  req-102235 /api/catalog status=200 dur_ms=59
2026-09-30T00:16:44.797Z INFO  req-102236 /api/health status=200 dur_ms=51
2026-09-30T00:16:44.936Z INFO  req-102237 /api/login status=200 dur_ms=32
2026-09-30T00:16:45.350Z INFO  req-102238 /api/orders status=200 dur_ms=69
2026-09-30T00:16:45.688Z INFO  req-102239 /api/cart status=200 dur_ms=112
2026-09-30T00:16:46.453Z INFO  req-102240 /api/login status=200 dur_ms=72
2026-09-30T00:16:47.260Z INFO  req-102241 /api/orders status=200 dur_ms=74
2026-09-30T00:16:47.522Z INFO  req-102242 /api/catalog status=200 dur_ms=114
2026-09-30T00:16:47.859Z INFO  req-102243 /api/cart status=200 dur_ms=4
2026-09-30T00:16:48.411Z WARN  req-102244 /api/catalog status=429 dur_ms=18
2026-09-30T00:16:48.736Z WARN  req-102245 /api/health status=400 dur_ms=25
2026-09-30T00:16:49.092Z INFO  req-102246 /api/catalog status=200 dur_ms=120
2026-09-30T00:16:49.944Z INFO  req-102247 /api/orders status=200 dur_ms=45
2026-09-30T00:16:50.256Z INFO  req-102248 /api/login status=200 dur_ms=14
2026-09-30T00:16:51.020Z INFO  req-102249 /api/orders status=200 dur_ms=47
2026-09-30T00:16:51.749Z INFO  req-102250 /api/cart status=200 dur_ms=89
2026-09-30T00:16:52.632Z INFO  req-102251 /api/login status=200 dur_ms=73
2026-09-30T00:16:53.237Z INFO  req-102252 /api/health status=200 dur_ms=19
2026-09-30T00:16:53.310Z INFO  req-102253 /api/health status=200 dur_ms=82
2026-09-30T00:16:53.397Z INFO  req-102254 /api/cart status=200 dur_ms=7
2026-09-30T00:16:53.439Z INFO  req-102255 /api/login status=200 dur_ms=38
2026-09-30T00:16:54.007Z INFO  req-102256 /api/catalog status=200 dur_ms=54
2026-09-30T00:16:54.578Z INFO  req-102257 /api/catalog status=200 dur_ms=119
2026-09-30T00:16:54.834Z WARN  req-102258 fx rate cache miss for GBP, using fallback table
2026-09-30T00:16:54.834Z INFO  req-102258 /api/catalog status=200 dur_ms=87
2026-09-30T00:16:55.473Z INFO  req-102259 /api/orders status=200 dur_ms=32
2026-09-30T00:16:55.526Z INFO  req-102260 /api/catalog status=200 dur_ms=98
2026-09-30T00:16:56.324Z INFO  req-102261 /api/cart status=200 dur_ms=70
2026-09-30T00:16:57.113Z INFO  req-102262 /api/login status=200 dur_ms=111
2026-09-30T00:16:57.891Z INFO  req-102263 /api/cart status=200 dur_ms=63
2026-09-30T00:16:58.720Z INFO  req-102264 /api/catalog status=200 dur_ms=89
2026-09-30T00:16:59.044Z INFO  req-102265 /api/cart status=200 dur_ms=120
2026-09-30T00:16:59.862Z ERROR req-102266 upstream timeout calling payments, retrying (1/3)
2026-09-30T00:16:59.862Z INFO  req-102266 /api/cart retry ok
2026-09-30T00:16:59.862Z INFO  req-102266 /api/cart status=200 dur_ms=558
2026-09-30T00:17:00.564Z INFO  req-102267 /api/catalog status=200 dur_ms=74
2026-09-30T00:17:01.178Z INFO  req-102268 /api/login status=200 dur_ms=44
2026-09-30T00:17:01.845Z ERROR req-102269 upstream timeout calling payments, retrying (1/3)
2026-09-30T00:17:01.845Z INFO  req-102269 /api/cart retry ok
2026-09-30T00:17:01.845Z INFO  req-102269 /api/cart status=200 dur_ms=1430
2026-09-30T00:17:02.716Z INFO  req-102270 /api/orders status=200 dur_ms=45
2026-09-30T00:17:03.206Z INFO  req-102271 /api/cart status=200 dur_ms=49
2026-09-30T00:17:03.787Z INFO  req-102272 /api/cart status=200 dur_ms=7
2026-09-30T00:17:03.914Z INFO  req-102273 /api/orders status=200 dur_ms=74
2026-09-30T00:17:04.324Z INFO  req-102274 /api/health status=200 dur_ms=85
2026-09-30T00:17:04.783Z INFO  req-102275 /api/cart status=200 dur_ms=118
2026-09-30T00:17:05.335Z INFO  req-102276 /api/login status=200 dur_ms=58
2026-09-30T00:17:05.929Z INFO  req-102277 /api/login status=200 dur_ms=71
2026-09-30T00:17:06.285Z INFO  req-102278 /api/catalog status=200 dur_ms=107
2026-09-30T00:17:06.727Z WARN  req-102279 /api/orders status=404 dur_ms=10
2026-09-30T00:17:07.283Z INFO  req-102280 /api/catalog status=200 dur_ms=32
2026-09-30T00:17:07.510Z INFO  req-102281 /api/health status=200 dur_ms=4
2026-09-30T00:17:07.921Z INFO  req-102282 /api/orders status=200 dur_ms=3
2026-09-30T00:17:08.462Z INFO  req-102283 /api/login status=200 dur_ms=51
2026-09-30T00:17:09.074Z INFO  req-102284 /api/login status=200 dur_ms=90
2026-09-30T00:17:09.721Z INFO  req-102285 /api/cart status=200 dur_ms=60
2026-09-30T00:17:10.197Z INFO  req-102286 /api/cart status=200 dur_ms=7
2026-09-30T00:17:10.297Z INFO  req-102287 /api/login status=200 dur_ms=43
2026-09-30T00:17:10.488Z INFO  req-102288 /api/login status=200 dur_ms=114
2026-09-30T00:17:10.517Z INFO  req-102289 /api/cart status=200 dur_ms=113
2026-09-30T00:17:10.697Z INFO  req-102290 /api/health status=200 dur_ms=96
2026-09-30T00:17:11.323Z INFO  req-102291 /api/orders status=200 dur_ms=44
2026-09-30T00:17:11.330Z INFO  req-102292 /api/health status=200 dur_ms=51
2026-09-30T00:17:11.943Z INFO  req-102293 /api/health status=200 dur_ms=44
2026-09-30T00:17:12.678Z INFO  req-102294 /api/health status=200 dur_ms=20
2026-09-30T00:17:12.859Z INFO  req-102295 /api/orders status=200 dur_ms=77
2026-09-30T00:17:13.728Z INFO  req-102296 /api/orders status=200 dur_ms=61
2026-09-30T00:17:14.284Z INFO  req-102297 /api/health status=200 dur_ms=30
2026-09-30T00:17:14.798Z WARN  req-102298 fx rate cache miss for USD, using fallback table
2026-09-30T00:17:14.798Z INFO  req-102298 /api/health status=200 dur_ms=57
2026-09-30T00:17:15.346Z INFO  req-102299 /api/health status=200 dur_ms=34
2026-09-30T00:17:15.894Z ERROR req-102300 upstream timeout calling payments, retrying (1/3)
2026-09-30T00:17:15.894Z INFO  req-102300 /api/login retry ok
2026-09-30T00:17:15.894Z INFO  req-102300 /api/login status=200 dur_ms=840
2026-09-30T00:17:16.607Z INFO  req-102301 /api/health status=200 dur_ms=11
2026-09-30T00:17:17.199Z INFO  req-102302 /api/cart status=200 dur_ms=114
2026-09-30T00:17:17.789Z INFO  req-102303 /api/orders status=200 dur_ms=46
2026-09-30T00:17:18.216Z ERROR req-102304 upstream timeout calling payments, retrying (1/3)
2026-09-30T00:17:18.216Z INFO  req-102304 /api/health retry ok
2026-09-30T00:17:18.216Z INFO  req-102304 /api/health status=200 dur_ms=821
2026-09-30T00:17:18.233Z INFO  req-102305 /api/login status=200 dur_ms=9
2026-09-30T00:17:18.476Z INFO  req-102306 /api/login status=200 dur_ms=85
2026-09-30T00:17:18.946Z WARN  req-102307 /api/health status=400 dur_ms=36
2026-09-30T00:17:19.660Z INFO  req-102308 /api/orders status=200 dur_ms=20
2026-09-30T00:17:19.740Z INFO  req-102309 /api/cart status=200 dur_ms=59
2026-09-30T00:17:20.554Z INFO  req-102310 /api/catalog status=200 dur_ms=120
2026-09-30T00:17:21.287Z INFO  req-102311 /api/health status=200 dur_ms=68
2026-09-30T00:17:21.636Z INFO  req-102312 /api/cart status=200 dur_ms=87
2026-09-30T00:17:22.436Z INFO  req-102313 /api/cart status=200 dur_ms=81
2026-09-30T00:17:23.009Z INFO  req-102314 /api/catalog status=200 dur_ms=12
2026-09-30T00:17:23.889Z INFO  req-102315 /api/login status=200 dur_ms=70
2026-09-30T00:17:24.767Z INFO  req-102316 /api/catalog status=200 dur_ms=104
2026-09-30T00:17:25.614Z INFO  req-102317 /api/catalog status=200 dur_ms=54
2026-09-30T00:17:26.036Z INFO  req-102318 /api/health status=200 dur_ms=56
2026-09-30T00:17:26.234Z ERROR req-102319 upstream timeout calling payments, retrying (1/3)
2026-09-30T00:17:26.234Z INFO  req-102319 /api/orders retry ok
2026-09-30T00:17:26.234Z INFO  req-102319 /api/orders status=200 dur_ms=1988
2026-09-30T00:17:26.965Z INFO  req-102320 /api/catalog status=200 dur_ms=34
2026-09-30T00:17:27.419Z INFO  req-102321 /api/catalog status=200 dur_ms=93
2026-09-30T00:17:27.425Z INFO  req-102322 /api/orders status=200 dur_ms=78
2026-09-30T00:17:28.292Z INFO  req-102323 /api/orders status=200 dur_ms=9
2026-09-30T00:17:28.734Z INFO  req-102324 /api/catalog status=200 dur_ms=77
2026-09-30T00:17:28.843Z INFO  req-102325 /api/catalog status=200 dur_ms=11
2026-09-30T00:17:29.498Z INFO  req-102326 /api/orders status=200 dur_ms=31
2026-09-30T00:17:29.727Z WARN  req-102327 /api/login status=400 dur_ms=22
2026-09-30T00:17:30.173Z INFO  req-102328 /api/cart status=200 dur_ms=22
2026-09-30T00:17:30.988Z INFO  req-102329 /api/catalog status=200 dur_ms=43
2026-09-30T00:17:31.378Z INFO  req-102330 /api/catalog status=200 dur_ms=70
2026-09-30T00:17:31.482Z INFO  req-102331 /api/orders status=200 dur_ms=59
2026-09-30T00:17:32.057Z INFO  req-102332 /api/orders status=200 dur_ms=11
2026-09-30T00:17:32.822Z INFO  req-102333 /api/health status=200 dur_ms=111
2026-09-30T00:17:32.954Z WARN  req-102334 /api/cart status=429 dur_ms=32
2026-09-30T00:17:33.341Z INFO  req-102335 /api/login status=200 dur_ms=112
2026-09-30T00:17:33.775Z INFO  req-102336 /api/cart status=200 dur_ms=38
2026-09-30T00:17:34.339Z WARN  req-102337 /api/login status=401 dur_ms=23
2026-09-30T00:17:34.721Z INFO  req-102338 /api/catalog status=200 dur_ms=33
2026-09-30T00:17:35.178Z INFO  req-102339 /api/cart status=200 dur_ms=66
2026-09-30T00:17:35.685Z INFO  req-102340 /api/catalog status=200 dur_ms=28
2026-09-30T00:17:35.919Z INFO  req-102341 /api/health status=200 dur_ms=10
2026-09-30T00:17:35.992Z INFO  req-102342 /api/cart status=200 dur_ms=25
2026-09-30T00:17:36.755Z INFO  req-102343 /api/cart status=200 dur_ms=2
2026-09-30T00:17:37.168Z WARN  req-102344 /api/orders status=429 dur_ms=14
2026-09-30T00:17:37.196Z INFO  req-102345 /api/catalog status=200 dur_ms=27
2026-09-30T00:17:37.970Z INFO  req-102346 /api/cart status=200 dur_ms=43
2026-09-30T00:17:38.185Z INFO  req-102347 /api/login status=200 dur_ms=26
2026-09-30T00:17:38.740Z INFO  req-102348 /api/catalog status=200 dur_ms=101
2026-09-30T00:17:38.745Z INFO  req-102349 /api/health status=200 dur_ms=97
2026-09-30T00:17:39.611Z INFO  req-102350 /api/orders status=200 dur_ms=87
2026-09-30T00:17:39.918Z ERROR req-102351 upstream timeout calling payments, retrying (1/3)
2026-09-30T00:17:39.918Z INFO  req-102351 /api/orders retry ok
2026-09-30T00:17:39.918Z INFO  req-102351 /api/orders status=200 dur_ms=350
2026-09-30T00:17:40.716Z INFO  req-102352 /api/login status=200 dur_ms=108
2026-09-30T00:17:41.148Z INFO  req-102353 /api/health status=200 dur_ms=109
2026-09-30T00:17:41.165Z INFO  req-102354 /api/login status=200 dur_ms=91
2026-09-30T00:17:41.628Z INFO  req-102355 /api/orders status=200 dur_ms=22
2026-09-30T00:17:42.479Z INFO  req-102356 /api/cart status=200 dur_ms=42
2026-09-30T00:17:43.064Z INFO  req-102357 /api/login status=200 dur_ms=61
2026-09-30T00:17:43.085Z INFO  req-102358 /api/health status=200 dur_ms=4
2026-09-30T00:17:43.155Z INFO  req-102359 /api/orders status=200 dur_ms=117
2026-09-30T00:17:43.608Z INFO  req-102360 /api/orders status=200 dur_ms=69
2026-09-30T00:17:44.036Z INFO  req-102361 /api/cart status=200 dur_ms=105
2026-09-30T00:17:44.894Z INFO  req-102362 /api/orders status=200 dur_ms=36
2026-09-30T00:17:44.908Z INFO  req-102363 /api/login status=200 dur_ms=108
2026-09-30T00:17:45.553Z INFO  req-102364 /api/catalog status=200 dur_ms=52
2026-09-30T00:17:46.431Z INFO  req-102365 /api/health status=200 dur_ms=79
2026-09-30T00:17:46.433Z INFO  req-102366 /api/login status=200 dur_ms=55
2026-09-30T00:17:47.144Z INFO  req-102367 /api/login status=200 dur_ms=76
2026-09-30T00:17:47.314Z INFO  req-102368 /api/orders status=200 dur_ms=12
2026-09-30T00:17:47.495Z INFO  req-102369 /api/catalog status=200 dur_ms=24
2026-09-30T00:17:47.828Z INFO  req-102370 /api/cart status=200 dur_ms=112
2026-09-30T00:17:47.890Z INFO  req-102371 /api/catalog status=200 dur_ms=66
2026-09-30T00:17:48.735Z INFO  req-102372 /api/health status=200 dur_ms=68
2026-09-30T00:17:48.743Z INFO  req-102373 /api/health status=200 dur_ms=54
2026-09-30T00:17:48.954Z INFO  req-102374 /api/catalog status=200 dur_ms=41
2026-09-30T00:17:48.997Z INFO  req-102375 /api/cart status=200 dur_ms=75
2026-09-30T00:17:49.233Z INFO  req-102376 /api/login status=200 dur_ms=51
2026-09-30T00:17:49.312Z WARN  req-102377 /api/orders status=404 dur_ms=36
2026-09-30T00:17:49.439Z INFO  req-102378 /api/orders status=200 dur_ms=95
2026-09-30T00:17:50.150Z INFO  req-102379 /api/catalog status=200 dur_ms=6
2026-09-30T00:17:50.890Z INFO  req-102380 /api/login status=200 dur_ms=69
2026-09-30T00:17:51.123Z INFO  req-102381 /api/cart status=200 dur_ms=52
2026-09-30T00:17:51.368Z INFO  req-102382 /api/catalog status=200 dur_ms=84
2026-09-30T00:17:52.254Z INFO  req-102383 /api/cart status=200 dur_ms=24
2026-09-30T00:17:52.714Z INFO  req-102384 /api/login status=200 dur_ms=61
2026-09-30T00:17:52.775Z INFO  req-102385 /api/catalog status=200 dur_ms=71
2026-09-30T00:17:53.008Z INFO  req-102386 /api/login status=200 dur_ms=87
2026-09-30T00:17:53.661Z INFO  req-102387 /api/login status=200 dur_ms=48
2026-09-30T00:17:54.327Z ERROR req-102388 upstream timeout calling payments, retrying (1/3)
2026-09-30T00:17:54.327Z INFO  req-102388 /api/login retry ok
2026-09-30T00:17:54.327Z INFO  req-102388 /api/login status=200 dur_ms=1922
2026-09-30T00:17:55.075Z INFO  req-102389 /api/orders status=200 dur_ms=30
2026-09-30T00:17:55.828Z INFO  req-102390 /api/catalog status=200 dur_ms=110
2026-09-30T00:17:55.849Z INFO  req-102391 /api/catalog status=200 dur_ms=2
2026-09-30T00:17:56.405Z INFO  req-102392 /api/cart status=200 dur_ms=106
2026-09-30T00:17:56.616Z INFO  req-102393 /api/health status=200 dur_ms=89
2026-09-30T00:17:56.866Z INFO  req-102394 /api/catalog status=200 dur_ms=55
2026-09-30T00:17:57.136Z INFO  req-102395 /api/health status=200 dur_ms=20
2026-09-30T00:17:57.156Z INFO  req-102396 /api/health status=200 dur_ms=96
2026-09-30T00:17:57.765Z INFO  req-102397 /api/orders status=200 dur_ms=85
2026-09-30T00:17:58.004Z WARN  req-102398 /api/cart status=429 dur_ms=15
2026-09-30T00:17:58.857Z INFO  req-102399 /api/catalog status=200 dur_ms=17
2026-09-30T00:17:59.371Z INFO  req-102400 /api/orders status=200 dur_ms=2
2026-09-30T00:17:59.699Z INFO  req-102401 /api/login status=200 dur_ms=88
2026-09-30T00:17:59.894Z INFO  req-102402 /api/login status=200 dur_ms=105
2026-09-30T00:18:00.282Z INFO  req-102403 /api/orders status=200 dur_ms=27
2026-09-30T00:18:01.140Z INFO  req-102404 /api/health status=200 dur_ms=11
2026-09-30T00:18:01.928Z WARN  req-102405 fx rate cache miss for GBP, using fallback table
2026-09-30T00:18:01.928Z INFO  req-102405 /api/cart status=200 dur_ms=19
2026-09-30T00:18:02.134Z INFO  req-102406 /api/cart status=200 dur_ms=37
2026-09-30T00:18:02.337Z INFO  req-102407 /api/login status=200 dur_ms=16
2026-09-30T00:18:03.027Z INFO  req-102408 /api/health status=200 dur_ms=50
2026-09-30T00:18:03.448Z WARN  req-102409 fx rate cache miss for USD, using fallback table
2026-09-30T00:18:03.448Z INFO  req-102409 /api/login status=200 dur_ms=25
2026-09-30T00:18:03.588Z INFO  req-102410 /api/catalog status=200 dur_ms=83
2026-09-30T00:18:04.266Z INFO  req-102411 /api/login status=200 dur_ms=101
2026-09-30T00:18:05.141Z INFO  req-102412 /api/catalog status=200 dur_ms=65
2026-09-30T00:18:05.689Z INFO  req-102413 /api/catalog status=200 dur_ms=32
2026-09-30T00:18:05.879Z INFO  req-102414 /api/orders status=200 dur_ms=62
2026-09-30T00:18:06.238Z INFO  req-102415 /api/health status=200 dur_ms=85
2026-09-30T00:18:06.916Z WARN  req-102416 /api/catalog status=400 dur_ms=39
2026-09-30T00:18:07.459Z ERROR req-102417 upstream timeout calling payments, retrying (1/3)
2026-09-30T00:18:07.459Z INFO  req-102417 /api/orders retry ok
2026-09-30T00:18:07.459Z INFO  req-102417 /api/orders status=200 dur_ms=1476
2026-09-30T00:18:08.039Z INFO  req-102418 /api/orders status=200 dur_ms=15
2026-09-30T00:18:08.831Z INFO  req-102419 /api/login status=200 dur_ms=55
2026-09-30T00:18:09.374Z INFO  req-102420 /api/health status=200 dur_ms=95
2026-09-30T00:18:09.780Z INFO  req-102421 /api/login status=200 dur_ms=71
2026-09-30T00:18:10.640Z INFO  req-102422 /api/catalog status=200 dur_ms=100
2026-09-30T00:18:11.338Z INFO  req-102423 /api/orders status=200 dur_ms=40
2026-09-30T00:18:12.117Z INFO  req-102424 /api/catalog status=200 dur_ms=74
2026-09-30T00:18:12.525Z INFO  req-102425 /api/catalog status=200 dur_ms=57
2026-09-30T00:18:13.326Z INFO  req-102426 /api/orders status=200 dur_ms=64
2026-09-30T00:18:14.132Z INFO  req-102427 /api/health status=200 dur_ms=94
2026-09-30T00:18:14.441Z INFO  req-102428 /api/cart status=200 dur_ms=104
2026-09-30T00:18:15.197Z INFO  req-102429 /api/cart status=200 dur_ms=91
2026-09-30T00:18:15.242Z INFO  req-102430 /api/health status=200 dur_ms=66
2026-09-30T00:18:15.269Z INFO  req-102431 /api/catalog status=200 dur_ms=70
2026-09-30T00:18:16.124Z INFO  req-102432 /api/orders status=200 dur_ms=64
2026-09-30T00:18:16.620Z WARN  req-102433 /api/catalog status=429 dur_ms=30
2026-09-30T00:18:16.977Z INFO  req-102434 /api/health status=200 dur_ms=69
2026-09-30T00:18:17.324Z INFO  req-102435 /api/catalog status=200 dur_ms=60
2026-09-30T00:18:17.343Z INFO  req-102436 /api/orders status=200 dur_ms=48
2026-09-30T00:18:17.632Z INFO  req-102437 /api/health status=200 dur_ms=43
2026-09-30T00:18:18.393Z INFO  req-102438 /api/login status=200 dur_ms=103
2026-09-30T00:18:19.234Z ERROR req-102439 upstream timeout calling payments, retrying (1/3)
2026-09-30T00:18:19.234Z INFO  req-102439 /api/catalog retry ok
2026-09-30T00:18:19.234Z INFO  req-102439 /api/catalog status=200 dur_ms=722
2026-09-30T00:18:19.612Z INFO  req-102440 /api/health status=200 dur_ms=51
2026-09-30T00:18:19.746Z INFO  req-102441 /api/cart status=200 dur_ms=76
2026-09-30T00:18:20.336Z INFO  req-102442 /api/orders status=200 dur_ms=84
2026-09-30T00:18:20.943Z INFO  req-102443 /api/catalog status=200 dur_ms=44
2026-09-30T00:18:21.650Z ERROR req-102444 upstream timeout calling payments, retrying (1/3)
2026-09-30T00:18:21.650Z INFO  req-102444 /api/catalog retry ok
2026-09-30T00:18:21.650Z INFO  req-102444 /api/catalog status=200 dur_ms=1394
2026-09-30T00:18:22.247Z INFO  req-102445 /api/health status=200 dur_ms=49
2026-09-30T00:18:22.674Z INFO  req-102446 /api/health status=200 dur_ms=50
2026-09-30T00:18:23.191Z INFO  req-102447 /api/health status=200 dur_ms=68
2026-09-30T00:18:23.430Z INFO  req-102448 /api/health status=200 dur_ms=24
2026-09-30T00:18:23.929Z INFO  req-102449 /api/login status=200 dur_ms=16
2026-09-30T00:18:24.145Z INFO  req-102450 /api/orders status=200 dur_ms=55
2026-09-30T00:18:24.663Z INFO  req-102451 /api/health status=200 dur_ms=103
2026-09-30T00:18:24.736Z WARN  req-102452 fx rate cache miss for GBP, using fallback table
2026-09-30T00:18:24.736Z INFO  req-102452 /api/orders status=200 dur_ms=68
2026-09-30T00:18:25.570Z INFO  req-102453 /api/orders status=200 dur_ms=116
2026-09-30T00:18:26.468Z INFO  req-102454 /api/health status=200 dur_ms=111
2026-09-30T00:18:26.623Z INFO  req-102455 /api/catalog status=200 dur_ms=8
2026-09-30T00:18:27.474Z INFO  req-102456 /api/catalog status=200 dur_ms=75
2026-09-30T00:18:27.984Z INFO  req-102457 /api/catalog status=200 dur_ms=30
2026-09-30T00:18:28.476Z INFO  req-102458 /api/orders status=200 dur_ms=15
2026-09-30T00:18:28.884Z INFO  req-102459 /api/catalog status=200 dur_ms=67
2026-09-30T00:18:29.753Z INFO  req-102460 /api/orders status=200 dur_ms=39
2026-09-30T00:18:30.362Z INFO  req-102461 /api/health status=200 dur_ms=113
2026-09-30T00:18:31.014Z INFO  req-102462 /api/catalog status=200 dur_ms=84
2026-09-30T00:18:31.155Z INFO  req-102463 /api/login status=200 dur_ms=60
2026-09-30T00:18:31.292Z INFO  req-102464 /api/catalog status=200 dur_ms=28
2026-09-30T00:18:32.028Z INFO  req-102465 /api/health status=200 dur_ms=41
2026-09-30T00:18:32.321Z INFO  req-102466 /api/orders status=200 dur_ms=120
2026-09-30T00:18:32.647Z INFO  req-102467 /api/orders status=200 dur_ms=31
2026-09-30T00:18:33.045Z INFO  req-102468 /api/catalog status=200 dur_ms=34
2026-09-30T00:18:33.844Z INFO  req-102469 /api/orders status=200 dur_ms=19
2026-09-30T00:18:34.097Z INFO  req-102470 /api/catalog status=200 dur_ms=115
2026-09-30T00:18:34.988Z INFO  req-102471 /api/orders status=200 dur_ms=42
2026-09-30T00:18:35.456Z INFO  req-102472 /api/cart status=200 dur_ms=102
2026-09-30T00:18:35.642Z INFO  req-102473 /api/health status=200 dur_ms=53
2026-09-30T00:18:35.655Z INFO  req-102474 /api/cart status=200 dur_ms=14
2026-09-30T00:18:35.722Z INFO  req-102475 /api/cart status=200 dur_ms=120
2026-09-30T00:18:35.887Z INFO  req-102476 /api/orders status=200 dur_ms=31
2026-09-30T00:18:36.128Z WARN  req-102477 /api/orders status=400 dur_ms=26
2026-09-30T00:18:36.662Z INFO  req-102478 /api/orders status=200 dur_ms=106
2026-09-30T00:18:37.191Z INFO  req-102479 /api/login status=200 dur_ms=14
2026-09-30T00:18:37.677Z INFO  req-102480 /api/cart status=200 dur_ms=109
2026-09-30T00:18:38.013Z WARN  req-102481 /api/health status=400 dur_ms=9
2026-09-30T00:18:38.423Z WARN  req-102482 fx rate cache miss for USD, using fallback table
2026-09-30T00:18:38.423Z INFO  req-102482 /api/orders status=200 dur_ms=38
2026-09-30T00:18:39.033Z INFO  req-102483 /api/orders status=200 dur_ms=44
2026-09-30T00:18:39.919Z INFO  req-102484 /api/cart status=200 dur_ms=33
2026-09-30T00:18:40.533Z INFO  req-102485 /api/catalog status=200 dur_ms=29
2026-09-30T00:18:41.242Z INFO  req-102486 /api/login status=200 dur_ms=19
2026-09-30T00:18:41.882Z INFO  req-102487 /api/orders status=200 dur_ms=3
2026-09-30T00:18:41.962Z INFO  req-102488 /api/health status=200 dur_ms=75
2026-09-30T00:18:42.233Z INFO  req-102489 /api/orders status=200 dur_ms=14
2026-09-30T00:18:43.045Z INFO  req-102490 /api/catalog status=200 dur_ms=73
2026-09-30T00:18:43.669Z INFO  req-102491 /api/catalog status=200 dur_ms=79
2026-09-30T00:18:43.870Z INFO  req-102492 /api/login status=200 dur_ms=68
2026-09-30T00:18:43.908Z WARN  req-102493 fx rate cache miss for USD, using fallback table
2026-09-30T00:18:43.908Z INFO  req-102493 /api/catalog status=200 dur_ms=88
2026-09-30T00:18:43.959Z WARN  req-102494 /api/orders status=404 dur_ms=18
2026-09-30T00:18:44.709Z INFO  req-102495 /api/login status=200 dur_ms=53
2026-09-30T00:18:45.075Z INFO  req-102496 /api/orders status=200 dur_ms=76
2026-09-30T00:18:45.320Z WARN  req-102497 /api/cart status=400 dur_ms=25
2026-09-30T00:18:46.015Z INFO  req-102498 /api/login status=200 dur_ms=50
2026-09-30T00:18:46.632Z INFO  req-102499 /api/catalog status=200 dur_ms=8
2026-09-30T00:18:47.229Z INFO  req-102500 /api/login status=200 dur_ms=62
2026-09-30T00:18:47.242Z INFO  req-102501 /api/orders status=200 dur_ms=113
2026-09-30T00:18:47.762Z INFO  req-102502 /api/login status=200 dur_ms=78
2026-09-30T00:18:48.273Z INFO  req-102503 /api/cart status=200 dur_ms=118
2026-09-30T00:18:48.918Z WARN  req-102504 /api/orders status=404 dur_ms=10
2026-09-30T00:18:49.441Z ERROR req-102505 upstream timeout calling payments, retrying (1/3)
2026-09-30T00:18:49.441Z INFO  req-102505 /api/catalog retry ok
2026-09-30T00:18:49.441Z INFO  req-102505 /api/catalog status=200 dur_ms=1088
2026-09-30T00:18:50.225Z INFO  req-102506 /api/catalog status=200 dur_ms=47
2026-09-30T00:18:50.563Z INFO  req-102507 /api/health status=200 dur_ms=117
2026-09-30T00:18:51.259Z INFO  req-102508 /api/catalog status=200 dur_ms=41
2026-09-30T00:18:51.332Z INFO  req-102509 /api/login status=200 dur_ms=5
2026-09-30T00:18:51.359Z INFO  req-102510 /api/health status=200 dur_ms=45
2026-09-30T00:18:51.991Z INFO  req-102511 /api/health status=200 dur_ms=22
2026-09-30T00:18:52.379Z INFO  req-102512 /api/orders status=200 dur_ms=89
2026-09-30T00:18:52.851Z INFO  req-102513 /api/orders status=200 dur_ms=16
2026-09-30T00:18:53.074Z INFO  req-102514 /api/orders status=200 dur_ms=40
2026-09-30T00:18:53.730Z INFO  req-102515 /api/cart status=200 dur_ms=120
2026-09-30T00:18:54.227Z INFO  req-102516 /api/cart status=200 dur_ms=62
2026-09-30T00:18:54.246Z INFO  req-102517 /api/health status=200 dur_ms=6
2026-09-30T00:18:54.722Z WARN  req-102518 /api/cart status=429 dur_ms=2
2026-09-30T00:18:55.052Z INFO  req-102519 /api/catalog status=200 dur_ms=13
2026-09-30T00:18:55.691Z ERROR req-102520 upstream timeout calling payments, retrying (1/3)
2026-09-30T00:18:55.691Z INFO  req-102520 /api/login retry ok
2026-09-30T00:18:55.691Z INFO  req-102520 /api/login status=200 dur_ms=1274
2026-09-30T00:18:56.058Z INFO  req-102521 /api/catalog status=200 dur_ms=13
2026-09-30T00:18:56.459Z ERROR req-102522 upstream timeout calling payments, retrying (1/3)
2026-09-30T00:18:56.459Z INFO  req-102522 /api/cart retry ok
2026-09-30T00:18:56.459Z INFO  req-102522 /api/cart status=200 dur_ms=1522
2026-09-30T00:18:56.564Z INFO  req-102523 /api/login status=200 dur_ms=7
2026-09-30T00:18:56.601Z INFO  req-102524 /api/login status=200 dur_ms=108
2026-09-30T00:18:56.620Z INFO  req-102525 /api/orders status=200 dur_ms=46
2026-09-30T00:18:56.748Z INFO  req-102526 /api/orders status=200 dur_ms=71
2026-09-30T00:18:57.543Z INFO  req-102527 /api/orders status=200 dur_ms=36
2026-09-30T00:18:58.018Z INFO  req-102528 /api/cart status=200 dur_ms=45
2026-09-30T00:18:58.709Z INFO  req-102529 /api/login status=200 dur_ms=92
2026-09-30T00:18:59.077Z ERROR req-102530 upstream timeout calling payments, retrying (1/3)
2026-09-30T00:18:59.077Z INFO  req-102530 /api/orders retry ok
2026-09-30T00:18:59.077Z INFO  req-102530 /api/orders status=200 dur_ms=1441
2026-09-30T00:18:59.944Z INFO  req-102531 /api/login status=200 dur_ms=58
2026-09-30T00:19:00.842Z INFO  req-102532 /api/login status=200 dur_ms=75
2026-09-30T00:19:01.178Z INFO  req-102533 /api/health status=200 dur_ms=118
2026-09-30T00:19:01.331Z INFO  req-102534 /api/orders status=200 dur_ms=116
2026-09-30T00:19:02.004Z INFO  req-102535 /api/catalog status=200 dur_ms=117
2026-09-30T00:19:02.150Z INFO  req-102536 /api/orders status=200 dur_ms=102
2026-09-30T00:19:03.040Z INFO  req-102537 /api/cart status=200 dur_ms=48
2026-09-30T00:19:03.544Z INFO  req-102538 /api/health status=200 dur_ms=92
2026-09-30T00:19:03.722Z INFO  req-102539 /api/login status=200 dur_ms=95
2026-09-30T00:19:03.869Z INFO  req-102540 /api/health status=200 dur_ms=34
2026-09-30T00:19:04.548Z INFO  req-102541 /api/catalog status=200 dur_ms=60
2026-09-30T00:19:05.126Z INFO  req-102542 /api/cart status=200 dur_ms=41
2026-09-30T00:19:05.858Z INFO  req-102543 /api/catalog status=200 dur_ms=22
2026-09-30T00:19:06.162Z INFO  req-102544 /api/cart status=200 dur_ms=10
2026-09-30T00:19:06.943Z INFO  req-102545 /api/orders status=200 dur_ms=36
2026-09-30T00:19:07.840Z INFO  req-102546 /api/health status=200 dur_ms=15
2026-09-30T00:19:07.928Z WARN  req-102547 /api/catalog status=404 dur_ms=5
2026-09-30T00:19:08.649Z INFO  req-102548 /api/cart status=200 dur_ms=63
2026-09-30T00:19:09.470Z INFO  req-102549 /api/login status=200 dur_ms=76
2026-09-30T00:19:09.658Z WARN  req-102550 /api/cart status=401 dur_ms=21
2026-09-30T00:19:09.958Z INFO  req-102551 /api/login status=200 dur_ms=106
2026-09-30T00:19:10.482Z INFO  req-102552 /api/cart status=200 dur_ms=65
2026-09-30T00:19:10.614Z INFO  req-102553 /api/login status=200 dur_ms=85
2026-09-30T00:19:10.637Z INFO  req-102554 /api/cart status=200 dur_ms=7
2026-09-30T00:19:10.900Z INFO  req-102555 /api/orders status=200 dur_ms=85
2026-09-30T00:19:11.279Z INFO  req-102556 /api/catalog status=200 dur_ms=38
2026-09-30T00:19:11.729Z INFO  req-102557 /api/catalog status=200 dur_ms=79
2026-09-30T00:19:12.489Z INFO  req-102558 /api/health status=200 dur_ms=108
2026-09-30T00:19:13.322Z INFO  req-102559 /api/catalog status=200 dur_ms=34
2026-09-30T00:19:13.334Z INFO  req-102560 /api/health status=200 dur_ms=73
2026-09-30T00:19:13.413Z INFO  req-102561 /api/login status=200 dur_ms=89
2026-09-30T00:19:13.686Z INFO  req-102562 /api/login status=200 dur_ms=67
2026-09-30T00:19:14.147Z WARN  req-102563 /api/health status=400 dur_ms=11
2026-09-30T00:19:14.695Z WARN  req-102564 /api/health status=401 dur_ms=5
2026-09-30T00:19:15.045Z ERROR req-102565 upstream timeout calling payments, retrying (1/3)
2026-09-30T00:19:15.045Z INFO  req-102565 /api/login retry ok
2026-09-30T00:19:15.045Z INFO  req-102565 /api/login status=200 dur_ms=1730
2026-09-30T00:19:15.393Z INFO  req-102566 /api/login status=200 dur_ms=27
2026-09-30T00:19:15.500Z WARN  req-102567 /api/health status=400 dur_ms=36
2026-09-30T00:19:16.014Z INFO  req-102568 /api/cart status=200 dur_ms=99
2026-09-30T00:19:16.263Z INFO  req-102569 /api/health status=200 dur_ms=111
2026-09-30T00:19:17.150Z WARN  req-102570 /api/login status=401 dur_ms=6
2026-09-30T00:19:17.848Z INFO  req-102571 /api/catalog status=200 dur_ms=51
2026-09-30T00:19:18.284Z INFO  req-102572 /api/health status=200 dur_ms=69
2026-09-30T00:19:19.091Z INFO  req-102573 /api/login status=200 dur_ms=43
2026-09-30T00:19:19.308Z ERROR req-102574 upstream timeout calling payments, retrying (1/3)
2026-09-30T00:19:19.308Z INFO  req-102574 /api/login retry ok
2026-09-30T00:19:19.308Z INFO  req-102574 /api/login status=200 dur_ms=1626
2026-09-30T00:19:20.055Z INFO  req-102575 /api/orders status=200 dur_ms=65
2026-09-30T00:19:20.133Z INFO  req-102576 /api/health status=200 dur_ms=66
2026-09-30T00:19:20.618Z INFO  req-102577 /api/orders status=200 dur_ms=26
2026-09-30T00:19:21.209Z INFO  req-102578 /api/orders status=200 dur_ms=42
2026-09-30T00:19:21.784Z INFO  req-102579 /api/login status=200 dur_ms=22
2026-09-30T00:19:21.918Z INFO  req-102580 /api/health status=200 dur_ms=107
2026-09-30T00:19:22.728Z INFO  req-102581 /api/health status=200 dur_ms=93
2026-09-30T00:19:22.921Z INFO  req-102582 /api/login status=200 dur_ms=24
2026-09-30T00:19:23.810Z INFO  req-102583 /api/health status=200 dur_ms=63
2026-09-30T00:19:24.690Z INFO  req-102584 /api/catalog status=200 dur_ms=39
2026-09-30T00:19:25.183Z INFO  req-102585 /api/orders status=200 dur_ms=8
2026-09-30T00:19:25.247Z INFO  req-102586 /api/orders status=200 dur_ms=76
2026-09-30T00:19:25.427Z INFO  req-102587 /api/cart status=200 dur_ms=48
2026-09-30T00:19:26.303Z WARN  req-102588 /api/catalog status=429 dur_ms=37
2026-09-30T00:19:26.775Z INFO  req-102589 /api/login status=200 dur_ms=37
2026-09-30T00:19:27.445Z INFO  req-102590 /api/cart status=200 dur_ms=20
2026-09-30T00:19:27.656Z INFO  req-102591 /api/login status=200 dur_ms=12
2026-09-30T00:19:28.474Z INFO  req-102592 /api/orders status=200 dur_ms=9
2026-09-30T00:19:28.892Z INFO  req-102593 /api/catalog status=200 dur_ms=111
2026-09-30T00:19:29.614Z WARN  req-102594 /api/login status=401 dur_ms=18
2026-09-30T00:19:30.129Z INFO  req-102595 /api/cart status=200 dur_ms=57
2026-09-30T00:19:30.859Z INFO  req-102596 /api/cart status=200 dur_ms=104
2026-09-30T00:19:31.393Z INFO  req-102597 /api/orders status=200 dur_ms=67
2026-09-30T00:19:31.588Z INFO  req-102598 /api/login status=200 dur_ms=120
2026-09-30T00:19:31.948Z INFO  req-102599 /api/health status=200 dur_ms=7
2026-09-30T00:19:32.304Z INFO  req-102600 /api/health status=200 dur_ms=25
2026-09-30T00:19:32.612Z INFO  req-102601 /api/catalog status=200 dur_ms=42
2026-09-30T00:19:33.162Z INFO  req-102602 /api/health status=200 dur_ms=116
2026-09-30T00:19:33.848Z INFO  req-102603 /api/health status=200 dur_ms=39
2026-09-30T00:19:34.078Z INFO  req-102604 /api/login status=200 dur_ms=47
2026-09-30T00:19:34.814Z INFO  req-102605 /api/cart status=200 dur_ms=55
2026-09-30T00:19:34.902Z INFO  req-102606 /api/cart status=200 dur_ms=20
2026-09-30T00:19:35.260Z INFO  req-102607 /api/catalog status=200 dur_ms=115
2026-09-30T00:19:35.938Z INFO  req-102608 /api/catalog status=200 dur_ms=118
2026-09-30T00:19:36.800Z INFO  req-102609 /api/catalog status=200 dur_ms=108
2026-09-30T00:19:36.988Z INFO  req-102610 /api/login status=200 dur_ms=98
2026-09-30T00:19:37.246Z WARN  req-102611 /api/orders status=429 dur_ms=29
2026-09-30T00:19:38.134Z INFO  req-102612 /api/login status=200 dur_ms=58
2026-09-30T00:19:38.892Z WARN  req-102613 /api/health status=429 dur_ms=25
2026-09-30T00:19:39.012Z INFO  req-102614 /api/orders status=200 dur_ms=53
2026-09-30T00:19:39.805Z WARN  req-102615 /api/health status=404 dur_ms=25
2026-09-30T00:19:40.331Z INFO  req-102616 /api/orders status=200 dur_ms=28
2026-09-30T00:19:41.215Z INFO  req-102617 /api/login status=200 dur_ms=32
2026-09-30T00:19:41.599Z INFO  req-102618 /api/cart status=200 dur_ms=23
2026-09-30T00:19:42.458Z INFO  req-102619 /api/catalog status=200 dur_ms=26
2026-09-30T00:19:42.842Z INFO  req-102620 /api/login status=200 dur_ms=36
2026-09-30T00:19:43.477Z INFO  req-102621 /api/catalog status=200 dur_ms=56
2026-09-30T00:19:44.073Z INFO  req-102622 /api/login status=200 dur_ms=65
2026-09-30T00:19:44.355Z INFO  req-102623 /api/health status=200 dur_ms=113
2026-09-30T00:19:44.794Z INFO  req-102624 /api/health status=200 dur_ms=107
2026-09-30T00:19:45.385Z INFO  req-102625 /api/orders status=200 dur_ms=108
2026-09-30T00:19:45.462Z INFO  req-102626 /api/catalog status=200 dur_ms=73
2026-09-30T00:19:46.251Z INFO  req-102627 /api/orders status=200 dur_ms=21
2026-09-30T00:19:46.750Z INFO  req-102628 /api/catalog status=200 dur_ms=50
2026-09-30T00:19:46.940Z INFO  req-102629 /api/catalog status=200 dur_ms=104
2026-09-30T00:19:46.990Z INFO  req-102630 /api/catalog status=200 dur_ms=6
2026-09-30T00:19:47.514Z WARN  req-102631 /api/login status=429 dur_ms=24
2026-09-30T00:19:47.630Z INFO  req-102632 /api/health status=200 dur_ms=52
2026-09-30T00:19:48.351Z INFO  req-102633 /api/cart status=200 dur_ms=90
2026-09-30T00:19:48.869Z INFO  req-102634 /api/cart status=200 dur_ms=115
2026-09-30T00:19:49.596Z INFO  req-102635 /api/health status=200 dur_ms=7
2026-09-30T00:19:49.888Z INFO  req-102636 /api/cart status=200 dur_ms=79
2026-09-30T00:19:49.944Z INFO  req-102637 /api/catalog status=200 dur_ms=71
2026-09-30T00:19:49.979Z INFO  req-102638 /api/catalog status=200 dur_ms=74
2026-09-30T00:19:50.497Z ERROR req-102639 upstream timeout calling payments, retrying (1/3)
2026-09-30T00:19:50.497Z INFO  req-102639 /api/orders retry ok
2026-09-30T00:19:50.497Z INFO  req-102639 /api/orders status=200 dur_ms=636
2026-09-30T00:19:50.725Z INFO  req-102640 /api/login status=200 dur_ms=16
2026-09-30T00:19:51.300Z INFO  req-102641 /api/login status=200 dur_ms=24
2026-09-30T00:19:51.314Z INFO  req-102642 /api/cart status=200 dur_ms=113
2026-09-30T00:19:52.193Z INFO  req-102643 /api/catalog status=200 dur_ms=108
2026-09-30T00:19:52.681Z WARN  req-102644 /api/orders status=429 dur_ms=6
2026-09-30T00:19:53.282Z INFO  req-102645 /api/catalog status=200 dur_ms=7
2026-09-30T00:19:54.001Z INFO  req-102646 /api/cart status=200 dur_ms=90
2026-09-30T00:19:54.495Z INFO  req-102647 /api/cart status=200 dur_ms=75
2026-09-30T00:19:54.798Z INFO  req-102648 /api/orders status=200 dur_ms=52
2026-09-30T00:19:55.176Z INFO  req-102649 /api/login status=200 dur_ms=99
2026-09-30T00:19:55.745Z INFO  req-102650 /api/health status=200 dur_ms=65
2026-09-30T00:19:55.809Z INFO  req-102651 /api/catalog status=200 dur_ms=45
2026-09-30T00:19:56.353Z INFO  req-102652 /api/cart status=200 dur_ms=109
2026-09-30T00:19:56.990Z INFO  req-102653 /api/cart status=200 dur_ms=52
2026-09-30T00:19:57.289Z INFO  req-102654 /api/login status=200 dur_ms=81
2026-09-30T00:19:58.184Z INFO  req-102655 /api/orders status=200 dur_ms=32
2026-09-30T00:19:58.660Z INFO  req-102656 /api/login status=200 dur_ms=109
2026-09-30T00:19:58.791Z WARN  req-102657 /api/login status=401 dur_ms=7
2026-09-30T00:19:58.929Z INFO  req-102658 /api/cart status=200 dur_ms=103
2026-09-30T00:19:59.540Z ERROR req-102659 upstream timeout calling payments, retrying (1/3)
2026-09-30T00:19:59.540Z INFO  req-102659 /api/health retry ok
2026-09-30T00:19:59.540Z INFO  req-102659 /api/health status=200 dur_ms=1802
2026-09-30T00:20:00.060Z WARN  req-102660 fx rate cache miss for GBP, using fallback table
2026-09-30T00:20:00.060Z INFO  req-102660 /api/cart status=200 dur_ms=28
2026-09-30T00:20:00.482Z INFO  req-102661 /api/orders status=200 dur_ms=101
2026-09-30T00:20:01.191Z INFO  req-102662 /api/orders status=200 dur_ms=71
2026-09-30T00:20:01.687Z INFO  req-102663 /api/orders status=200 dur_ms=80
2026-09-30T00:20:01.782Z INFO  req-102664 /api/login status=200 dur_ms=25
2026-09-30T00:20:02.154Z INFO  req-102665 /api/catalog status=200 dur_ms=63
2026-09-30T00:20:02.303Z INFO  req-102666 /api/catalog status=200 dur_ms=28
2026-09-30T00:20:02.647Z INFO  req-102667 /api/catalog status=200 dur_ms=59
2026-09-30T00:20:03.072Z INFO  req-102668 /api/cart status=200 dur_ms=52
2026-09-30T00:20:03.086Z INFO  req-102669 /api/catalog status=200 dur_ms=114
2026-09-30T00:20:03.581Z INFO  req-102670 /api/cart status=200 dur_ms=48
2026-09-30T00:20:04.460Z INFO  req-102671 /api/cart status=200 dur_ms=100
2026-09-30T00:20:04.473Z INFO  req-102672 /api/health status=200 dur_ms=38
2026-09-30T00:20:05.279Z INFO  req-102673 /api/catalog status=200 dur_ms=28
2026-09-30T00:20:05.345Z WARN  req-102674 /api/health status=401 dur_ms=7
2026-09-30T00:20:05.875Z INFO  req-102675 /api/health status=200 dur_ms=119
2026-09-30T00:20:06.399Z INFO  req-102676 /api/health status=200 dur_ms=26
2026-09-30T00:20:06.855Z INFO  req-102677 /api/login status=200 dur_ms=16
2026-09-30T00:20:06.971Z INFO  req-102678 /api/orders status=200 dur_ms=84
2026-09-30T00:20:07.585Z WARN  req-102679 /api/login status=429 dur_ms=21
2026-09-30T00:20:08.149Z INFO  req-102680 /api/login status=200 dur_ms=25
2026-09-30T00:20:08.946Z INFO  req-102681 /api/catalog status=200 dur_ms=54
2026-09-30T00:20:09.136Z WARN  req-102682 /api/catalog status=400 dur_ms=35
2026-09-30T00:20:09.563Z ERROR req-102683 upstream timeout calling payments, retrying (1/3)
2026-09-30T00:20:09.563Z INFO  req-102683 /api/cart retry ok
2026-09-30T00:20:09.563Z INFO  req-102683 /api/cart status=200 dur_ms=1865
2026-09-30T00:20:10.457Z INFO  req-102684 /api/orders status=200 dur_ms=99
2026-09-30T00:20:10.998Z INFO  req-102685 /api/login status=200 dur_ms=105
2026-09-30T00:20:11.383Z INFO  req-102686 /api/orders status=200 dur_ms=69
2026-09-30T00:20:12.109Z INFO  req-102687 /api/catalog status=200 dur_ms=63
2026-09-30T00:20:12.968Z INFO  req-102688 /api/orders status=200 dur_ms=42
2026-09-30T00:20:13.715Z INFO  req-102689 /api/health status=200 dur_ms=118
2026-09-30T00:20:14.289Z ERROR req-102690 upstream timeout calling payments, retrying (1/3)
2026-09-30T00:20:14.289Z INFO  req-102690 /api/catalog retry ok
2026-09-30T00:20:14.289Z INFO  req-102690 /api/catalog status=200 dur_ms=711
2026-09-30T00:20:14.365Z ERROR req-102691 upstream timeout calling payments, retrying (1/3)
2026-09-30T00:20:14.365Z INFO  req-102691 /api/orders retry ok
2026-09-30T00:20:14.365Z INFO  req-102691 /api/orders status=200 dur_ms=630
2026-09-30T00:20:14.564Z INFO  req-102692 /api/orders status=200 dur_ms=91
2026-09-30T00:20:14.691Z INFO  req-102693 /api/health status=200 dur_ms=12
2026-09-30T00:20:15.209Z INFO  req-102694 /api/health status=200 dur_ms=58
2026-09-30T00:20:15.966Z WARN  req-102695 fx rate cache miss for USD, using fallback table
2026-09-30T00:20:15.966Z INFO  req-102695 /api/login status=200 dur_ms=26
2026-09-30T00:20:16.473Z INFO  req-102696 /api/catalog status=200 dur_ms=74
2026-09-30T00:20:17.156Z INFO  req-102697 /api/catalog status=200 dur_ms=29
2026-09-30T00:20:17.485Z INFO  req-102698 /api/catalog status=200 dur_ms=44
2026-09-30T00:20:18.114Z ERROR req-102699 upstream timeout calling payments, retrying (1/3)
2026-09-30T00:20:18.114Z INFO  req-102699 /api/orders retry ok
2026-09-30T00:20:18.114Z INFO  req-102699 /api/orders status=200 dur_ms=1872
2026-09-30T00:20:18.492Z INFO  req-102700 /api/health status=200 dur_ms=13
2026-09-30T00:20:18.861Z INFO  req-102701 /api/login status=200 dur_ms=47
2026-09-30T00:20:19.509Z INFO  req-102702 /api/cart status=200 dur_ms=77
2026-09-30T00:20:20.248Z INFO  req-102703 /api/health status=200 dur_ms=19
2026-09-30T00:20:20.479Z INFO  req-102704 /api/orders status=200 dur_ms=21
2026-09-30T00:20:21.126Z INFO  req-102705 /api/health status=200 dur_ms=93
2026-09-30T00:20:21.211Z INFO  req-102706 /api/cart status=200 dur_ms=67
2026-09-30T00:20:21.700Z INFO  req-102707 /api/orders status=200 dur_ms=67
2026-09-30T00:20:21.860Z INFO  req-102708 /api/login status=200 dur_ms=91
2026-09-30T00:20:22.126Z INFO  req-102709 /api/catalog status=200 dur_ms=31
2026-09-30T00:20:22.604Z INFO  req-102710 /api/health status=200 dur_ms=97
2026-09-30T00:20:22.608Z INFO  req-102711 /api/health status=200 dur_ms=36
2026-09-30T00:20:23.176Z INFO  req-102712 /api/orders status=200 dur_ms=92
2026-09-30T00:20:23.708Z INFO  req-102713 /api/cart status=200 dur_ms=87
2026-09-30T00:20:24.488Z INFO  req-102714 /api/login status=200 dur_ms=81
2026-09-30T00:20:24.945Z WARN  req-102715 /api/cart status=401 dur_ms=21
2026-09-30T00:20:25.216Z INFO  req-102716 /api/cart status=200 dur_ms=114
2026-09-30T00:20:25.238Z WARN  req-102717 /api/health status=401 dur_ms=4
2026-09-30T00:20:26.060Z INFO  req-102718 /api/catalog status=200 dur_ms=61
2026-09-30T00:20:26.464Z INFO  req-102719 /api/health status=200 dur_ms=75
2026-09-30T00:20:26.636Z INFO  req-102720 /api/cart status=200 dur_ms=81
2026-09-30T00:20:27.147Z INFO  req-102721 /api/login status=200 dur_ms=29
2026-09-30T00:20:27.415Z INFO  req-102722 /api/catalog status=200 dur_ms=110
2026-09-30T00:20:27.763Z INFO  req-102723 /api/orders status=200 dur_ms=67
2026-09-30T00:20:28.417Z INFO  req-102724 /api/login status=200 dur_ms=2
2026-09-30T00:20:28.872Z INFO  req-102725 /api/cart status=200 dur_ms=28
2026-09-30T00:20:29.231Z INFO  req-102726 /api/orders status=200 dur_ms=38
2026-09-30T00:20:29.493Z INFO  req-102727 /api/catalog status=200 dur_ms=6
2026-09-30T00:20:29.799Z INFO  req-102728 /api/cart status=200 dur_ms=113
2026-09-30T00:20:29.930Z INFO  req-102729 /api/cart status=200 dur_ms=49
2026-09-30T00:20:30.473Z INFO  req-102730 /api/login status=200 dur_ms=46
2026-09-30T00:20:31.171Z ERROR req-102731 upstream timeout calling payments, retrying (1/3)
2026-09-30T00:20:31.171Z INFO  req-102731 /api/orders retry ok
2026-09-30T00:20:31.171Z INFO  req-102731 /api/orders status=200 dur_ms=309
2026-09-30T00:20:31.914Z INFO  req-102732 /api/orders status=200 dur_ms=11
2026-09-30T00:20:32.758Z INFO  req-102733 /api/login status=200 dur_ms=84
2026-09-30T00:20:33.453Z INFO  req-102734 /api/health status=200 dur_ms=108
2026-09-30T00:20:33.993Z INFO  req-102735 /api/orders status=200 dur_ms=102
2026-09-30T00:20:34.081Z INFO  req-102736 /api/health status=200 dur_ms=31
2026-09-30T00:20:34.212Z INFO  req-102737 /api/cart status=200 dur_ms=74
2026-09-30T00:20:34.394Z INFO  req-102738 /api/catalog status=200 dur_ms=119
2026-09-30T00:20:34.881Z WARN  req-102739 /api/login status=400 dur_ms=9
2026-09-30T00:20:35.342Z INFO  req-102740 /api/health status=200 dur_ms=115
2026-09-30T00:20:36.110Z INFO  req-102741 /api/health status=200 dur_ms=98
2026-09-30T00:20:36.666Z INFO  req-102742 /api/orders status=200 dur_ms=80
2026-09-30T00:20:37.215Z INFO  req-102743 /api/login status=200 dur_ms=35
2026-09-30T00:20:37.515Z INFO  req-102744 /api/health status=200 dur_ms=86
2026-09-30T00:20:37.947Z INFO  req-102745 /api/orders status=200 dur_ms=25
2026-09-30T00:20:38.651Z INFO  req-102746 /api/login status=200 dur_ms=66
2026-09-30T00:20:39.522Z INFO  req-102747 /api/health status=200 dur_ms=78
2026-09-30T00:20:39.900Z INFO  req-102748 /api/health status=200 dur_ms=88
2026-09-30T00:20:40.689Z WARN  req-102749 /api/cart status=404 dur_ms=38
2026-09-30T00:20:41.312Z INFO  req-102750 /api/health status=200 dur_ms=60
2026-09-30T00:20:41.447Z INFO  req-102751 /api/login status=200 dur_ms=89
2026-09-30T00:20:41.903Z INFO  req-102752 /api/health status=200 dur_ms=117
2026-09-30T00:20:42.092Z INFO  req-102753 /api/login status=200 dur_ms=110
2026-09-30T00:20:42.121Z INFO  req-102754 /api/catalog status=200 dur_ms=92
2026-09-30T00:20:42.490Z ERROR req-102755 upstream timeout calling payments, retrying (1/3)
2026-09-30T00:20:42.490Z INFO  req-102755 /api/login retry ok
2026-09-30T00:20:42.490Z INFO  req-102755 /api/login status=200 dur_ms=955
2026-09-30T00:20:42.785Z INFO  req-102756 /api/orders status=200 dur_ms=110
2026-09-30T00:20:43.041Z INFO  req-102757 /api/orders status=200 dur_ms=78
2026-09-30T00:20:43.301Z INFO  req-102758 /api/login status=200 dur_ms=89
2026-09-30T00:20:44.082Z INFO  req-102759 /api/orders status=200 dur_ms=67
2026-09-30T00:20:44.421Z INFO  req-102760 /api/catalog status=200 dur_ms=17
2026-09-30T00:20:45.137Z WARN  req-102761 fx rate cache miss for USD, using fallback table
2026-09-30T00:20:45.137Z INFO  req-102761 /api/login status=200 dur_ms=81
2026-09-30T00:20:45.961Z INFO  req-102762 /api/catalog status=200 dur_ms=85
2026-09-30T00:20:46.588Z INFO  req-102763 /api/cart status=200 dur_ms=12
2026-09-30T00:20:47.072Z WARN  req-102764 /api/health status=401 dur_ms=10
2026-09-30T00:20:47.903Z INFO  req-102765 /api/orders status=200 dur_ms=76
2026-09-30T00:20:48.000Z INFO  req-102766 /api/catalog status=200 dur_ms=98
2026-09-30T00:20:48.683Z INFO  req-102767 /api/cart status=200 dur_ms=31
2026-09-30T00:20:49.093Z INFO  req-102768 /api/catalog status=200 dur_ms=51
2026-09-30T00:20:49.986Z INFO  req-102769 /api/login status=200 dur_ms=24
2026-09-30T00:20:50.049Z INFO  req-102770 /api/login status=200 dur_ms=101
2026-09-30T00:20:50.577Z INFO  req-102771 /api/login status=200 dur_ms=65
2026-09-30T00:20:51.338Z INFO  req-102772 /api/login status=200 dur_ms=35
2026-09-30T00:20:51.623Z INFO  req-102773 /api/catalog status=200 dur_ms=60
2026-09-30T00:20:51.629Z INFO  req-102774 /api/catalog status=200 dur_ms=28
2026-09-30T00:20:52.171Z INFO  req-102775 /api/login status=200 dur_ms=92
2026-09-30T00:20:52.765Z WARN  req-102776 /api/login status=429 dur_ms=2
2026-09-30T00:20:53.294Z ERROR req-102777 upstream timeout calling payments, retrying (1/3)
2026-09-30T00:20:53.294Z INFO  req-102777 /api/orders retry ok
2026-09-30T00:20:53.294Z INFO  req-102777 /api/orders status=200 dur_ms=1692
2026-09-30T00:20:53.733Z WARN  req-102778 fx rate cache miss for GBP, using fallback table
2026-09-30T00:20:53.733Z INFO  req-102778 /api/health status=200 dur_ms=45
2026-09-30T00:20:54.027Z INFO  req-102779 /api/cart status=200 dur_ms=39
2026-09-30T00:20:54.502Z INFO  req-102780 /api/health status=200 dur_ms=49
2026-09-30T00:20:55.051Z INFO  req-102781 /api/health status=200 dur_ms=22
2026-09-30T00:20:55.840Z INFO  req-102782 /api/cart status=200 dur_ms=68
2026-09-30T00:20:56.739Z WARN  req-102783 fx rate cache miss for USD, using fallback table
2026-09-30T00:20:56.739Z INFO  req-102783 /api/health status=200 dur_ms=65
2026-09-30T00:20:57.565Z INFO  req-102784 /api/cart status=200 dur_ms=46
2026-09-30T00:20:57.936Z INFO  req-102785 /api/cart status=200 dur_ms=116
2026-09-30T00:20:58.337Z INFO  req-102786 /api/health status=200 dur_ms=24
2026-09-30T00:20:58.716Z INFO  req-102787 /api/orders status=200 dur_ms=27
2026-09-30T00:20:59.041Z INFO  req-102788 /api/catalog status=200 dur_ms=87
2026-09-30T00:20:59.529Z INFO  req-102789 /api/cart status=200 dur_ms=30
2026-09-30T00:20:59.782Z INFO  req-102790 /api/orders status=200 dur_ms=43
2026-09-30T00:21:00.066Z ERROR req-102791 upstream timeout calling payments, retrying (1/3)
2026-09-30T00:21:00.066Z INFO  req-102791 /api/catalog retry ok
2026-09-30T00:21:00.066Z INFO  req-102791 /api/catalog status=200 dur_ms=1844
2026-09-30T00:21:00.800Z INFO  req-102792 /api/health status=200 dur_ms=117
2026-09-30T00:21:01.071Z INFO  req-102793 /api/cart status=200 dur_ms=20
2026-09-30T00:21:01.073Z INFO  req-102794 /api/orders status=200 dur_ms=72
2026-09-30T00:21:01.309Z WARN  req-102795 /api/health status=429 dur_ms=11
2026-09-30T00:21:01.943Z INFO  req-102796 /api/orders status=200 dur_ms=100
2026-09-30T00:21:02.177Z INFO  req-102797 /api/catalog status=200 dur_ms=25
2026-09-30T00:21:02.433Z INFO  req-102798 /api/orders status=200 dur_ms=110
2026-09-30T00:21:02.998Z INFO  req-102799 /api/catalog status=200 dur_ms=26
2026-09-30T00:21:03.871Z INFO  req-102800 /api/orders status=200 dur_ms=38
2026-09-30T00:21:04.028Z INFO  req-102801 /api/catalog status=200 dur_ms=87
2026-09-30T00:21:04.172Z WARN  req-102802 /api/login status=404 dur_ms=8
2026-09-30T00:21:05.038Z INFO  req-102803 /api/login status=200 dur_ms=38
2026-09-30T00:21:05.856Z INFO  req-102804 /api/orders status=200 dur_ms=6
2026-09-30T00:21:05.958Z INFO  req-102805 /api/catalog status=200 dur_ms=66
2026-09-30T00:21:06.713Z INFO  req-102806 /api/catalog status=200 dur_ms=50
2026-09-30T00:21:06.999Z INFO  req-102807 /api/orders status=200 dur_ms=21
2026-09-30T00:21:07.128Z INFO  req-102808 /api/orders status=200 dur_ms=77
2026-09-30T00:21:07.606Z INFO  req-102809 /api/catalog status=200 dur_ms=99
2026-09-30T00:21:08.158Z INFO  req-102810 /api/orders status=200 dur_ms=27
2026-09-30T00:21:08.418Z WARN  req-102811 /api/health status=429 dur_ms=2
2026-09-30T00:21:08.586Z INFO  req-102812 /api/login status=200 dur_ms=48
2026-09-30T00:21:09.118Z INFO  req-102813 /api/cart status=200 dur_ms=120
2026-09-30T00:21:09.784Z INFO  req-102814 /api/cart status=200 dur_ms=100
2026-09-30T00:21:10.286Z INFO  req-102815 /api/catalog status=200 dur_ms=72
2026-09-30T00:21:10.795Z INFO  req-102816 /api/health status=200 dur_ms=105
2026-09-30T00:21:11.199Z ERROR req-102817 upstream timeout calling payments, retrying (1/3)
2026-09-30T00:21:11.199Z INFO  req-102817 /api/health retry ok
2026-09-30T00:21:11.199Z INFO  req-102817 /api/health status=200 dur_ms=1934
2026-09-30T00:21:11.965Z INFO  req-102818 /api/cart status=200 dur_ms=30
2026-09-30T00:21:12.831Z INFO  req-102819 /api/orders status=200 dur_ms=68
2026-09-30T00:21:13.053Z INFO  req-102820 /api/cart status=200 dur_ms=59
2026-09-30T00:21:13.225Z INFO  req-102821 /api/login status=200 dur_ms=65
2026-09-30T00:21:13.894Z WARN  req-102822 /api/orders status=400 dur_ms=38
2026-09-30T00:21:14.082Z INFO  req-102823 /api/health status=200 dur_ms=86
2026-09-30T00:21:14.232Z INFO  req-102824 /api/login status=200 dur_ms=76
2026-09-30T00:21:15.003Z INFO  req-102825 /api/catalog status=200 dur_ms=76
2026-09-30T00:21:15.589Z INFO  req-102826 /api/catalog status=200 dur_ms=13
2026-09-30T00:21:15.861Z INFO  req-102827 /api/login status=200 dur_ms=34
2026-09-30T00:21:16.360Z INFO  req-102828 /api/health status=200 dur_ms=83
2026-09-30T00:21:16.771Z INFO  req-102829 /api/orders status=200 dur_ms=40
2026-09-30T00:21:17.565Z WARN  req-102830 /api/health status=400 dur_ms=20
2026-09-30T00:21:17.994Z INFO  req-102831 /api/orders status=200 dur_ms=113
2026-09-30T00:21:18.832Z WARN  req-102832 /api/login status=400 dur_ms=36
2026-09-30T00:21:19.183Z INFO  req-102833 /api/catalog status=200 dur_ms=24
2026-09-30T00:21:19.408Z INFO  req-102834 /api/catalog status=200 dur_ms=92
2026-09-30T00:21:19.768Z INFO  req-102835 /api/login status=200 dur_ms=25
2026-09-30T00:21:20.159Z INFO  req-102836 /api/orders status=200 dur_ms=12
2026-09-30T00:21:20.588Z WARN  req-102837 /api/orders status=401 dur_ms=13
2026-09-30T00:21:20.706Z INFO  req-102838 /api/login status=200 dur_ms=69
2026-09-30T00:21:21.038Z INFO  req-102839 /api/orders status=200 dur_ms=68
2026-09-30T00:21:21.152Z INFO  req-102840 /api/catalog status=200 dur_ms=53
2026-09-30T00:21:21.194Z WARN  req-102841 /api/cart status=404 dur_ms=5
2026-09-30T00:21:21.812Z INFO  req-102842 /api/orders status=200 dur_ms=77
2026-09-30T00:21:22.377Z INFO  req-102843 /api/orders status=200 dur_ms=101
2026-09-30T00:21:22.780Z WARN  req-102844 fx rate cache miss for GBP, using fallback table
2026-09-30T00:21:22.780Z INFO  req-102844 /api/login status=200 dur_ms=37
2026-09-30T00:21:23.504Z ERROR req-102845 upstream timeout calling payments, retrying (1/3)
2026-09-30T00:21:23.504Z INFO  req-102845 /api/cart retry ok
2026-09-30T00:21:23.504Z INFO  req-102845 /api/cart status=200 dur_ms=825
2026-09-30T00:21:24.228Z INFO  req-102846 /api/login status=200 dur_ms=72
2026-09-30T00:21:24.616Z WARN  req-102847 /api/cart status=400 dur_ms=28
2026-09-30T00:21:24.751Z INFO  req-102848 /api/cart status=200 dur_ms=106
2026-09-30T00:21:25.270Z INFO  req-102849 /api/health status=200 dur_ms=105
2026-09-30T00:21:25.677Z INFO  req-102850 /api/cart status=200 dur_ms=9
2026-09-30T00:21:26.406Z INFO  req-102851 /api/catalog status=200 dur_ms=80
2026-09-30T00:21:26.643Z ERROR req-102852 upstream timeout calling payments, retrying (1/3)
2026-09-30T00:21:26.643Z INFO  req-102852 /api/catalog retry ok
2026-09-30T00:21:26.643Z INFO  req-102852 /api/catalog status=200 dur_ms=658
2026-09-30T00:21:26.960Z INFO  req-102853 /api/orders status=200 dur_ms=4
2026-09-30T00:21:27.859Z INFO  req-102854 /api/orders status=200 dur_ms=14
2026-09-30T00:21:28.218Z INFO  req-102855 /api/login status=200 dur_ms=109
2026-09-30T00:21:28.287Z INFO  req-102856 /api/cart status=200 dur_ms=109
2026-09-30T00:21:29.164Z ERROR req-102857 upstream timeout calling payments, retrying (1/3)
2026-09-30T00:21:29.164Z INFO  req-102857 /api/catalog retry ok
2026-09-30T00:21:29.164Z INFO  req-102857 /api/catalog status=200 dur_ms=1899
2026-09-30T00:21:29.831Z INFO  req-102858 /api/health status=200 dur_ms=21
2026-09-30T00:21:29.842Z WARN  req-102859 /api/login status=429 dur_ms=40
2026-09-30T00:21:30.379Z INFO  req-102860 /api/catalog status=200 dur_ms=74
2026-09-30T00:21:30.737Z INFO  req-102861 /api/health status=200 dur_ms=25
2026-09-30T00:21:31.577Z INFO  req-102862 /api/cart status=200 dur_ms=55
2026-09-30T00:21:32.056Z INFO  req-102863 /api/catalog status=200 dur_ms=11
2026-09-30T00:21:32.640Z INFO  req-102864 /api/catalog status=200 dur_ms=120
2026-09-30T00:21:33.130Z INFO  req-102865 /api/cart status=200 dur_ms=74
2026-09-30T00:21:33.857Z INFO  req-102866 /api/cart status=200 dur_ms=65
2026-09-30T00:21:34.107Z ERROR req-102867 upstream timeout calling payments, retrying (1/3)
2026-09-30T00:21:34.107Z INFO  req-102867 /api/health retry ok
2026-09-30T00:21:34.107Z INFO  req-102867 /api/health status=200 dur_ms=720
2026-09-30T00:21:34.956Z INFO  req-102868 /api/cart status=200 dur_ms=83
2026-09-30T00:21:35.304Z INFO  req-102869 /api/login status=200 dur_ms=20
2026-09-30T00:21:36.198Z INFO  req-102870 /api/health status=200 dur_ms=55
2026-09-30T00:21:36.740Z INFO  req-102871 /api/login status=200 dur_ms=109
2026-09-30T00:21:37.318Z INFO  req-102872 /api/cart status=200 dur_ms=44
2026-09-30T00:21:38.099Z INFO  req-102873 /api/cart status=200 dur_ms=81
2026-09-30T00:21:38.447Z INFO  req-102874 /api/login status=200 dur_ms=29
2026-09-30T00:21:38.582Z INFO  req-102875 /api/orders status=200 dur_ms=13
2026-09-30T00:21:38.767Z INFO  req-102876 /api/cart status=200 dur_ms=93
2026-09-30T00:21:38.906Z INFO  req-102877 /api/health status=200 dur_ms=9
2026-09-30T00:21:39.746Z INFO  req-102878 /api/catalog status=200 dur_ms=77
2026-09-30T00:21:39.969Z INFO  req-102879 /api/health status=200 dur_ms=120
2026-09-30T00:21:40.783Z ERROR req-102880 upstream timeout calling payments, retrying (1/3)
2026-09-30T00:21:40.783Z INFO  req-102880 /api/login retry ok
2026-09-30T00:21:40.783Z INFO  req-102880 /api/login status=200 dur_ms=514
2026-09-30T00:21:41.282Z INFO  req-102881 /api/health status=200 dur_ms=3
2026-09-30T00:21:41.998Z INFO  req-102882 /api/login status=200 dur_ms=64
2026-09-30T00:21:42.342Z INFO  req-102883 /api/health status=200 dur_ms=90
2026-09-30T00:21:43.208Z INFO  req-102884 /api/catalog status=200 dur_ms=103
2026-09-30T00:21:43.537Z INFO  req-102885 /api/cart status=200 dur_ms=109
2026-09-30T00:21:43.658Z INFO  req-102886 /api/orders status=200 dur_ms=89
2026-09-30T00:21:44.162Z WARN  req-102887 fx rate cache miss for GBP, using fallback table
2026-09-30T00:21:44.162Z INFO  req-102887 /api/login status=200 dur_ms=76
2026-09-30T00:21:44.670Z WARN  req-102888 /api/health status=401 dur_ms=4
2026-09-30T00:21:45.117Z INFO  req-102889 /api/cart status=200 dur_ms=48
2026-09-30T00:21:45.298Z INFO  req-102890 /api/health status=200 dur_ms=101
2026-09-30T00:21:46.109Z INFO  req-102891 /api/login status=200 dur_ms=120
2026-09-30T00:21:46.446Z ERROR req-102892 upstream timeout calling payments, retrying (1/3)
2026-09-30T00:21:46.446Z INFO  req-102892 /api/catalog retry ok
2026-09-30T00:21:46.446Z INFO  req-102892 /api/catalog status=200 dur_ms=480
2026-09-30T00:21:46.764Z INFO  req-102893 /api/health status=200 dur_ms=15
2026-09-30T00:21:46.965Z INFO  req-102894 /api/catalog status=200 dur_ms=105
2026-09-30T00:21:47.787Z WARN  req-102895 /api/cart status=429 dur_ms=15
2026-09-30T00:21:47.973Z INFO  req-102896 /api/catalog status=200 dur_ms=55
2026-09-30T00:21:48.726Z INFO  req-102897 /api/login status=200 dur_ms=18
2026-09-30T00:21:48.823Z INFO  req-102898 /api/orders status=200 dur_ms=94
2026-09-30T00:21:49.596Z INFO  req-102899 /api/orders status=200 dur_ms=21
2026-09-30T00:21:50.055Z INFO  req-102900 /api/health status=200 dur_ms=26
2026-09-30T00:21:50.366Z INFO  req-102901 /api/login status=200 dur_ms=68
2026-09-30T00:21:51.238Z INFO  req-102902 /api/login status=200 dur_ms=8
2026-09-30T00:21:51.561Z INFO  req-102903 /api/orders status=200 dur_ms=8
2026-09-30T00:21:52.059Z WARN  req-102904 fx rate cache miss for USD, using fallback table
2026-09-30T00:21:52.059Z INFO  req-102904 /api/login status=200 dur_ms=60
2026-09-30T00:21:52.084Z INFO  req-102905 /api/health status=200 dur_ms=26
2026-09-30T00:21:52.678Z INFO  req-102906 /api/cart status=200 dur_ms=104
2026-09-30T00:21:53.025Z INFO  req-102907 /api/health status=200 dur_ms=119
2026-09-30T00:21:53.375Z WARN  req-102908 /api/orders status=401 dur_ms=5
2026-09-30T00:21:53.986Z INFO  req-102909 /api/catalog status=200 dur_ms=12
2026-09-30T00:21:54.566Z INFO  req-102910 /api/cart status=200 dur_ms=62
2026-09-30T00:21:54.694Z ERROR req-102911 upstream timeout calling payments, retrying (1/3)
2026-09-30T00:21:54.694Z INFO  req-102911 /api/orders retry ok
2026-09-30T00:21:54.694Z INFO  req-102911 /api/orders status=200 dur_ms=842
2026-09-30T00:21:55.156Z INFO  req-102912 /api/health status=200 dur_ms=81
2026-09-30T00:21:55.846Z INFO  req-102913 /api/login status=200 dur_ms=57
2026-09-30T00:21:56.107Z INFO  req-102914 /api/cart status=200 dur_ms=31
2026-09-30T00:21:56.474Z INFO  req-102915 /api/orders status=200 dur_ms=115
2026-09-30T00:21:56.871Z INFO  req-102916 /api/catalog status=200 dur_ms=27
2026-09-30T00:21:56.880Z INFO  req-102917 /api/health status=200 dur_ms=101
2026-09-30T00:21:57.039Z INFO  req-102918 /api/orders status=200 dur_ms=94
2026-09-30T00:21:57.765Z INFO  req-102919 /api/catalog status=200 dur_ms=64
2026-09-30T00:21:57.899Z INFO  req-102920 /api/health status=200 dur_ms=85
2026-09-30T00:21:58.286Z INFO  req-102921 /api/catalog status=200 dur_ms=69
2026-09-30T00:21:58.819Z INFO  req-102922 /api/orders status=200 dur_ms=99
2026-09-30T00:21:59.466Z INFO  req-102923 /api/orders status=200 dur_ms=52
2026-09-30T00:22:00.345Z INFO  req-102924 /api/catalog status=200 dur_ms=18
2026-09-30T00:22:00.364Z INFO  req-102925 /api/health status=200 dur_ms=68
2026-09-30T00:22:00.538Z INFO  req-102926 /api/login status=200 dur_ms=62
2026-09-30T00:22:00.542Z INFO  req-102927 /api/cart status=200 dur_ms=79
2026-09-30T00:22:01.348Z WARN  req-102928 /api/login status=404 dur_ms=36
2026-09-30T00:22:01.585Z INFO  req-102929 /api/catalog status=200 dur_ms=89
2026-09-30T00:22:02.393Z INFO  req-102930 /api/orders status=200 dur_ms=21
2026-09-30T00:22:03.236Z WARN  req-102931 fx rate cache miss for GBP, using fallback table
2026-09-30T00:22:03.236Z INFO  req-102931 /api/health status=200 dur_ms=55
2026-09-30T00:22:03.293Z INFO  req-102932 /api/orders status=200 dur_ms=43
2026-09-30T00:22:03.846Z INFO  req-102933 /api/orders status=200 dur_ms=93
2026-09-30T00:22:04.727Z INFO  req-102934 /api/login status=200 dur_ms=92
2026-09-30T00:22:05.481Z INFO  req-102935 /api/health status=200 dur_ms=89
2026-09-30T00:22:06.187Z INFO  req-102936 /api/health status=200 dur_ms=22
2026-09-30T00:22:06.726Z INFO  req-102937 /api/cart status=200 dur_ms=109
2026-09-30T00:22:07.515Z INFO  req-102938 /api/health status=200 dur_ms=52
2026-09-30T00:22:07.917Z INFO  req-102939 /api/cart status=200 dur_ms=21
2026-09-30T00:22:08.269Z INFO  req-102940 /api/login status=200 dur_ms=14
2026-09-30T00:22:09.018Z INFO  req-102941 /api/orders status=200 dur_ms=36
2026-09-30T00:22:09.413Z INFO  req-102942 /api/orders status=200 dur_ms=39
2026-09-30T00:22:09.624Z INFO  req-102943 /api/cart status=200 dur_ms=42
2026-09-30T00:22:09.654Z WARN  req-102944 /api/health status=401 dur_ms=13
2026-09-30T00:22:09.888Z INFO  req-102945 /api/health status=200 dur_ms=119
2026-09-30T00:22:10.467Z INFO  req-102946 /api/health status=200 dur_ms=68
2026-09-30T00:22:10.612Z INFO  req-102947 /api/login status=200 dur_ms=87
2026-09-30T00:22:10.698Z INFO  req-102948 /api/cart status=200 dur_ms=70
2026-09-30T00:22:11.476Z INFO  req-102949 /api/cart status=200 dur_ms=47
2026-09-30T00:22:12.135Z INFO  req-102950 /api/catalog status=200 dur_ms=64
2026-09-30T00:22:12.801Z INFO  req-102951 /api/cart status=200 dur_ms=107
2026-09-30T00:22:12.970Z INFO  req-102952 /api/cart status=200 dur_ms=94
2026-09-30T00:22:13.480Z INFO  req-102953 /api/orders status=200 dur_ms=31
2026-09-30T00:22:13.954Z INFO  req-102954 /api/health status=200 dur_ms=8
2026-09-30T00:22:14.255Z INFO  req-102955 /api/login status=200 dur_ms=38
2026-09-30T00:22:14.742Z INFO  req-102956 /api/login status=200 dur_ms=7
2026-09-30T00:22:15.124Z INFO  req-102957 /api/catalog status=200 dur_ms=52
2026-09-30T00:22:15.257Z INFO  req-102958 /api/cart status=200 dur_ms=23
2026-09-30T00:22:15.773Z INFO  req-102959 /api/health status=200 dur_ms=76
2026-09-30T00:22:16.464Z INFO  req-102960 /api/orders status=200 dur_ms=88
2026-09-30T00:22:16.491Z ERROR req-102961 upstream timeout calling payments, retrying (1/3)
2026-09-30T00:22:16.491Z INFO  req-102961 /api/cart retry ok
2026-09-30T00:22:16.491Z INFO  req-102961 /api/cart status=200 dur_ms=934
2026-09-30T00:22:16.987Z INFO  req-102962 /api/cart status=200 dur_ms=31
2026-09-30T00:22:17.360Z INFO  req-102963 /api/orders status=200 dur_ms=55
2026-09-30T00:22:18.077Z INFO  req-102964 /api/catalog status=200 dur_ms=62
2026-09-30T00:22:18.703Z INFO  req-102965 /api/orders status=200 dur_ms=115
2026-09-30T00:22:18.992Z INFO  req-102966 /api/catalog status=200 dur_ms=21
2026-09-30T00:22:19.707Z WARN  req-102967 /api/orders status=404 dur_ms=3
2026-09-30T00:22:19.818Z INFO  req-102968 /api/health status=200 dur_ms=42
2026-09-30T00:22:19.821Z INFO  req-102969 /api/orders status=200 dur_ms=91
2026-09-30T00:22:20.457Z INFO  req-102970 /api/login status=200 dur_ms=44
2026-09-30T00:22:20.685Z INFO  req-102971 /api/cart status=200 dur_ms=48
2026-09-30T00:22:21.496Z INFO  req-102972 /api/cart status=200 dur_ms=77
2026-09-30T00:22:21.950Z INFO  req-102973 /api/catalog status=200 dur_ms=109
2026-09-30T00:22:22.431Z INFO  req-102974 /api/orders status=200 dur_ms=53
2026-09-30T00:22:22.701Z INFO  req-102975 /api/health status=200 dur_ms=98
2026-09-30T00:22:23.084Z INFO  req-102976 /api/catalog status=200 dur_ms=119
2026-09-30T00:22:23.831Z INFO  req-102977 /api/cart status=200 dur_ms=25
2026-09-30T00:22:23.839Z INFO  req-102978 /api/health status=200 dur_ms=47
2026-09-30T00:22:24.635Z ERROR req-102979 upstream timeout calling payments, retrying (1/3)
2026-09-30T00:22:24.635Z INFO  req-102979 /api/orders retry ok
2026-09-30T00:22:24.635Z INFO  req-102979 /api/orders status=200 dur_ms=929
2026-09-30T00:22:25.104Z INFO  req-102980 /api/orders status=200 dur_ms=92
2026-09-30T00:22:25.473Z INFO  req-102981 /api/orders status=200 dur_ms=88
2026-09-30T00:22:26.287Z INFO  req-102982 /api/cart status=200 dur_ms=104
2026-09-30T00:22:26.381Z INFO  req-102983 /api/login status=200 dur_ms=99
2026-09-30T00:22:27.087Z INFO  req-102984 /api/login status=200 dur_ms=22
2026-09-30T00:22:27.911Z INFO  req-102985 /api/health status=200 dur_ms=62
2026-09-30T00:22:28.495Z INFO  req-102986 /api/cart status=200 dur_ms=44
2026-09-30T00:22:29.094Z INFO  req-102987 /api/cart status=200 dur_ms=89
2026-09-30T00:22:29.784Z INFO  req-102988 /api/orders status=200 dur_ms=117
2026-09-30T00:22:30.496Z INFO  req-102989 /api/orders status=200 dur_ms=50
2026-09-30T00:22:30.856Z INFO  req-102990 /api/login status=200 dur_ms=75
2026-09-30T00:22:30.891Z INFO  req-102991 /api/health status=200 dur_ms=120
2026-09-30T00:22:31.422Z WARN  req-102992 /api/login status=401 dur_ms=25
2026-09-30T00:22:32.163Z INFO  req-102993 /api/orders status=200 dur_ms=98
2026-09-30T00:22:32.623Z INFO  req-102994 /api/orders status=200 dur_ms=26
2026-09-30T00:22:33.499Z INFO  req-102995 /api/catalog status=200 dur_ms=94
2026-09-30T00:22:34.386Z INFO  req-102996 /api/cart status=200 dur_ms=61
2026-09-30T00:22:34.913Z INFO  req-102997 /api/cart status=200 dur_ms=105
2026-09-30T00:22:35.382Z INFO  req-102998 /api/cart status=200 dur_ms=82
2026-09-30T00:22:35.626Z INFO  req-102999 /api/catalog status=200 dur_ms=32
2026-09-30T00:22:36.416Z WARN  req-103000 /api/login status=404 dur_ms=21
2026-09-30T00:22:37.030Z INFO  req-103001 /api/health status=200 dur_ms=109
2026-09-30T00:22:37.832Z INFO  req-103002 /api/login status=200 dur_ms=84
2026-09-30T00:22:38.594Z INFO  req-103003 /api/health status=200 dur_ms=31
2026-09-30T00:22:38.599Z INFO  req-103004 /api/orders status=200 dur_ms=69
2026-09-30T00:22:38.677Z INFO  req-103005 /api/cart status=200 dur_ms=64
2026-09-30T00:22:39.077Z INFO  req-103006 /api/catalog status=200 dur_ms=48
2026-09-30T00:22:39.904Z INFO  req-103007 /api/health status=200 dur_ms=119
2026-09-30T00:22:40.255Z INFO  req-103008 /api/catalog status=200 dur_ms=110
2026-09-30T00:22:40.938Z WARN  req-103009 /api/orders status=404 dur_ms=10
2026-09-30T00:22:41.834Z INFO  req-103010 /api/cart status=200 dur_ms=102
2026-09-30T00:22:42.059Z INFO  req-103011 /api/orders status=200 dur_ms=111
2026-09-30T00:22:42.602Z INFO  req-103012 /api/cart status=200 dur_ms=95
2026-09-30T00:22:43.258Z INFO  req-103013 /api/orders status=200 dur_ms=98
2026-09-30T00:22:43.624Z INFO  req-103014 /api/health status=200 dur_ms=25
2026-09-30T00:22:43.674Z INFO  req-103015 /api/health status=200 dur_ms=94
2026-09-30T00:22:43.943Z INFO  req-103016 /api/health status=200 dur_ms=97
2026-09-30T00:22:44.138Z INFO  req-103017 /api/cart status=200 dur_ms=27
2026-09-30T00:22:44.171Z INFO  req-103018 /api/orders status=200 dur_ms=72
2026-09-30T00:22:44.885Z INFO  req-103019 /api/login status=200 dur_ms=88
2026-09-30T00:22:45.319Z ERROR req-103020 upstream timeout calling payments, retrying (1/3)
2026-09-30T00:22:45.319Z INFO  req-103020 /api/cart retry ok
2026-09-30T00:22:45.319Z INFO  req-103020 /api/cart status=200 dur_ms=1562
2026-09-30T00:22:45.907Z INFO  req-103021 /api/catalog status=200 dur_ms=116
2026-09-30T00:22:46.326Z INFO  req-103022 /api/orders status=200 dur_ms=107
2026-09-30T00:22:46.965Z INFO  req-103023 /api/login status=200 dur_ms=102
2026-09-30T00:22:47.816Z INFO  req-103024 /api/cart status=200 dur_ms=110
2026-09-30T00:22:48.036Z INFO  req-103025 /api/health status=200 dur_ms=15
2026-09-30T00:22:48.075Z INFO  req-103026 /api/health status=200 dur_ms=36
2026-09-30T00:22:48.400Z INFO  req-103027 /api/catalog status=200 dur_ms=59
2026-09-30T00:22:48.696Z WARN  req-103028 /api/orders status=404 dur_ms=24
2026-09-30T00:22:49.503Z INFO  req-103029 /api/catalog status=200 dur_ms=39
2026-09-30T00:22:49.548Z INFO  req-103030 /api/cart status=200 dur_ms=94
2026-09-30T00:22:49.656Z INFO  req-103031 /api/orders status=200 dur_ms=42
2026-09-30T00:22:50.341Z INFO  req-103032 /api/health status=200 dur_ms=120
2026-09-30T00:22:50.501Z INFO  req-103033 /api/catalog status=200 dur_ms=53
2026-09-30T00:22:50.921Z INFO  req-103034 /api/orders status=200 dur_ms=113
2026-09-30T00:22:51.282Z INFO  req-103035 /api/orders status=200 dur_ms=118
2026-09-30T00:22:52.054Z INFO  req-103036 /api/cart status=200 dur_ms=76
2026-09-30T00:22:52.378Z INFO  req-103037 /api/cart status=200 dur_ms=52
2026-09-30T00:22:53.235Z INFO  req-103038 /api/cart status=200 dur_ms=74
2026-09-30T00:22:53.931Z INFO  req-103039 /api/health status=200 dur_ms=46
2026-09-30T00:22:54.276Z INFO  req-103040 /api/cart status=200 dur_ms=117
2026-09-30T00:22:54.492Z WARN  req-103041 /api/catalog status=429 dur_ms=16
2026-09-30T00:22:54.783Z WARN  req-103042 fx rate cache miss for USD, using fallback table
2026-09-30T00:22:54.783Z INFO  req-103042 /api/login status=200 dur_ms=19
2026-09-30T00:22:55.421Z INFO  req-103043 /api/catalog status=200 dur_ms=32
2026-09-30T00:22:56.083Z INFO  req-103044 /api/catalog status=200 dur_ms=63
2026-09-30T00:22:56.320Z INFO  req-103045 /api/health status=200 dur_ms=116
2026-09-30T00:22:57.187Z INFO  req-103046 /api/health status=200 dur_ms=52
2026-09-30T00:22:57.656Z INFO  req-103047 /api/cart status=200 dur_ms=82
2026-09-30T00:22:58.158Z WARN  req-103048 /api/cart status=401 dur_ms=21
2026-09-30T00:22:58.695Z INFO  req-103049 /api/orders status=200 dur_ms=26
2026-09-30T00:22:59.403Z INFO  req-103050 /api/cart status=200 dur_ms=104
2026-09-30T00:23:00.142Z INFO  req-103051 /api/health status=200 dur_ms=65
2026-09-30T00:23:00.399Z INFO  req-103052 /api/orders status=200 dur_ms=94
2026-09-30T00:23:00.655Z INFO  req-103053 /api/health status=200 dur_ms=119
2026-09-30T00:23:00.735Z INFO  req-103054 /api/orders status=200 dur_ms=17
2026-09-30T00:23:01.346Z WARN  req-103055 /api/cart status=429 dur_ms=28
2026-09-30T00:23:01.451Z INFO  req-103056 /api/health status=200 dur_ms=28
2026-09-30T00:23:02.001Z INFO  req-103057 /api/orders status=200 dur_ms=59
2026-09-30T00:23:02.894Z INFO  req-103058 /api/orders status=200 dur_ms=106
2026-09-30T00:23:03.567Z INFO  req-103059 /api/login status=200 dur_ms=8
2026-09-30T00:23:04.124Z INFO  req-103060 /api/orders status=200 dur_ms=31
2026-09-30T00:23:04.956Z INFO  req-103061 /api/catalog status=200 dur_ms=13
2026-09-30T00:23:05.832Z INFO  req-103062 /api/login status=200 dur_ms=96
2026-09-30T00:23:05.951Z INFO  req-103063 /api/login status=200 dur_ms=93
2026-09-30T00:23:06.558Z WARN  req-103064 /api/health status=401 dur_ms=26
2026-09-30T00:23:06.783Z INFO  req-103065 /api/orders status=200 dur_ms=19
2026-09-30T00:23:07.660Z INFO  req-103066 /api/login status=200 dur_ms=42
2026-09-30T00:23:08.127Z INFO  req-103067 /api/login status=200 dur_ms=3
2026-09-30T00:23:09.008Z INFO  req-103068 /api/health status=200 dur_ms=48
2026-09-30T00:23:09.102Z INFO  req-103069 /api/orders status=200 dur_ms=21
2026-09-30T00:23:09.969Z INFO  req-103070 /api/catalog status=200 dur_ms=61
2026-09-30T00:23:10.796Z INFO  req-103071 /api/login status=200 dur_ms=114
2026-09-30T00:23:11.128Z INFO  req-103072 /api/orders status=200 dur_ms=19
2026-09-30T00:23:11.794Z INFO  req-103073 /api/cart status=200 dur_ms=116
2026-09-30T00:23:11.945Z INFO  req-103074 /api/login status=200 dur_ms=118
2026-09-30T00:23:12.064Z INFO  req-103075 /api/cart status=200 dur_ms=6
2026-09-30T00:23:12.589Z INFO  req-103076 /api/catalog status=200 dur_ms=50
2026-09-30T00:23:12.641Z INFO  req-103077 /api/orders status=200 dur_ms=34
2026-09-30T00:23:12.851Z INFO  req-103078 /api/catalog status=200 dur_ms=41
2026-09-30T00:23:13.066Z INFO  req-103079 /api/catalog status=200 dur_ms=90
2026-09-30T00:23:13.153Z INFO  req-103080 /api/orders status=200 dur_ms=97
2026-09-30T00:23:13.528Z INFO  req-103081 /api/catalog status=200 dur_ms=55
2026-09-30T00:23:14.044Z INFO  req-103082 /api/orders status=200 dur_ms=82
2026-09-30T00:23:14.348Z WARN  req-103083 /api/catalog status=400 dur_ms=20
2026-09-30T00:23:14.721Z INFO  req-103084 /api/cart status=200 dur_ms=17
2026-09-30T00:23:15.051Z INFO  req-103085 /api/orders status=200 dur_ms=50
2026-09-30T00:23:15.620Z INFO  req-103086 /api/cart status=200 dur_ms=85
2026-09-30T00:23:15.644Z INFO  req-103087 /api/cart status=200 dur_ms=99
2026-09-30T00:23:15.824Z INFO  req-103088 /api/orders status=200 dur_ms=52
2026-09-30T00:23:15.894Z INFO  req-103089 /api/orders status=200 dur_ms=42
2026-09-30T00:23:16.763Z INFO  req-103090 /api/catalog status=200 dur_ms=100
2026-09-30T00:23:17.515Z INFO  req-103091 /api/orders status=200 dur_ms=25
2026-09-30T00:23:17.952Z INFO  req-103092 /api/login status=200 dur_ms=112
2026-09-30T00:23:18.307Z INFO  req-103093 /api/health status=200 dur_ms=7
2026-09-30T00:23:18.331Z INFO  req-103094 /api/health status=200 dur_ms=89
2026-09-30T00:23:18.371Z INFO  req-103095 /api/catalog status=200 dur_ms=82
2026-09-30T00:23:19.213Z INFO  req-103096 /api/login status=200 dur_ms=91
2026-09-30T00:23:19.896Z INFO  req-103097 /api/health status=200 dur_ms=23
2026-09-30T00:23:20.779Z INFO  req-103098 /api/health status=200 dur_ms=117
2026-09-30T00:23:21.414Z INFO  req-103099 /api/cart status=200 dur_ms=78
2026-09-30T00:23:21.930Z INFO  req-103100 /api/orders status=200 dur_ms=40
2026-09-30T00:23:22.748Z INFO  req-103101 /api/cart status=200 dur_ms=74
2026-09-30T00:23:23.054Z INFO  req-103102 /api/login status=200 dur_ms=71
2026-09-30T00:23:23.938Z WARN  req-103103 /api/catalog status=400 dur_ms=29
2026-09-30T00:23:24.058Z INFO  req-103104 /api/health status=200 dur_ms=22
2026-09-30T00:23:24.455Z ERROR req-103105 upstream timeout calling payments, retrying (1/3)
2026-09-30T00:23:24.455Z INFO  req-103105 /api/cart retry ok
2026-09-30T00:23:24.455Z INFO  req-103105 /api/cart status=200 dur_ms=1831
2026-09-30T00:23:24.535Z INFO  req-103106 /api/login status=200 dur_ms=16
2026-09-30T00:23:25.235Z INFO  req-103107 /api/login status=200 dur_ms=115
2026-09-30T00:23:25.316Z INFO  req-103108 /api/orders status=200 dur_ms=96
2026-09-30T00:23:25.436Z INFO  req-103109 /api/health status=200 dur_ms=27
2026-09-30T00:23:26.209Z INFO  req-103110 /api/orders status=200 dur_ms=23
2026-09-30T00:23:26.353Z INFO  req-103111 /api/health status=200 dur_ms=62
2026-09-30T00:23:27.054Z INFO  req-103112 /api/cart status=200 dur_ms=91
2026-09-30T00:23:27.722Z WARN  req-103113 /api/health status=429 dur_ms=10
2026-09-30T00:23:28.097Z WARN  req-103114 /api/cart status=401 dur_ms=37
2026-09-30T00:23:28.583Z INFO  req-103115 /api/health status=200 dur_ms=95
2026-09-30T00:23:28.624Z INFO  req-103116 /api/orders status=200 dur_ms=20
2026-09-30T00:23:29.271Z INFO  req-103117 /api/catalog status=200 dur_ms=27
2026-09-30T00:23:30.052Z INFO  req-103118 /api/login status=200 dur_ms=52
2026-09-30T00:23:30.683Z INFO  req-103119 /api/login status=200 dur_ms=63
2026-09-30T00:23:31.089Z INFO  req-103120 /api/login status=200 dur_ms=89
2026-09-30T00:23:31.339Z INFO  req-103121 /api/cart status=200 dur_ms=114
2026-09-30T00:23:32.221Z WARN  req-103122 /api/cart status=429 dur_ms=2
2026-09-30T00:23:32.330Z INFO  req-103123 /api/cart status=200 dur_ms=93
2026-09-30T00:23:32.629Z INFO  req-103124 /api/cart status=200 dur_ms=8
2026-09-30T00:23:33.062Z WARN  req-103125 /api/cart status=404 dur_ms=14
2026-09-30T00:23:33.871Z INFO  req-103126 /api/orders status=200 dur_ms=35
2026-09-30T00:23:34.197Z INFO  req-103127 /api/login status=200 dur_ms=66
2026-09-30T00:23:34.397Z INFO  req-103128 /api/login status=200 dur_ms=103
2026-09-30T00:23:34.442Z INFO  req-103129 /api/cart status=200 dur_ms=18
2026-09-30T00:23:34.844Z INFO  req-103130 /api/orders status=200 dur_ms=80
2026-09-30T00:23:34.901Z INFO  req-103131 /api/health status=200 dur_ms=54
2026-09-30T00:23:35.093Z INFO  req-103132 /api/login status=200 dur_ms=40
2026-09-30T00:23:35.215Z ERROR req-103133 upstream timeout calling payments, retrying (1/3)
2026-09-30T00:23:35.215Z INFO  req-103133 /api/orders retry ok
2026-09-30T00:23:35.215Z INFO  req-103133 /api/orders status=200 dur_ms=1055
2026-09-30T00:23:35.643Z INFO  req-103134 /api/health status=200 dur_ms=90
2026-09-30T00:23:35.740Z INFO  req-103135 /api/cart status=200 dur_ms=103
2026-09-30T00:23:36.003Z INFO  req-103136 /api/health status=200 dur_ms=80
2026-09-30T00:23:36.727Z ERROR req-103137 upstream timeout calling payments, retrying (1/3)
2026-09-30T00:23:36.727Z INFO  req-103137 /api/login retry ok
2026-09-30T00:23:36.727Z INFO  req-103137 /api/login status=200 dur_ms=1244
2026-09-30T00:23:36.852Z INFO  req-103138 /api/orders status=200 dur_ms=113
2026-09-30T00:23:37.465Z INFO  req-103139 /api/cart status=200 dur_ms=98
2026-09-30T00:23:38.058Z INFO  req-103140 /api/cart status=200 dur_ms=112
2026-09-30T00:23:38.214Z INFO  req-103141 /api/login status=200 dur_ms=22
2026-09-30T00:23:38.978Z INFO  req-103142 /api/orders status=200 dur_ms=33
2026-09-30T00:23:39.730Z INFO  req-103143 /api/health status=200 dur_ms=96
2026-09-30T00:23:40.518Z INFO  req-103144 /api/login status=200 dur_ms=13
2026-09-30T00:23:41.272Z INFO  req-103145 /api/health status=200 dur_ms=35
2026-09-30T00:23:41.742Z INFO  req-103146 /api/health status=200 dur_ms=105
2026-09-30T00:23:42.169Z INFO  req-103147 /api/catalog status=200 dur_ms=29
2026-09-30T00:23:42.602Z INFO  req-103148 /api/catalog status=200 dur_ms=23
2026-09-30T00:23:42.783Z INFO  req-103149 /api/orders status=200 dur_ms=104
2026-09-30T00:23:43.367Z INFO  req-103150 /api/cart status=200 dur_ms=52
2026-09-30T00:23:44.024Z INFO  req-103151 /api/login status=200 dur_ms=89
2026-09-30T00:23:44.724Z INFO  req-103152 /api/cart status=200 dur_ms=44
2026-09-30T00:23:44.746Z INFO  req-103153 /api/login status=200 dur_ms=110
2026-09-30T00:23:45.114Z INFO  req-103154 /api/login status=200 dur_ms=20
2026-09-30T00:23:45.501Z INFO  req-103155 /api/cart status=200 dur_ms=113
2026-09-30T00:23:46.351Z WARN  req-103156 /api/login status=401 dur_ms=27
2026-09-30T00:23:46.712Z INFO  req-103157 /api/cart status=200 dur_ms=37
2026-09-30T00:23:47.504Z INFO  req-103158 /api/login status=200 dur_ms=70
2026-09-30T00:23:48.370Z INFO  req-103159 /api/health status=200 dur_ms=116
2026-09-30T00:23:48.982Z INFO  req-103160 /api/login status=200 dur_ms=3
2026-09-30T00:23:49.399Z INFO  req-103161 /api/login status=200 dur_ms=53
2026-09-30T00:23:50.132Z INFO  req-103162 /api/orders status=200 dur_ms=93
2026-09-30T00:23:50.980Z INFO  req-103163 /api/orders status=200 dur_ms=4
2026-09-30T00:23:51.325Z INFO  req-103164 /api/catalog status=200 dur_ms=20
2026-09-30T00:23:52.159Z WARN  req-103165 /api/orders status=401 dur_ms=2
2026-09-30T00:23:52.393Z INFO  req-103166 /api/login status=200 dur_ms=8
2026-09-30T00:23:52.548Z ERROR req-103167 upstream timeout calling payments, retrying (1/3)
2026-09-30T00:23:52.548Z INFO  req-103167 /api/health retry ok
2026-09-30T00:23:52.548Z INFO  req-103167 /api/health status=200 dur_ms=738
2026-09-30T00:23:53.317Z INFO  req-103168 /api/cart status=200 dur_ms=53
2026-09-30T00:23:53.494Z INFO  req-103169 /api/catalog status=200 dur_ms=38
2026-09-30T00:23:54.159Z INFO  req-103170 /api/login status=200 dur_ms=93
2026-09-30T00:23:54.402Z INFO  req-103171 /api/health status=200 dur_ms=97
2026-09-30T00:23:55.127Z INFO  req-103172 /api/orders status=200 dur_ms=24
2026-09-30T00:23:55.485Z INFO  req-103173 /api/orders status=200 dur_ms=31
2026-09-30T00:23:56.355Z INFO  req-103174 /api/login status=200 dur_ms=6
2026-09-30T00:23:56.729Z WARN  req-103175 fx rate cache miss for USD, using fallback table
2026-09-30T00:23:56.729Z INFO  req-103175 /api/catalog status=200 dur_ms=39
2026-09-30T00:23:56.969Z WARN  req-103176 /api/login status=401 dur_ms=28
2026-09-30T00:23:57.801Z INFO  req-103177 /api/health status=200 dur_ms=104
2026-09-30T00:23:57.863Z INFO  req-103178 /api/orders status=200 dur_ms=114
2026-09-30T00:23:58.477Z INFO  req-103179 /api/health status=200 dur_ms=51
2026-09-30T00:23:58.953Z INFO  req-103180 /api/login status=200 dur_ms=32
2026-09-30T00:23:59.265Z INFO  req-103181 /api/health status=200 dur_ms=87
2026-09-30T00:23:59.973Z INFO  req-103182 /api/cart status=200 dur_ms=66
2026-09-30T00:24:00.780Z INFO  req-103183 /api/health status=200 dur_ms=62
2026-09-30T00:24:01.491Z WARN  req-103184 /api/cart status=401 dur_ms=28
2026-09-30T00:24:01.767Z INFO  req-103185 /api/cart status=200 dur_ms=93
2026-09-30T00:24:02.259Z INFO  req-103186 /api/cart status=200 dur_ms=89
2026-09-30T00:24:02.326Z INFO  req-103187 /api/catalog status=200 dur_ms=34
2026-09-30T00:24:03.013Z INFO  req-103188 /api/cart status=200 dur_ms=58
2026-09-30T00:24:03.468Z INFO  req-103189 /api/catalog status=200 dur_ms=5
2026-09-30T00:24:04.235Z INFO  req-103190 /api/health status=200 dur_ms=114
2026-09-30T00:24:05.062Z INFO  req-103191 /api/login status=200 dur_ms=73
2026-09-30T00:24:05.065Z INFO  req-103192 /api/login status=200 dur_ms=70
2026-09-30T00:24:05.515Z WARN  req-103193 /api/catalog status=401 dur_ms=8
2026-09-30T00:24:06.110Z INFO  req-103194 /api/login status=200 dur_ms=50
2026-09-30T00:24:06.875Z INFO  req-103195 /api/health status=200 dur_ms=58
2026-09-30T00:24:07.051Z INFO  req-103196 /api/orders status=200 dur_ms=3
2026-09-30T00:24:07.485Z WARN  req-103197 fx rate cache miss for USD, using fallback table
2026-09-30T00:24:07.485Z INFO  req-103197 /api/catalog status=200 dur_ms=41
2026-09-30T00:24:07.489Z INFO  req-103198 /api/cart status=200 dur_ms=117
2026-09-30T00:24:07.842Z WARN  req-103199 fx rate cache miss for USD, using fallback table
2026-09-30T00:24:07.842Z INFO  req-103199 /api/login status=200 dur_ms=84
2026-09-30T00:24:08.679Z INFO  req-103200 /api/health status=200 dur_ms=10
2026-09-30T00:24:09.135Z INFO  req-103201 /api/orders status=200 dur_ms=63
2026-09-30T00:24:09.409Z WARN  req-103202 /api/health status=401 dur_ms=20
2026-09-30T00:24:09.854Z INFO  req-103203 /api/orders status=200 dur_ms=7
2026-09-30T00:24:10.702Z INFO  req-103204 /api/orders status=200 dur_ms=28
2026-09-30T00:24:11.130Z INFO  req-103205 /api/health status=200 dur_ms=35
2026-09-30T00:24:11.173Z INFO  req-103206 /api/health status=200 dur_ms=88
2026-09-30T00:24:11.739Z INFO  req-103207 /api/health status=200 dur_ms=46
2026-09-30T00:24:11.980Z INFO  req-103208 /api/cart status=200 dur_ms=44
2026-09-30T00:24:12.153Z INFO  req-103209 /api/health status=200 dur_ms=68
2026-09-30T00:24:13.041Z INFO  req-103210 /api/catalog status=200 dur_ms=56
2026-09-30T00:24:13.597Z INFO  req-103211 /api/health status=200 dur_ms=67
2026-09-30T00:24:13.766Z INFO  req-103212 /api/health status=200 dur_ms=27
2026-09-30T00:24:14.331Z WARN  req-103213 /api/catalog status=401 dur_ms=38
2026-09-30T00:24:14.736Z INFO  req-103214 /api/catalog status=200 dur_ms=13
2026-09-30T00:24:15.588Z INFO  req-103215 /api/orders status=200 dur_ms=40
2026-09-30T00:24:16.033Z INFO  req-103216 /api/login status=200 dur_ms=92
2026-09-30T00:24:16.362Z INFO  req-103217 /api/login status=200 dur_ms=100
2026-09-30T00:24:17.058Z INFO  req-103218 /api/orders status=200 dur_ms=51
2026-09-30T00:24:17.395Z INFO  req-103219 /api/cart status=200 dur_ms=87
2026-09-30T00:24:18.089Z INFO  req-103220 /api/login status=200 dur_ms=40
2026-09-30T00:24:18.136Z INFO  req-103221 /api/catalog status=200 dur_ms=108
2026-09-30T00:24:18.491Z INFO  req-103222 /api/cart status=200 dur_ms=56
2026-09-30T00:24:19.314Z INFO  req-103223 /api/cart status=200 dur_ms=53
2026-09-30T00:24:19.571Z INFO  req-103224 /api/login status=200 dur_ms=47
2026-09-30T00:24:19.875Z INFO  req-103225 /api/cart status=200 dur_ms=54
2026-09-30T00:24:19.878Z WARN  req-103226 fx rate cache miss for GBP, using fallback table
2026-09-30T00:24:19.878Z INFO  req-103226 /api/orders status=200 dur_ms=66
2026-09-30T00:24:20.358Z INFO  req-103227 /api/health status=200 dur_ms=5
2026-09-30T00:24:20.464Z INFO  req-103228 /api/cart status=200 dur_ms=116
2026-09-30T00:24:21.240Z WARN  req-103229 /api/health status=429 dur_ms=5
2026-09-30T00:24:21.828Z INFO  req-103230 /api/health status=200 dur_ms=83
2026-09-30T00:24:22.072Z INFO  req-103231 /api/orders status=200 dur_ms=39
2026-09-30T00:24:22.834Z WARN  req-103232 fx rate cache miss for USD, using fallback table
2026-09-30T00:24:22.834Z INFO  req-103232 /api/health status=200 dur_ms=32
2026-09-30T00:24:23.687Z ERROR req-103233 upstream timeout calling payments, retrying (1/3)
2026-09-30T00:24:23.687Z INFO  req-103233 /api/health retry ok
2026-09-30T00:24:23.687Z INFO  req-103233 /api/health status=200 dur_ms=863
2026-09-30T00:24:24.450Z INFO  req-103234 /api/catalog status=200 dur_ms=103
2026-09-30T00:24:25.224Z ERROR req-103235 upstream timeout calling payments, retrying (1/3)
2026-09-30T00:24:25.224Z INFO  req-103235 /api/login retry ok
2026-09-30T00:24:25.224Z INFO  req-103235 /api/login status=200 dur_ms=410
2026-09-30T00:24:26.096Z INFO  req-103236 /api/login status=200 dur_ms=68
2026-09-30T00:24:26.532Z WARN  req-103237 fx rate cache miss for USD, using fallback table
2026-09-30T00:24:26.532Z INFO  req-103237 /api/orders status=200 dur_ms=50
2026-09-30T00:24:26.867Z INFO  req-103238 /api/cart status=200 dur_ms=78
2026-09-30T00:24:27.059Z INFO  req-103239 /api/orders status=200 dur_ms=108
2026-09-30T00:24:27.538Z INFO  req-103240 /api/orders status=200 dur_ms=24
2026-09-30T00:24:27.953Z INFO  req-103241 /api/cart status=200 dur_ms=18
2026-09-30T00:24:28.809Z INFO  req-103242 /api/login status=200 dur_ms=56
2026-09-30T00:24:29.148Z INFO  req-103243 /api/catalog status=200 dur_ms=23
2026-09-30T00:24:29.764Z WARN  req-103244 /api/health status=400 dur_ms=34
2026-09-30T00:24:29.801Z INFO  req-103245 /api/catalog status=200 dur_ms=112
2026-09-30T00:24:30.539Z INFO  req-103246 /api/catalog status=200 dur_ms=91
2026-09-30T00:24:30.636Z INFO  req-103247 /api/cart status=200 dur_ms=107
2026-09-30T00:24:31.450Z INFO  req-103248 /api/cart status=200 dur_ms=15
2026-09-30T00:24:32.183Z INFO  req-103249 /api/health status=200 dur_ms=44
2026-09-30T00:24:32.918Z INFO  req-103250 /api/catalog status=200 dur_ms=35
2026-09-30T00:24:33.045Z INFO  req-103251 /api/cart status=200 dur_ms=32
2026-09-30T00:24:33.241Z INFO  req-103252 /api/catalog status=200 dur_ms=91
2026-09-30T00:24:33.983Z INFO  req-103253 /api/orders status=200 dur_ms=19
2026-09-30T00:24:34.210Z WARN  req-103254 /api/login status=400 dur_ms=10
2026-09-30T00:24:34.944Z INFO  req-103255 /api/cart status=200 dur_ms=9
2026-09-30T00:24:35.782Z INFO  req-103256 /api/login status=200 dur_ms=33
2026-09-30T00:24:36.080Z INFO  req-103257 /api/cart status=200 dur_ms=92
2026-09-30T00:24:36.855Z INFO  req-103258 /api/login status=200 dur_ms=16
2026-09-30T00:24:37.322Z INFO  req-103259 /api/cart status=200 dur_ms=7
2026-09-30T00:24:37.466Z INFO  req-103260 /api/health status=200 dur_ms=71
2026-09-30T00:24:37.914Z INFO  req-103261 /api/cart status=200 dur_ms=24
2026-09-30T00:24:38.416Z INFO  req-103262 /api/health status=200 dur_ms=34
2026-09-30T00:24:38.861Z INFO  req-103263 /api/catalog status=200 dur_ms=28
2026-09-30T00:24:39.152Z INFO  req-103264 /api/catalog status=200 dur_ms=41
2026-09-30T00:24:39.895Z INFO  req-103265 /api/login status=200 dur_ms=54
2026-09-30T00:24:40.262Z INFO  req-103266 /api/catalog status=200 dur_ms=43
2026-09-30T00:24:41.105Z INFO  req-103267 /api/health status=200 dur_ms=120
2026-09-30T00:24:41.406Z INFO  req-103268 /api/orders status=200 dur_ms=87
2026-09-30T00:24:41.857Z INFO  req-103269 /api/login status=200 dur_ms=105
2026-09-30T00:24:42.398Z INFO  req-103270 /api/health status=200 dur_ms=71
2026-09-30T00:24:42.810Z INFO  req-103271 /api/cart status=200 dur_ms=54
2026-09-30T00:24:43.580Z INFO  req-103272 /api/catalog status=200 dur_ms=70
2026-09-30T00:24:44.060Z INFO  req-103273 /api/orders status=200 dur_ms=79
2026-09-30T00:24:44.503Z INFO  req-103274 /api/catalog status=200 dur_ms=105
2026-09-30T00:24:45.020Z INFO  req-103275 /api/cart status=200 dur_ms=99
2026-09-30T00:24:45.919Z INFO  req-103276 /api/cart status=200 dur_ms=15
2026-09-30T00:24:46.233Z INFO  req-103277 /api/orders status=200 dur_ms=84
2026-09-30T00:24:47.000Z INFO  req-103278 /api/health status=200 dur_ms=55
2026-09-30T00:24:47.342Z INFO  req-103279 /api/login status=200 dur_ms=50
2026-09-30T00:24:48.087Z INFO  req-103280 /api/login status=200 dur_ms=91
2026-09-30T00:24:48.976Z INFO  req-103281 /api/catalog status=200 dur_ms=42
2026-09-30T00:24:49.349Z INFO  req-103282 /api/orders status=200 dur_ms=60
2026-09-30T00:24:50.137Z INFO  req-103283 /api/cart status=200 dur_ms=27
2026-09-30T00:24:50.859Z ERROR req-103284 upstream timeout calling payments, retrying (1/3)
2026-09-30T00:24:50.859Z INFO  req-103284 /api/login retry ok
2026-09-30T00:24:50.859Z INFO  req-103284 /api/login status=200 dur_ms=557
2026-09-30T00:24:51.440Z INFO  req-103285 /api/orders status=200 dur_ms=95
2026-09-30T00:24:52.330Z INFO  req-103286 /api/cart status=200 dur_ms=42
2026-09-30T00:24:53.210Z INFO  req-103287 /api/cart status=200 dur_ms=45
2026-09-30T00:24:53.753Z INFO  req-103288 /api/catalog status=200 dur_ms=61
2026-09-30T00:24:54.396Z INFO  req-103289 /api/orders status=200 dur_ms=97
2026-09-30T00:24:54.768Z INFO  req-103290 /api/login status=200 dur_ms=65
2026-09-30T00:24:55.363Z INFO  req-103291 /api/cart status=200 dur_ms=108
2026-09-30T00:24:55.945Z INFO  req-103292 /api/login status=200 dur_ms=15
2026-09-30T00:24:56.689Z INFO  req-103293 /api/catalog status=200 dur_ms=99
2026-09-30T00:24:57.483Z INFO  req-103294 /api/health status=200 dur_ms=37
2026-09-30T00:24:58.093Z INFO  req-103295 /api/orders status=200 dur_ms=4
2026-09-30T00:24:58.954Z INFO  req-103296 /api/login status=200 dur_ms=33
2026-09-30T00:24:59.272Z INFO  req-103297 /api/login status=200 dur_ms=25
2026-09-30T00:25:00.031Z INFO  req-103298 /api/cart status=200 dur_ms=10
2026-09-30T00:25:00.212Z INFO  req-103299 /api/health status=200 dur_ms=53
2026-09-30T00:25:00.303Z INFO  req-103300 /api/health status=200 dur_ms=90
2026-09-30T00:25:00.907Z INFO  req-103301 /api/cart status=200 dur_ms=79
2026-09-30T00:25:01.143Z INFO  req-103302 /api/catalog status=200 dur_ms=100
2026-09-30T00:25:01.826Z INFO  req-103303 /api/orders status=200 dur_ms=72
2026-09-30T00:25:02.387Z INFO  req-103304 /api/login status=200 dur_ms=87
2026-09-30T00:25:02.881Z INFO  req-103305 /api/catalog status=200 dur_ms=80
2026-09-30T00:25:03.765Z INFO  req-103306 /api/login status=200 dur_ms=89
2026-09-30T00:25:04.442Z INFO  req-103307 /api/health status=200 dur_ms=57
2026-09-30T00:25:04.552Z INFO  req-103308 /api/login status=200 dur_ms=46
2026-09-30T00:25:05.056Z INFO  req-103309 /api/catalog status=200 dur_ms=25
2026-09-30T00:25:05.558Z INFO  req-103310 /api/health status=200 dur_ms=32
2026-09-30T00:25:05.588Z INFO  req-103311 /api/orders status=200 dur_ms=57
2026-09-30T00:25:06.215Z INFO  req-103312 /api/cart status=200 dur_ms=35
2026-09-30T00:25:06.625Z INFO  req-103313 /api/catalog status=200 dur_ms=20
2026-09-30T00:25:06.642Z WARN  req-103314 fx rate cache miss for GBP, using fallback table
2026-09-30T00:25:06.642Z INFO  req-103314 /api/health status=200 dur_ms=42
2026-09-30T00:25:07.080Z INFO  req-103315 /api/login status=200 dur_ms=30
2026-09-30T00:25:07.224Z WARN  req-103316 /api/health status=429 dur_ms=16
2026-09-30T00:25:07.422Z WARN  req-103317 /api/catalog status=429 dur_ms=36
2026-09-30T00:25:07.966Z INFO  req-103318 /api/orders status=200 dur_ms=30
2026-09-30T00:25:08.516Z INFO  req-103319 /api/cart status=200 dur_ms=8
2026-09-30T00:25:08.659Z INFO  req-103320 /api/catalog status=200 dur_ms=25
2026-09-30T00:25:09.333Z INFO  req-103321 /api/login status=200 dur_ms=57
2026-09-30T00:25:09.798Z WARN  req-103322 /api/login status=401 dur_ms=22
2026-09-30T00:25:10.512Z INFO  req-103323 /api/orders status=200 dur_ms=74
2026-09-30T00:25:10.556Z INFO  req-103324 /api/health status=200 dur_ms=54
2026-09-30T00:25:10.723Z WARN  req-103325 fx rate cache miss for GBP, using fallback table
2026-09-30T00:25:10.723Z INFO  req-103325 /api/cart status=200 dur_ms=87
2026-09-30T00:25:10.880Z ERROR req-103326 upstream timeout calling payments, retrying (1/3)
2026-09-30T00:25:10.880Z INFO  req-103326 /api/catalog retry ok
2026-09-30T00:25:10.880Z INFO  req-103326 /api/catalog status=200 dur_ms=1008
2026-09-30T00:25:11.115Z INFO  req-103327 /api/login status=200 dur_ms=61
2026-09-30T00:25:11.912Z INFO  req-103328 /api/catalog status=200 dur_ms=120
2026-09-30T00:25:12.645Z INFO  req-103329 /api/cart status=200 dur_ms=55
2026-09-30T00:25:13.405Z INFO  req-103330 /api/orders status=200 dur_ms=23
2026-09-30T00:25:13.674Z INFO  req-103331 /api/catalog status=200 dur_ms=38
2026-09-30T00:25:13.959Z INFO  req-103332 /api/catalog status=200 dur_ms=112
2026-09-30T00:25:14.392Z INFO  req-103333 /api/health status=200 dur_ms=36
2026-09-30T00:25:14.643Z INFO  req-103334 /api/login status=200 dur_ms=70
2026-09-30T00:25:15.389Z INFO  req-103335 /api/catalog status=200 dur_ms=55
2026-09-30T00:25:15.655Z INFO  req-103336 /api/health status=200 dur_ms=24
2026-09-30T00:25:15.713Z INFO  req-103337 /api/health status=200 dur_ms=55
2026-09-30T00:25:16.520Z INFO  req-103338 /api/login status=200 dur_ms=92
2026-09-30T00:25:16.823Z INFO  req-103339 /api/orders status=200 dur_ms=92
2026-09-30T00:25:17.506Z INFO  req-103340 /api/health status=200 dur_ms=61
2026-09-30T00:25:17.760Z INFO  req-103341 /api/cart status=200 dur_ms=119
2026-09-30T00:25:17.839Z INFO  req-103342 /api/login status=200 dur_ms=85
2026-09-30T00:25:18.066Z INFO  req-103343 /api/login status=200 dur_ms=7
2026-09-30T00:25:18.379Z INFO  req-103344 /api/orders status=200 dur_ms=71
2026-09-30T00:25:19.113Z WARN  req-103345 /api/orders status=429 dur_ms=28
2026-09-30T00:25:19.983Z INFO  req-103346 /api/login status=200 dur_ms=65
2026-09-30T00:25:20.591Z INFO  req-103347 /api/health status=200 dur_ms=115
2026-09-30T00:25:20.922Z INFO  req-103348 /api/cart status=200 dur_ms=16
2026-09-30T00:25:21.043Z INFO  req-103349 /api/login status=200 dur_ms=77
2026-09-30T00:25:21.447Z INFO  req-103350 /api/login status=200 dur_ms=41
2026-09-30T00:25:21.892Z INFO  req-103351 /api/login status=200 dur_ms=63
2026-09-30T00:25:22.005Z INFO  req-103352 /api/cart status=200 dur_ms=116
2026-09-30T00:25:22.603Z INFO  req-103353 /api/health status=200 dur_ms=49
2026-09-30T00:25:23.311Z ERROR req-103354 upstream timeout calling payments, retrying (1/3)
2026-09-30T00:25:23.311Z INFO  req-103354 /api/cart retry ok
2026-09-30T00:25:23.311Z INFO  req-103354 /api/cart status=200 dur_ms=1564
2026-09-30T00:25:23.865Z INFO  req-103355 /api/catalog status=200 dur_ms=66
2026-09-30T00:25:23.891Z INFO  req-103356 /api/login status=200 dur_ms=26
2026-09-30T00:25:24.591Z INFO  req-103357 /api/login status=200 dur_ms=43
2026-09-30T00:25:24.731Z INFO  req-103358 /api/login status=200 dur_ms=100
2026-09-30T00:25:24.961Z INFO  req-103359 /api/cart status=200 dur_ms=9
2026-09-30T00:25:25.390Z INFO  req-103360 /api/login status=200 dur_ms=98
2026-09-30T00:25:26.083Z INFO  req-103361 /api/catalog status=200 dur_ms=120
2026-09-30T00:25:26.890Z INFO  req-103362 /api/orders status=200 dur_ms=46
2026-09-30T00:25:27.441Z INFO  req-103363 /api/cart status=200 dur_ms=77
2026-09-30T00:25:27.847Z INFO  req-103364 /api/health status=200 dur_ms=38
2026-09-30T00:25:28.441Z INFO  req-103365 /api/login status=200 dur_ms=48
2026-09-30T00:25:28.733Z INFO  req-103366 /api/cart status=200 dur_ms=34
2026-09-30T00:25:29.215Z INFO  req-103367 /api/catalog status=200 dur_ms=58
2026-09-30T00:25:29.933Z INFO  req-103368 /api/orders status=200 dur_ms=48
2026-09-30T00:25:30.587Z WARN  req-103369 fx rate cache miss for GBP, using fallback table
2026-09-30T00:25:30.587Z INFO  req-103369 /api/login status=200 dur_ms=75
2026-09-30T00:25:30.643Z INFO  req-103370 /api/orders status=200 dur_ms=16
2026-09-30T00:25:30.690Z INFO  req-103371 /api/health status=200 dur_ms=113
2026-09-30T00:25:31.207Z WARN  req-103372 /api/catalog status=429 dur_ms=32
2026-09-30T00:25:32.060Z WARN  req-103373 /api/cart status=400 dur_ms=2
2026-09-30T00:25:32.119Z INFO  req-103374 /api/cart status=200 dur_ms=94
2026-09-30T00:25:32.658Z INFO  req-103375 /api/health status=200 dur_ms=33
2026-09-30T00:25:33.266Z INFO  req-103376 /api/health status=200 dur_ms=19
2026-09-30T00:25:34.057Z INFO  req-103377 /api/catalog status=200 dur_ms=52
2026-09-30T00:25:34.529Z INFO  req-103378 /api/login status=200 dur_ms=45
2026-09-30T00:25:34.973Z INFO  req-103379 /api/health status=200 dur_ms=23
2026-09-30T00:25:35.354Z INFO  req-103380 /api/health status=200 dur_ms=35
2026-09-30T00:25:35.534Z INFO  req-103381 /api/orders status=200 dur_ms=74
2026-09-30T00:25:35.978Z INFO  req-103382 /api/orders status=200 dur_ms=70
2026-09-30T00:25:36.099Z INFO  req-103383 /api/cart status=200 dur_ms=38
2026-09-30T00:25:36.120Z INFO  req-103384 /api/cart status=200 dur_ms=68
2026-09-30T00:25:36.497Z INFO  req-103385 /api/health status=200 dur_ms=106
2026-09-30T00:25:37.271Z INFO  req-103386 /api/health status=200 dur_ms=92
2026-09-30T00:25:37.381Z INFO  req-103387 /api/orders status=200 dur_ms=35
2026-09-30T00:25:38.103Z INFO  req-103388 /api/login status=200 dur_ms=53
2026-09-30T00:25:38.426Z INFO  req-103389 /api/health status=200 dur_ms=71
2026-09-30T00:25:38.430Z INFO  req-103390 /api/login status=200 dur_ms=72
2026-09-30T00:25:38.461Z INFO  req-103391 /api/cart status=200 dur_ms=5
2026-09-30T00:25:38.658Z INFO  req-103392 /api/login status=200 dur_ms=3
2026-09-30T00:25:39.211Z INFO  req-103393 /api/cart status=200 dur_ms=109
2026-09-30T00:25:39.680Z INFO  req-103394 /api/orders status=200 dur_ms=62
2026-09-30T00:25:40.057Z WARN  req-103395 /api/catalog status=429 dur_ms=7
2026-09-30T00:25:40.230Z INFO  req-103396 /api/health status=200 dur_ms=59
2026-09-30T00:25:40.788Z INFO  req-103397 /api/health status=200 dur_ms=44
2026-09-30T00:25:40.793Z INFO  req-103398 /api/orders status=200 dur_ms=100
2026-09-30T00:25:41.325Z INFO  req-103399 /api/health status=200 dur_ms=43
2026-09-30T00:25:41.872Z INFO  req-103400 /api/catalog status=200 dur_ms=74
2026-09-30T00:25:42.298Z INFO  req-103401 /api/health status=200 dur_ms=95
2026-09-30T00:25:42.667Z INFO  req-103402 /api/catalog status=200 dur_ms=51
2026-09-30T00:25:42.740Z INFO  req-103403 /api/health status=200 dur_ms=49
2026-09-30T00:25:42.979Z INFO  req-103404 /api/orders status=200 dur_ms=72
2026-09-30T00:25:43.020Z INFO  req-103405 /api/health status=200 dur_ms=37
2026-09-30T00:25:43.325Z WARN  req-103406 /api/login status=429 dur_ms=33
2026-09-30T00:25:43.864Z INFO  req-103407 /api/login status=200 dur_ms=53
2026-09-30T00:25:43.876Z INFO  req-103408 /api/login status=200 dur_ms=85
2026-09-30T00:25:44.401Z INFO  req-103409 /api/orders status=200 dur_ms=25
2026-09-30T00:25:45.114Z INFO  req-103410 /api/orders status=200 dur_ms=10
2026-09-30T00:25:45.406Z ERROR req-103411 upstream timeout calling payments, retrying (1/3)
2026-09-30T00:25:45.406Z INFO  req-103411 /api/login retry ok
2026-09-30T00:25:45.406Z INFO  req-103411 /api/login status=200 dur_ms=1151
2026-09-30T00:25:45.495Z INFO  req-103412 /api/orders status=200 dur_ms=32
2026-09-30T00:25:46.269Z INFO  req-103413 /api/health status=200 dur_ms=81
2026-09-30T00:25:46.292Z INFO  req-103414 /api/health status=200 dur_ms=88
2026-09-30T00:25:46.929Z INFO  req-103415 /api/login status=200 dur_ms=101
2026-09-30T00:25:47.201Z INFO  req-103416 /api/cart status=200 dur_ms=49
2026-09-30T00:25:47.431Z INFO  req-103417 /api/cart status=200 dur_ms=17
2026-09-30T00:25:48.204Z INFO  req-103418 /api/cart status=200 dur_ms=8
2026-09-30T00:25:49.075Z INFO  req-103419 /api/cart status=200 dur_ms=42
2026-09-30T00:25:49.772Z INFO  req-103420 /api/catalog status=200 dur_ms=63
2026-09-30T00:25:50.099Z INFO  req-103421 /api/catalog status=200 dur_ms=29
2026-09-30T00:25:50.435Z ERROR req-103422 upstream timeout calling payments, retrying (1/3)
2026-09-30T00:25:50.435Z INFO  req-103422 /api/health retry ok
2026-09-30T00:25:50.435Z INFO  req-103422 /api/health status=200 dur_ms=1575
2026-09-30T00:25:51.071Z INFO  req-103423 /api/catalog status=200 dur_ms=14
2026-09-30T00:25:51.326Z INFO  req-103424 /api/login status=200 dur_ms=54
2026-09-30T00:25:51.736Z INFO  req-103425 /api/catalog status=200 dur_ms=9
2026-09-30T00:25:52.477Z INFO  req-103426 /api/login status=200 dur_ms=77
2026-09-30T00:25:52.537Z INFO  req-103427 /api/login status=200 dur_ms=106
2026-09-30T00:25:53.161Z ERROR req-103428 upstream timeout calling payments, retrying (1/3)
2026-09-30T00:25:53.161Z INFO  req-103428 /api/health retry ok
2026-09-30T00:25:53.161Z INFO  req-103428 /api/health status=200 dur_ms=350
2026-09-30T00:25:53.585Z INFO  req-103429 /api/health status=200 dur_ms=96
2026-09-30T00:25:54.371Z INFO  req-103430 /api/cart status=200 dur_ms=29
2026-09-30T00:25:54.718Z WARN  req-103431 /api/health status=429 dur_ms=37
2026-09-30T00:25:55.260Z WARN  req-103432 /api/cart status=404 dur_ms=32
2026-09-30T00:25:55.765Z INFO  req-103433 /api/login status=200 dur_ms=32
2026-09-30T00:25:56.078Z INFO  req-103434 /api/catalog status=200 dur_ms=72
2026-09-30T00:25:56.390Z INFO  req-103435 /api/cart status=200 dur_ms=120
2026-09-30T00:25:56.827Z INFO  req-103436 /api/catalog status=200 dur_ms=34
2026-09-30T00:25:57.637Z INFO  req-103437 /api/login status=200 dur_ms=13
2026-09-30T00:25:57.742Z INFO  req-103438 /api/catalog status=200 dur_ms=99
2026-09-30T00:25:57.997Z WARN  req-103439 /api/catalog status=429 dur_ms=4
2026-09-30T00:25:58.689Z INFO  req-103440 /api/orders status=200 dur_ms=77
2026-09-30T00:25:58.763Z INFO  req-103441 /api/orders status=200 dur_ms=19
2026-09-30T00:25:58.818Z INFO  req-103442 /api/login status=200 dur_ms=120
2026-09-30T00:25:59.180Z INFO  req-103443 /api/cart status=200 dur_ms=91
2026-09-30T00:25:59.446Z INFO  req-103444 /api/login status=200 dur_ms=84
2026-09-30T00:26:00.154Z INFO  req-103445 /api/cart status=200 dur_ms=44
2026-09-30T00:26:00.242Z INFO  req-103446 /api/catalog status=200 dur_ms=92
2026-09-30T00:26:00.674Z INFO  req-103447 /api/cart status=200 dur_ms=32
2026-09-30T00:26:00.943Z INFO  req-103448 /api/orders status=200 dur_ms=12
2026-09-30T00:26:01.153Z INFO  req-103449 /api/login status=200 dur_ms=92
2026-09-30T00:26:01.388Z WARN  req-103450 /api/health status=429 dur_ms=32
2026-09-30T00:26:01.740Z ERROR req-103451 upstream timeout calling payments, retrying (1/3)
2026-09-30T00:26:01.740Z INFO  req-103451 /api/catalog retry ok
2026-09-30T00:26:01.740Z INFO  req-103451 /api/catalog status=200 dur_ms=1387
2026-09-30T00:26:02.125Z INFO  req-103452 /api/orders status=200 dur_ms=30
2026-09-30T00:26:02.710Z INFO  req-103453 /api/login status=200 dur_ms=113
2026-09-30T00:26:03.233Z INFO  req-103454 /api/orders status=200 dur_ms=24
2026-09-30T00:26:03.552Z INFO  req-103455 /api/cart status=200 dur_ms=81
2026-09-30T00:26:03.775Z INFO  req-103456 /api/catalog status=200 dur_ms=112
2026-09-30T00:26:04.118Z INFO  req-103457 /api/health status=200 dur_ms=34
2026-09-30T00:26:04.600Z INFO  req-103458 /api/catalog status=200 dur_ms=3
2026-09-30T00:26:05.245Z INFO  req-103459 /api/orders status=200 dur_ms=41
2026-09-30T00:26:05.638Z INFO  req-103460 /api/catalog status=200 dur_ms=43
2026-09-30T00:26:06.036Z INFO  req-103461 /api/cart status=200 dur_ms=116
2026-09-30T00:26:06.559Z INFO  req-103462 /api/cart status=200 dur_ms=66
2026-09-30T00:26:07.236Z INFO  req-103463 /api/cart status=200 dur_ms=17
2026-09-30T00:26:07.521Z INFO  req-103464 /api/health status=200 dur_ms=67
2026-09-30T00:26:07.890Z INFO  req-103465 /api/catalog status=200 dur_ms=29
2026-09-30T00:26:08.153Z INFO  req-103466 /api/orders status=200 dur_ms=15
2026-09-30T00:26:08.818Z INFO  req-103467 /api/login status=200 dur_ms=107
2026-09-30T00:26:09.146Z INFO  req-103468 /api/cart status=200 dur_ms=65
2026-09-30T00:26:09.679Z INFO  req-103469 /api/health status=200 dur_ms=32
2026-09-30T00:26:10.032Z INFO  req-103470 /api/health status=200 dur_ms=32
2026-09-30T00:26:10.200Z INFO  req-103471 /api/login status=200 dur_ms=102
2026-09-30T00:26:10.273Z INFO  req-103472 /api/login status=200 dur_ms=26
2026-09-30T00:26:10.496Z INFO  req-103473 /api/orders status=200 dur_ms=105
2026-09-30T00:26:10.561Z INFO  req-103474 /api/cart status=200 dur_ms=95
2026-09-30T00:26:11.165Z INFO  req-103475 /api/login status=200 dur_ms=33
2026-09-30T00:26:11.579Z INFO  req-103476 /api/login status=200 dur_ms=59
2026-09-30T00:26:11.862Z INFO  req-103477 /api/login status=200 dur_ms=118
2026-09-30T00:26:12.217Z INFO  req-103478 /api/orders status=200 dur_ms=96
2026-09-30T00:26:12.647Z INFO  req-103479 /api/cart status=200 dur_ms=68
2026-09-30T00:26:13.435Z INFO  req-103480 /api/cart status=200 dur_ms=90
2026-09-30T00:26:13.763Z INFO  req-103481 /api/orders status=200 dur_ms=27
2026-09-30T00:26:14.595Z INFO  req-103482 /api/login status=200 dur_ms=96
2026-09-30T00:26:15.313Z WARN  req-103483 /api/login status=400 dur_ms=23
2026-09-30T00:26:15.660Z INFO  req-103484 /api/cart status=200 dur_ms=36
2026-09-30T00:26:16.419Z INFO  req-103485 /api/health status=200 dur_ms=40
2026-09-30T00:26:16.855Z INFO  req-103486 /api/catalog status=200 dur_ms=103
2026-09-30T00:26:17.677Z INFO  req-103487 /api/orders status=200 dur_ms=100
2026-09-30T00:26:17.984Z INFO  req-103488 /api/cart status=200 dur_ms=90
2026-09-30T00:26:18.518Z INFO  req-103489 /api/login status=200 dur_ms=74
2026-09-30T00:26:19.401Z INFO  req-103490 /api/health status=200 dur_ms=97
2026-09-30T00:26:20.220Z INFO  req-103491 /api/orders status=200 dur_ms=38
2026-09-30T00:26:20.923Z INFO  req-103492 /api/cart status=200 dur_ms=52
2026-09-30T00:26:21.726Z INFO  req-103493 /api/catalog status=200 dur_ms=2
2026-09-30T00:26:22.492Z INFO  req-103494 /api/health status=200 dur_ms=116
2026-09-30T00:26:22.539Z INFO  req-103495 /api/health status=200 dur_ms=56
2026-09-30T00:26:22.564Z INFO  req-103496 /api/orders status=200 dur_ms=69
2026-09-30T00:26:23.072Z INFO  req-103497 /api/orders status=200 dur_ms=37
2026-09-30T00:26:23.169Z INFO  req-103498 /api/cart status=200 dur_ms=78
2026-09-30T00:26:23.335Z INFO  req-103499 /api/login status=200 dur_ms=71
2026-09-30T00:26:24.134Z INFO  req-103500 /api/health status=200 dur_ms=28
2026-09-30T00:26:24.250Z INFO  req-103501 /api/health status=200 dur_ms=17
2026-09-30T00:26:24.916Z INFO  req-103502 /api/orders status=200 dur_ms=26
2026-09-30T00:26:25.773Z INFO  req-103503 /api/cart status=200 dur_ms=85
2026-09-30T00:26:26.595Z INFO  req-103504 /api/cart status=200 dur_ms=113
2026-09-30T00:26:26.838Z INFO  req-103505 /api/cart status=200 dur_ms=78
2026-09-30T00:26:27.723Z INFO  req-103506 /api/cart status=200 dur_ms=76
2026-09-30T00:26:27.940Z INFO  req-103507 /api/health status=200 dur_ms=90
2026-09-30T00:26:28.124Z INFO  req-103508 /api/orders status=200 dur_ms=79
2026-09-30T00:26:28.520Z INFO  req-103509 /api/health status=200 dur_ms=53
2026-09-30T00:26:28.915Z INFO  req-103510 /api/cart status=200 dur_ms=94
2026-09-30T00:26:29.263Z INFO  req-103511 /api/cart status=200 dur_ms=30
2026-09-30T00:26:29.494Z INFO  req-103512 /api/cart status=200 dur_ms=62
2026-09-30T00:26:29.719Z INFO  req-103513 /api/orders status=200 dur_ms=62
2026-09-30T00:26:29.833Z INFO  req-103514 /api/login status=200 dur_ms=66
2026-09-30T00:26:30.186Z INFO  req-103515 /api/orders status=200 dur_ms=102
2026-09-30T00:26:30.816Z INFO  req-103516 /api/cart status=200 dur_ms=80
2026-09-30T00:26:30.897Z INFO  req-103517 /api/login status=200 dur_ms=45
2026-09-30T00:26:31.724Z INFO  req-103518 /api/login status=200 dur_ms=54
2026-09-30T00:26:32.175Z INFO  req-103519 /api/login status=200 dur_ms=86
2026-09-30T00:26:32.864Z INFO  req-103520 /api/health status=200 dur_ms=94
2026-09-30T00:26:33.337Z INFO  req-103521 /api/cart status=200 dur_ms=53
2026-09-30T00:26:33.914Z INFO  req-103522 /api/orders status=200 dur_ms=62
2026-09-30T00:26:34.320Z INFO  req-103523 /api/catalog status=200 dur_ms=12
2026-09-30T00:26:34.858Z INFO  req-103524 /api/login status=200 dur_ms=69
2026-09-30T00:26:35.369Z INFO  req-103525 /api/login status=200 dur_ms=55
2026-09-30T00:26:36.169Z INFO  req-103526 /api/catalog status=200 dur_ms=30
2026-09-30T00:26:36.178Z INFO  req-103527 /api/login status=200 dur_ms=50
2026-09-30T00:26:36.548Z INFO  req-103528 /api/health status=200 dur_ms=33
2026-09-30T00:26:36.797Z WARN  req-103529 /api/health status=400 dur_ms=19
2026-09-30T00:26:37.207Z INFO  req-103530 /api/cart status=200 dur_ms=3
2026-09-30T00:26:37.342Z INFO  req-103531 /api/login status=200 dur_ms=38
2026-09-30T00:26:37.671Z INFO  req-103532 /api/health status=200 dur_ms=46
2026-09-30T00:26:37.784Z INFO  req-103533 /api/orders status=200 dur_ms=15
2026-09-30T00:26:38.608Z INFO  req-103534 /api/catalog status=200 dur_ms=52
2026-09-30T00:26:39.331Z INFO  req-103535 /api/login status=200 dur_ms=13
2026-09-30T00:26:39.432Z INFO  req-103536 /api/login status=200 dur_ms=28
2026-09-30T00:26:39.894Z INFO  req-103537 /api/login status=200 dur_ms=30
2026-09-30T00:26:40.036Z INFO  req-103538 /api/cart status=200 dur_ms=13
2026-09-30T00:26:40.512Z INFO  req-103539 /api/catalog status=200 dur_ms=49
2026-09-30T00:26:40.822Z INFO  req-103540 /api/catalog status=200 dur_ms=40
2026-09-30T00:26:41.717Z INFO  req-103541 /api/login status=200 dur_ms=7
2026-09-30T00:26:42.548Z INFO  req-103542 /api/login status=200 dur_ms=22
2026-09-30T00:26:43.082Z INFO  req-103543 /api/cart status=200 dur_ms=44
2026-09-30T00:26:43.710Z INFO  req-103544 /api/orders status=200 dur_ms=2
2026-09-30T00:26:44.097Z INFO  req-103545 /api/catalog status=200 dur_ms=71
2026-09-30T00:26:44.789Z INFO  req-103546 /api/orders status=200 dur_ms=109
2026-09-30T00:26:44.855Z INFO  req-103547 /api/health status=200 dur_ms=45
2026-09-30T00:26:45.460Z ERROR req-103548 upstream timeout calling payments, retrying (1/3)
2026-09-30T00:26:45.460Z INFO  req-103548 /api/catalog retry ok
2026-09-30T00:26:45.460Z INFO  req-103548 /api/catalog status=200 dur_ms=479
2026-09-30T00:26:45.588Z INFO  req-103549 /api/cart status=200 dur_ms=86
2026-09-30T00:26:45.662Z INFO  req-103550 /api/cart status=200 dur_ms=102
2026-09-30T00:26:46.104Z INFO  req-103551 /api/catalog status=200 dur_ms=75
2026-09-30T00:26:46.894Z INFO  req-103552 /api/cart status=200 dur_ms=4
2026-09-30T00:26:47.632Z INFO  req-103553 /api/health status=200 dur_ms=19
2026-09-30T00:26:47.929Z INFO  req-103554 /api/login status=200 dur_ms=115
2026-09-30T00:26:48.607Z INFO  req-103555 /api/cart status=200 dur_ms=40
2026-09-30T00:26:49.290Z INFO  req-103556 /api/orders status=200 dur_ms=111
2026-09-30T00:26:49.671Z INFO  req-103557 /api/cart status=200 dur_ms=19
2026-09-30T00:26:49.715Z INFO  req-103558 /api/catalog status=200 dur_ms=38
2026-09-30T00:26:49.772Z INFO  req-103559 /api/catalog status=200 dur_ms=12
2026-09-30T00:26:50.656Z INFO  req-103560 /api/login status=200 dur_ms=36
2026-09-30T00:26:51.329Z INFO  req-103561 /api/login status=200 dur_ms=43
2026-09-30T00:26:51.670Z INFO  req-103562 /api/cart status=200 dur_ms=15
2026-09-30T00:26:52.310Z INFO  req-103563 /api/catalog status=200 dur_ms=51
2026-09-30T00:26:52.878Z INFO  req-103564 /api/login status=200 dur_ms=58
2026-09-30T00:26:52.884Z INFO  req-103565 /api/catalog status=200 dur_ms=101
2026-09-30T00:26:53.011Z INFO  req-103566 /api/orders status=200 dur_ms=60
2026-09-30T00:26:53.855Z INFO  req-103567 /api/health status=200 dur_ms=67
2026-09-30T00:26:54.151Z INFO  req-103568 /api/cart status=200 dur_ms=9
2026-09-30T00:26:54.680Z INFO  req-103569 /api/health status=200 dur_ms=18
2026-09-30T00:26:55.293Z INFO  req-103570 /api/orders status=200 dur_ms=65
2026-09-30T00:26:55.611Z INFO  req-103571 /api/orders status=200 dur_ms=111
2026-09-30T00:26:55.712Z WARN  req-103572 /api/catalog status=400 dur_ms=27
2026-09-30T00:26:56.398Z WARN  req-103573 /api/login status=401 dur_ms=23
2026-09-30T00:26:57.226Z INFO  req-103574 /api/login status=200 dur_ms=56
2026-09-30T00:26:57.845Z INFO  req-103575 /api/login status=200 dur_ms=97
2026-09-30T00:26:58.171Z INFO  req-103576 /api/login status=200 dur_ms=89
2026-09-30T00:26:58.902Z INFO  req-103577 /api/cart status=200 dur_ms=31
2026-09-30T00:26:59.424Z INFO  req-103578 /api/orders status=200 dur_ms=100
2026-09-30T00:26:59.513Z WARN  req-103579 fx rate cache miss for USD, using fallback table
2026-09-30T00:26:59.513Z INFO  req-103579 /api/login status=200 dur_ms=39
2026-09-30T00:26:59.871Z INFO  req-103580 /api/orders status=200 dur_ms=81
2026-09-30T00:27:00.622Z INFO  req-103581 /api/login status=200 dur_ms=37
2026-09-30T00:27:01.516Z INFO  req-103582 /api/cart status=200 dur_ms=15
2026-09-30T00:27:01.741Z INFO  req-103583 /api/login status=200 dur_ms=52
2026-09-30T00:27:02.437Z INFO  req-103584 /api/catalog status=200 dur_ms=86
2026-09-30T00:27:02.713Z INFO  req-103585 /api/login status=200 dur_ms=94
2026-09-30T00:27:03.526Z INFO  req-103586 /api/health status=200 dur_ms=8
2026-09-30T00:27:04.278Z INFO  req-103587 /api/cart status=200 dur_ms=94
2026-09-30T00:27:04.510Z INFO  req-103588 /api/health status=200 dur_ms=11
2026-09-30T00:27:04.599Z INFO  req-103589 /api/health status=200 dur_ms=5
2026-09-30T00:27:04.750Z INFO  req-103590 /api/health status=200 dur_ms=39
2026-09-30T00:27:04.883Z INFO  req-103591 /api/login status=200 dur_ms=33
2026-09-30T00:27:05.136Z INFO  req-103592 /api/cart status=200 dur_ms=32
2026-09-30T00:27:05.282Z INFO  req-103593 /api/login status=200 dur_ms=93
2026-09-30T00:27:05.917Z INFO  req-103594 /api/cart status=200 dur_ms=24
2026-09-30T00:27:06.617Z INFO  req-103595 /api/catalog status=200 dur_ms=34
2026-09-30T00:27:07.159Z INFO  req-103596 /api/catalog status=200 dur_ms=14
2026-09-30T00:27:07.769Z INFO  req-103597 /api/cart status=200 dur_ms=25
2026-09-30T00:27:08.510Z INFO  req-103598 /api/orders status=200 dur_ms=17
2026-09-30T00:27:09.168Z WARN  req-103599 /api/catalog status=401 dur_ms=38
2026-09-30T00:27:09.680Z INFO  req-103600 /api/catalog status=200 dur_ms=3
2026-09-30T00:27:10.057Z INFO  req-103601 /api/orders status=200 dur_ms=117
2026-09-30T00:27:10.139Z INFO  req-103602 /api/catalog status=200 dur_ms=117
2026-09-30T00:27:10.665Z INFO  req-103603 /api/catalog status=200 dur_ms=39
2026-09-30T00:27:11.166Z INFO  req-103604 /api/login status=200 dur_ms=117
2026-09-30T00:27:11.664Z INFO  req-103605 /api/cart status=200 dur_ms=19
2026-09-30T00:27:11.869Z INFO  req-103606 /api/login status=200 dur_ms=110
2026-09-30T00:27:11.992Z INFO  req-103607 /api/cart status=200 dur_ms=60
2026-09-30T00:27:12.825Z INFO  req-103608 /api/health status=200 dur_ms=71
2026-09-30T00:27:13.692Z INFO  req-103609 /api/catalog status=200 dur_ms=64
2026-09-30T00:27:14.351Z ERROR req-103610 upstream timeout calling payments, retrying (1/3)
2026-09-30T00:27:14.351Z INFO  req-103610 /api/cart retry ok
2026-09-30T00:27:14.351Z INFO  req-103610 /api/cart status=200 dur_ms=1303
2026-09-30T00:27:14.595Z INFO  req-103611 /api/catalog status=200 dur_ms=19
2026-09-30T00:27:14.612Z INFO  req-103612 /api/cart status=200 dur_ms=88
2026-09-30T00:27:14.778Z INFO  req-103613 /api/health status=200 dur_ms=98
2026-09-30T00:27:14.779Z INFO  req-103614 /api/login status=200 dur_ms=21
2026-09-30T00:27:15.151Z INFO  req-103615 /api/health status=200 dur_ms=91
2026-09-30T00:27:15.785Z INFO  req-103616 /api/health status=200 dur_ms=112
2026-09-30T00:27:16.008Z INFO  req-103617 /api/catalog status=200 dur_ms=66
2026-09-30T00:27:16.112Z INFO  req-103618 /api/catalog status=200 dur_ms=46
2026-09-30T00:27:16.589Z INFO  req-103619 /api/orders status=200 dur_ms=44
2026-09-30T00:27:16.953Z INFO  req-103620 /api/catalog status=200 dur_ms=12
2026-09-30T00:27:16.957Z INFO  req-103621 /api/cart status=200 dur_ms=77
2026-09-30T00:27:17.664Z INFO  req-103622 /api/cart status=200 dur_ms=12
2026-09-30T00:27:17.750Z INFO  req-103623 /api/orders status=200 dur_ms=41
2026-09-30T00:27:18.294Z INFO  req-103624 /api/health status=200 dur_ms=37
2026-09-30T00:27:18.944Z INFO  req-103625 /api/catalog status=200 dur_ms=20
2026-09-30T00:27:19.167Z INFO  req-103626 /api/cart status=200 dur_ms=33
2026-09-30T00:27:19.764Z WARN  req-103627 /api/orders status=404 dur_ms=6
2026-09-30T00:27:19.854Z INFO  req-103628 /api/catalog status=200 dur_ms=115
2026-09-30T00:27:20.347Z INFO  req-103629 /api/cart status=200 dur_ms=68
2026-09-30T00:27:21.018Z INFO  req-103630 /api/health status=200 dur_ms=13
2026-09-30T00:27:21.074Z WARN  req-103631 /api/health status=429 dur_ms=11
2026-09-30T00:27:21.728Z INFO  req-103632 /api/catalog status=200 dur_ms=16
2026-09-30T00:27:22.485Z INFO  req-103633 /api/catalog status=200 dur_ms=27
2026-09-30T00:27:22.757Z INFO  req-103634 /api/login status=200 dur_ms=66
2026-09-30T00:27:23.640Z INFO  req-103635 /api/health status=200 dur_ms=120
2026-09-30T00:27:23.816Z ERROR req-103636 upstream timeout calling payments, retrying (1/3)
2026-09-30T00:27:23.816Z INFO  req-103636 /api/login retry ok
2026-09-30T00:27:23.816Z INFO  req-103636 /api/login status=200 dur_ms=527
2026-09-30T00:27:24.370Z INFO  req-103637 /api/health status=200 dur_ms=99
2026-09-30T00:27:24.781Z INFO  req-103638 /api/catalog status=200 dur_ms=81
2026-09-30T00:27:24.950Z WARN  req-103639 /api/orders status=400 dur_ms=21
2026-09-30T00:27:25.578Z INFO  req-103640 /api/orders status=200 dur_ms=97
2026-09-30T00:27:26.395Z INFO  req-103641 /api/orders status=200 dur_ms=118
2026-09-30T00:27:26.420Z WARN  req-103642 /api/login status=429 dur_ms=4
2026-09-30T00:27:26.636Z INFO  req-103643 /api/catalog status=200 dur_ms=109
2026-09-30T00:27:27.018Z INFO  req-103644 /api/catalog status=200 dur_ms=12
2026-09-30T00:27:27.225Z INFO  req-103645 /api/cart status=200 dur_ms=97
2026-09-30T00:27:27.687Z INFO  req-103646 /api/orders status=200 dur_ms=54
2026-09-30T00:27:28.053Z INFO  req-103647 /api/cart status=200 dur_ms=57
2026-09-30T00:27:28.197Z INFO  req-103648 /api/login status=200 dur_ms=4
2026-09-30T00:27:28.767Z INFO  req-103649 /api/cart status=200 dur_ms=59
2026-09-30T00:27:28.807Z INFO  req-103650 /api/login status=200 dur_ms=95
2026-09-30T00:27:29.687Z INFO  req-103651 /api/orders status=200 dur_ms=113
2026-09-30T00:27:30.512Z INFO  req-103652 /api/login status=200 dur_ms=94
2026-09-30T00:27:30.668Z INFO  req-103653 /api/login status=200 dur_ms=110
2026-09-30T00:27:31.402Z ERROR req-103654 upstream timeout calling payments, retrying (1/3)
2026-09-30T00:27:31.402Z INFO  req-103654 /api/login retry ok
2026-09-30T00:27:31.402Z INFO  req-103654 /api/login status=200 dur_ms=669
2026-09-30T00:27:32.146Z INFO  req-103655 /api/cart status=200 dur_ms=26
2026-09-30T00:27:33.015Z INFO  req-103656 /api/cart status=200 dur_ms=52
2026-09-30T00:27:33.530Z INFO  req-103657 /api/catalog status=200 dur_ms=22
2026-09-30T00:27:34.398Z INFO  req-103658 /api/login status=200 dur_ms=119
2026-09-30T00:27:34.545Z INFO  req-103659 /api/health status=200 dur_ms=115
2026-09-30T00:27:34.653Z INFO  req-103660 /api/login status=200 dur_ms=103
2026-09-30T00:27:34.850Z INFO  req-103661 /api/health status=200 dur_ms=35
2026-09-30T00:27:35.212Z WARN  req-103662 /api/health status=400 dur_ms=17
2026-09-30T00:27:35.943Z INFO  req-103663 /api/catalog status=200 dur_ms=63
2026-09-30T00:27:36.728Z INFO  req-103664 /api/health status=200 dur_ms=99
2026-09-30T00:27:37.073Z INFO  req-103665 /api/login status=200 dur_ms=115
2026-09-30T00:27:37.355Z INFO  req-103666 /api/cart status=200 dur_ms=10
2026-09-30T00:27:37.593Z INFO  req-103667 /api/health status=200 dur_ms=120
2026-09-30T00:27:37.930Z INFO  req-103668 /api/orders status=200 dur_ms=32
2026-09-30T00:27:38.509Z INFO  req-103669 /api/orders status=200 dur_ms=67
2026-09-30T00:27:39.271Z INFO  req-103670 /api/catalog status=200 dur_ms=5
2026-09-30T00:27:39.951Z ERROR req-103671 upstream timeout calling payments, retrying (1/3)
2026-09-30T00:27:39.951Z INFO  req-103671 /api/catalog retry ok
2026-09-30T00:27:39.951Z INFO  req-103671 /api/catalog status=200 dur_ms=447
2026-09-30T00:27:40.616Z INFO  req-103672 /api/catalog status=200 dur_ms=38
2026-09-30T00:27:40.666Z INFO  req-103673 /api/catalog status=200 dur_ms=97
2026-09-30T00:27:41.239Z INFO  req-103674 /api/health status=200 dur_ms=37
2026-09-30T00:27:41.600Z INFO  req-103675 /api/catalog status=200 dur_ms=84
2026-09-30T00:27:42.107Z INFO  req-103676 /api/catalog status=200 dur_ms=111
2026-09-30T00:27:42.956Z INFO  req-103677 /api/login status=200 dur_ms=69
2026-09-30T00:27:43.568Z INFO  req-103678 /api/orders status=200 dur_ms=31
2026-09-30T00:27:43.831Z INFO  req-103679 /api/orders status=200 dur_ms=42
2026-09-30T00:27:44.405Z INFO  req-103680 /api/login status=200 dur_ms=6
2026-09-30T00:27:45.147Z INFO  req-103681 /api/health status=200 dur_ms=41
2026-09-30T00:27:45.623Z ERROR req-103682 upstream timeout calling payments, retrying (1/3)
2026-09-30T00:27:45.623Z INFO  req-103682 /api/cart retry ok
2026-09-30T00:27:45.623Z INFO  req-103682 /api/cart status=200 dur_ms=1958
2026-09-30T00:27:46.329Z INFO  req-103683 /api/catalog status=200 dur_ms=64
2026-09-30T00:27:46.432Z INFO  req-103684 /api/orders status=200 dur_ms=8
2026-09-30T00:27:47.148Z INFO  req-103685 /api/health status=200 dur_ms=115
2026-09-30T00:27:47.760Z INFO  req-103686 /api/orders status=200 dur_ms=5
2026-09-30T00:27:48.492Z INFO  req-103687 /api/cart status=200 dur_ms=3
2026-09-30T00:27:48.691Z INFO  req-103688 /api/catalog status=200 dur_ms=76
2026-09-30T00:27:49.564Z INFO  req-103689 /api/cart status=200 dur_ms=9
2026-09-30T00:27:50.366Z INFO  req-103690 /api/login status=200 dur_ms=22
2026-09-30T00:27:50.563Z INFO  req-103691 /api/cart status=200 dur_ms=103
2026-09-30T00:27:50.721Z INFO  req-103692 /api/orders status=200 dur_ms=45
2026-09-30T00:27:51.489Z INFO  req-103693 /api/health status=200 dur_ms=4
2026-09-30T00:27:52.230Z INFO  req-103694 /api/cart status=200 dur_ms=79
2026-09-30T00:27:52.971Z WARN  req-103695 fx rate cache miss for USD, using fallback table
2026-09-30T00:27:52.971Z INFO  req-103695 /api/catalog status=200 dur_ms=32
2026-09-30T00:27:53.562Z INFO  req-103696 /api/login status=200 dur_ms=93
2026-09-30T00:27:54.441Z INFO  req-103697 /api/catalog status=200 dur_ms=117
2026-09-30T00:27:54.950Z INFO  req-103698 /api/health status=200 dur_ms=74
2026-09-30T00:27:55.566Z INFO  req-103699 /api/health status=200 dur_ms=29
2026-09-30T00:27:56.017Z INFO  req-103700 /api/orders status=200 dur_ms=30
2026-09-30T00:27:56.648Z INFO  req-103701 /api/cart status=200 dur_ms=104
2026-09-30T00:27:56.698Z INFO  req-103702 /api/catalog status=200 dur_ms=85
2026-09-30T00:27:56.819Z INFO  req-103703 /api/orders status=200 dur_ms=87
2026-09-30T00:27:57.617Z INFO  req-103704 /api/login status=200 dur_ms=78
2026-09-30T00:27:58.489Z INFO  req-103705 /api/catalog status=200 dur_ms=43
2026-09-30T00:27:58.731Z INFO  req-103706 /api/login status=200 dur_ms=16
2026-09-30T00:27:59.306Z INFO  req-103707 /api/health status=200 dur_ms=74
2026-09-30T00:27:59.748Z INFO  req-103708 /api/health status=200 dur_ms=106
2026-09-30T00:28:00.398Z INFO  req-103709 /api/catalog status=200 dur_ms=116
2026-09-30T00:28:01.002Z ERROR req-103710 upstream timeout calling payments, retrying (1/3)
2026-09-30T00:28:01.002Z INFO  req-103710 /api/cart retry ok
2026-09-30T00:28:01.002Z INFO  req-103710 /api/cart status=200 dur_ms=432
2026-09-30T00:28:01.285Z INFO  req-103711 /api/catalog status=200 dur_ms=85
2026-09-30T00:28:01.293Z INFO  req-103712 POST /api/orders start user=u-4471
2026-09-30T00:28:01.293Z DEBUG req-103712 pricing sku=C300 qty=50 region=EU
2026-09-30T00:28:01.293Z WARN  req-103712 fx rate cache miss for EUR, using fallback table
2026-09-30T00:28:01.293Z ERROR req-103712 unhandled exception in order_total
Traceback (most recent call last):
  File "inventory/orders.py", line 7, in order_total
  File "inventory/fx.py", line 12, in convert
KeyError: 'EUR'
2026-09-30T00:28:01.293Z INFO  req-103712 POST /api/orders status=500 dur_ms=41
2026-09-30T00:28:01.802Z ERROR req-103713 upstream timeout calling payments, retrying (1/3)
2026-09-30T00:28:01.802Z INFO  req-103713 /api/health retry ok
2026-09-30T00:28:01.802Z INFO  req-103713 /api/health status=200 dur_ms=1847
2026-09-30T00:28:02.687Z INFO  req-103714 /api/orders status=200 dur_ms=5
2026-09-30T00:28:02.727Z INFO  req-103715 /api/health status=200 dur_ms=99
2026-09-30T00:28:03.081Z WARN  req-103716 /api/catalog status=400 dur_ms=23
2026-09-30T00:28:03.121Z INFO  req-103717 /api/orders status=200 dur_ms=93
2026-09-30T00:28:03.373Z INFO  req-103718 /api/orders status=200 dur_ms=24
2026-09-30T00:28:03.602Z INFO  req-103719 /api/health status=200 dur_ms=36
2026-09-30T00:28:03.652Z INFO  req-103720 /api/login status=200 dur_ms=59
2026-09-30T00:28:03.923Z INFO  req-103721 /api/cart status=200 dur_ms=25
2026-09-30T00:28:04.754Z INFO  req-103722 /api/login status=200 dur_ms=70
2026-09-30T00:28:05.301Z INFO  req-103723 /api/login status=200 dur_ms=95
2026-09-30T00:28:05.657Z WARN  req-103724 /api/health status=404 dur_ms=21
2026-09-30T00:28:06.153Z INFO  req-103725 /api/login status=200 dur_ms=109
2026-09-30T00:28:06.477Z INFO  req-103726 /api/login status=200 dur_ms=110
2026-09-30T00:28:07.005Z INFO  req-103727 /api/login status=200 dur_ms=47
2026-09-30T00:28:07.474Z INFO  req-103728 /api/catalog status=200 dur_ms=33
2026-09-30T00:28:08.210Z WARN  req-103729 /api/cart status=404 dur_ms=26
2026-09-30T00:28:08.676Z INFO  req-103730 /api/catalog status=200 dur_ms=30
2026-09-30T00:28:09.357Z INFO  req-103731 /api/cart status=200 dur_ms=68
2026-09-30T00:28:09.773Z INFO  req-103732 /api/orders status=200 dur_ms=63
2026-09-30T00:28:10.616Z INFO  req-103733 /api/login status=200 dur_ms=56
2026-09-30T00:28:11.457Z INFO  req-103734 /api/cart status=200 dur_ms=9
2026-09-30T00:28:11.771Z INFO  req-103735 /api/catalog status=200 dur_ms=100
2026-09-30T00:28:12.381Z INFO  req-103736 /api/health status=200 dur_ms=17
2026-09-30T00:28:12.498Z INFO  req-103737 /api/catalog status=200 dur_ms=101
2026-09-30T00:28:12.593Z INFO  req-103738 /api/login status=200 dur_ms=108
2026-09-30T00:28:12.772Z INFO  req-103739 /api/orders status=200 dur_ms=108
2026-09-30T00:28:13.109Z INFO  req-103740 /api/login status=200 dur_ms=92
2026-09-30T00:28:13.756Z INFO  req-103741 /api/cart status=200 dur_ms=9
2026-09-30T00:28:13.913Z INFO  req-103742 /api/orders status=200 dur_ms=35
2026-09-30T00:28:14.173Z INFO  req-103743 /api/health status=200 dur_ms=112
2026-09-30T00:28:14.427Z INFO  req-103744 /api/health status=200 dur_ms=43
2026-09-30T00:28:14.682Z INFO  req-103745 /api/cart status=200 dur_ms=44
2026-09-30T00:28:14.780Z WARN  req-103746 fx rate cache miss for USD, using fallback table
2026-09-30T00:28:14.780Z INFO  req-103746 /api/login status=200 dur_ms=67
2026-09-30T00:28:14.967Z WARN  req-103747 /api/health status=401 dur_ms=15
2026-09-30T00:28:15.756Z INFO  req-103748 /api/health status=200 dur_ms=36
2026-09-30T00:28:15.897Z INFO  req-103749 /api/health status=200 dur_ms=38
2026-09-30T00:28:16.518Z INFO  req-103750 /api/catalog status=200 dur_ms=61
2026-09-30T00:28:16.653Z INFO  req-103751 /api/cart status=200 dur_ms=120
2026-09-30T00:28:17.111Z INFO  req-103752 /api/catalog status=200 dur_ms=72
2026-09-30T00:28:17.237Z INFO  req-103753 /api/orders status=200 dur_ms=83
2026-09-30T00:28:18.098Z INFO  req-103754 /api/login status=200 dur_ms=67
2026-09-30T00:28:18.210Z INFO  req-103755 /api/login status=200 dur_ms=119
2026-09-30T00:28:18.680Z INFO  req-103756 /api/catalog status=200 dur_ms=50
2026-09-30T00:28:19.252Z INFO  req-103757 /api/orders status=200 dur_ms=17
2026-09-30T00:28:19.982Z INFO  req-103758 /api/health status=200 dur_ms=3
2026-09-30T00:28:20.222Z INFO  req-103759 /api/orders status=200 dur_ms=52
2026-09-30T00:28:21.000Z INFO  req-103760 /api/cart status=200 dur_ms=13
2026-09-30T00:28:21.882Z INFO  req-103761 /api/orders status=200 dur_ms=111
2026-09-30T00:28:22.529Z INFO  req-103762 /api/login status=200 dur_ms=52
2026-09-30T00:28:23.259Z INFO  req-103763 /api/login status=200 dur_ms=94
2026-09-30T00:28:23.795Z WARN  req-103764 /api/cart status=401 dur_ms=4
2026-09-30T00:28:24.153Z INFO  req-103765 /api/cart status=200 dur_ms=115
2026-09-30T00:28:24.484Z INFO  req-103766 /api/orders status=200 dur_ms=57
2026-09-30T00:28:24.738Z INFO  req-103767 /api/catalog status=200 dur_ms=20
2026-09-30T00:28:24.909Z INFO  req-103768 /api/health status=200 dur_ms=40
2026-09-30T00:28:25.333Z INFO  req-103769 /api/cart status=200 dur_ms=106
2026-09-30T00:28:25.805Z INFO  req-103770 /api/health status=200 dur_ms=42
2026-09-30T00:28:26.326Z WARN  req-103771 fx rate cache miss for GBP, using fallback table
2026-09-30T00:28:26.326Z INFO  req-103771 /api/cart status=200 dur_ms=61
2026-09-30T00:28:26.995Z INFO  req-103772 /api/cart status=200 dur_ms=65
2026-09-30T00:28:27.608Z ERROR req-103773 upstream timeout calling payments, retrying (1/3)
2026-09-30T00:28:27.608Z INFO  req-103773 /api/orders retry ok
2026-09-30T00:28:27.608Z INFO  req-103773 /api/orders status=200 dur_ms=1695
2026-09-30T00:28:28.199Z INFO  req-103774 /api/health status=200 dur_ms=38
2026-09-30T00:28:28.334Z INFO  req-103775 /api/login status=200 dur_ms=34
2026-09-30T00:28:28.814Z INFO  req-103776 /api/login status=200 dur_ms=72
2026-09-30T00:28:28.981Z INFO  req-103777 /api/orders status=200 dur_ms=117
2026-09-30T00:28:29.508Z WARN  req-103778 /api/health status=429 dur_ms=24
2026-09-30T00:28:30.335Z INFO  req-103779 /api/cart status=200 dur_ms=11
2026-09-30T00:28:31.127Z INFO  req-103780 /api/catalog status=200 dur_ms=20
2026-09-30T00:28:31.144Z INFO  req-103781 /api/login status=200 dur_ms=50
2026-09-30T00:28:31.242Z INFO  req-103782 /api/orders status=200 dur_ms=107
2026-09-30T00:28:31.383Z INFO  req-103783 /api/login status=200 dur_ms=43
2026-09-30T00:28:32.052Z INFO  req-103784 /api/health status=200 dur_ms=90
2026-09-30T00:28:32.753Z INFO  req-103785 /api/orders status=200 dur_ms=16
2026-09-30T00:28:32.905Z INFO  req-103786 /api/login status=200 dur_ms=86
2026-09-30T00:28:33.719Z INFO  req-103787 /api/catalog status=200 dur_ms=52
2026-09-30T00:28:34.375Z INFO  req-103788 /api/catalog status=200 dur_ms=33
2026-09-30T00:28:34.922Z INFO  req-103789 /api/catalog status=200 dur_ms=90
2026-09-30T00:28:35.651Z INFO  req-103790 /api/catalog status=200 dur_ms=32
2026-09-30T00:28:36.209Z INFO  req-103791 /api/catalog status=200 dur_ms=32
2026-09-30T00:28:36.440Z INFO  req-103792 /api/orders status=200 dur_ms=32
2026-09-30T00:28:36.893Z INFO  req-103793 /api/catalog status=200 dur_ms=63
2026-09-30T00:28:37.166Z INFO  req-103794 /api/catalog status=200 dur_ms=23
2026-09-30T00:28:37.523Z WARN  req-103795 /api/orders status=429 dur_ms=2
2026-09-30T00:28:37.741Z INFO  req-103796 /api/orders status=200 dur_ms=41
2026-09-30T00:28:38.233Z INFO  req-103797 /api/login status=200 dur_ms=96
2026-09-30T00:28:38.547Z INFO  req-103798 /api/login status=200 dur_ms=56
2026-09-30T00:28:39.154Z INFO  req-103799 /api/orders status=200 dur_ms=46
2026-09-30T00:28:39.315Z INFO  req-103800 /api/login status=200 dur_ms=28
2026-09-30T00:28:39.739Z INFO  req-103801 /api/orders status=200 dur_ms=80
2026-09-30T00:28:39.909Z INFO  req-103802 /api/login status=200 dur_ms=63
2026-09-30T00:28:40.619Z INFO  req-103803 /api/login status=200 dur_ms=101
2026-09-30T00:28:40.898Z INFO  req-103804 /api/catalog status=200 dur_ms=36
2026-09-30T00:28:40.942Z INFO  req-103805 /api/health status=200 dur_ms=49
2026-09-30T00:28:41.669Z INFO  req-103806 /api/orders status=200 dur_ms=27
2026-09-30T00:28:41.854Z INFO  req-103807 /api/health status=200 dur_ms=62
2026-09-30T00:28:42.094Z INFO  req-103808 /api/cart status=200 dur_ms=33
2026-09-30T00:28:42.276Z INFO  req-103809 /api/catalog status=200 dur_ms=6
2026-09-30T00:28:42.889Z INFO  req-103810 /api/cart status=200 dur_ms=36
2026-09-30T00:28:43.324Z WARN  req-103811 /api/cart status=404 dur_ms=16
2026-09-30T00:28:44.031Z WARN  req-103812 /api/orders status=401 dur_ms=36
2026-09-30T00:28:44.587Z INFO  req-103813 /api/catalog status=200 dur_ms=103
2026-09-30T00:28:44.831Z INFO  req-103814 /api/cart status=200 dur_ms=37
2026-09-30T00:28:45.647Z INFO  req-103815 /api/health status=200 dur_ms=33
2026-09-30T00:28:46.407Z INFO  req-103816 /api/health status=200 dur_ms=108
2026-09-30T00:28:46.901Z INFO  req-103817 /api/catalog status=200 dur_ms=104
2026-09-30T00:28:47.397Z INFO  req-103818 /api/health status=200 dur_ms=98
2026-09-30T00:28:47.635Z INFO  req-103819 /api/login status=200 dur_ms=24
2026-09-30T00:28:48.263Z INFO  req-103820 /api/catalog status=200 dur_ms=95
2026-09-30T00:28:48.783Z INFO  req-103821 /api/catalog status=200 dur_ms=75
2026-09-30T00:28:49.150Z INFO  req-103822 /api/health status=200 dur_ms=58
2026-09-30T00:28:49.886Z INFO  req-103823 /api/cart status=200 dur_ms=58
2026-09-30T00:28:50.403Z INFO  req-103824 /api/cart status=200 dur_ms=34
2026-09-30T00:28:50.780Z INFO  req-103825 /api/login status=200 dur_ms=117
2026-09-30T00:28:51.653Z INFO  req-103826 /api/cart status=200 dur_ms=61
2026-09-30T00:28:52.039Z INFO  req-103827 /api/health status=200 dur_ms=92
2026-09-30T00:28:52.595Z ERROR req-103828 upstream timeout calling payments, retrying (1/3)
2026-09-30T00:28:52.595Z INFO  req-103828 /api/orders retry ok
2026-09-30T00:28:52.595Z INFO  req-103828 /api/orders status=200 dur_ms=1874
2026-09-30T00:28:52.741Z INFO  req-103829 /api/health status=200 dur_ms=101
2026-09-30T00:28:53.094Z INFO  req-103830 /api/cart status=200 dur_ms=76
2026-09-30T00:28:53.507Z INFO  req-103831 /api/cart status=200 dur_ms=58
2026-09-30T00:28:53.785Z INFO  req-103832 /api/health status=200 dur_ms=31
2026-09-30T00:28:54.532Z INFO  req-103833 /api/cart status=200 dur_ms=53
2026-09-30T00:28:55.263Z INFO  req-103834 /api/catalog status=200 dur_ms=39
2026-09-30T00:28:55.550Z INFO  req-103835 /api/orders status=200 dur_ms=112
2026-09-30T00:28:56.014Z INFO  req-103836 /api/catalog status=200 dur_ms=98
2026-09-30T00:28:56.280Z INFO  req-103837 /api/catalog status=200 dur_ms=26
2026-09-30T00:28:56.296Z INFO  req-103838 /api/cart status=200 dur_ms=77
2026-09-30T00:28:56.879Z INFO  req-103839 /api/cart status=200 dur_ms=109
2026-09-30T00:28:57.027Z INFO  req-103840 /api/orders status=200 dur_ms=75
2026-09-30T00:28:57.833Z INFO  req-103841 /api/catalog status=200 dur_ms=87
2026-09-30T00:28:58.116Z INFO  req-103842 /api/login status=200 dur_ms=50
2026-09-30T00:28:58.446Z INFO  req-103843 /api/orders status=200 dur_ms=99
2026-09-30T00:28:58.789Z ERROR req-103844 upstream timeout calling payments, retrying (1/3)
2026-09-30T00:28:58.789Z INFO  req-103844 /api/health retry ok
2026-09-30T00:28:58.789Z INFO  req-103844 /api/health status=200 dur_ms=1601
2026-09-30T00:28:59.017Z WARN  req-103845 /api/orders status=400 dur_ms=13
2026-09-30T00:28:59.450Z INFO  req-103846 /api/health status=200 dur_ms=38
2026-09-30T00:29:00.149Z INFO  req-103847 /api/cart status=200 dur_ms=97
2026-09-30T00:29:00.555Z INFO  req-103848 /api/login status=200 dur_ms=113
2026-09-30T00:29:01.100Z INFO  req-103849 /api/catalog status=200 dur_ms=102
2026-09-30T00:29:01.740Z INFO  req-103850 /api/health status=200 dur_ms=33
2026-09-30T00:29:02.430Z WARN  req-103851 fx rate cache miss for GBP, using fallback table
2026-09-30T00:29:02.430Z INFO  req-103851 /api/orders status=200 dur_ms=32
2026-09-30T00:29:02.744Z INFO  req-103852 /api/health status=200 dur_ms=97
2026-09-30T00:29:02.926Z INFO  req-103853 /api/login status=200 dur_ms=47
2026-09-30T00:29:03.129Z INFO  req-103854 /api/orders status=200 dur_ms=68
2026-09-30T00:29:03.140Z INFO  req-103855 /api/health status=200 dur_ms=45
2026-09-30T00:29:03.388Z INFO  req-103856 /api/cart status=200 dur_ms=116
2026-09-30T00:29:04.260Z INFO  req-103857 /api/login status=200 dur_ms=49
2026-09-30T00:29:04.431Z INFO  req-103858 /api/orders status=200 dur_ms=13
2026-09-30T00:29:04.897Z ERROR req-103859 upstream timeout calling payments, retrying (1/3)
2026-09-30T00:29:04.897Z INFO  req-103859 /api/login retry ok
2026-09-30T00:29:04.897Z INFO  req-103859 /api/login status=200 dur_ms=1439
2026-09-30T00:29:04.998Z INFO  req-103860 /api/catalog status=200 dur_ms=108
2026-09-30T00:29:05.156Z INFO  req-103861 /api/catalog status=200 dur_ms=12
2026-09-30T00:29:05.725Z INFO  req-103862 /api/login status=200 dur_ms=110
2026-09-30T00:29:05.777Z INFO  req-103863 /api/catalog status=200 dur_ms=24
2026-09-30T00:29:05.980Z WARN  req-103864 /api/catalog status=429 dur_ms=6
2026-09-30T00:29:06.545Z INFO  req-103865 /api/cart status=200 dur_ms=23
2026-09-30T00:29:07.273Z INFO  req-103866 /api/catalog status=200 dur_ms=45
2026-09-30T00:29:07.367Z INFO  req-103867 /api/cart status=200 dur_ms=71
2026-09-30T00:29:07.670Z INFO  req-103868 /api/orders status=200 dur_ms=40
2026-09-30T00:29:08.034Z INFO  req-103869 /api/cart status=200 dur_ms=72
2026-09-30T00:29:08.170Z INFO  req-103870 /api/health status=200 dur_ms=59
2026-09-30T00:29:08.836Z INFO  req-103871 /api/login status=200 dur_ms=72
2026-09-30T00:29:09.043Z INFO  req-103872 /api/health status=200 dur_ms=13
2026-09-30T00:29:09.799Z INFO  req-103873 /api/health status=200 dur_ms=92
2026-09-30T00:29:10.006Z ERROR req-103874 upstream timeout calling payments, retrying (1/3)
2026-09-30T00:29:10.006Z INFO  req-103874 /api/health retry ok
2026-09-30T00:29:10.006Z INFO  req-103874 /api/health status=200 dur_ms=1516
2026-09-30T00:29:10.178Z INFO  req-103875 /api/orders status=200 dur_ms=66
2026-09-30T00:29:11.041Z INFO  req-103876 /api/login status=200 dur_ms=3
2026-09-30T00:29:11.702Z ERROR req-103877 upstream timeout calling payments, retrying (1/3)
2026-09-30T00:29:11.702Z INFO  req-103877 /api/cart retry ok
2026-09-30T00:29:11.702Z INFO  req-103877 /api/cart status=200 dur_ms=714
2026-09-30T00:29:11.909Z INFO  req-103878 /api/orders status=200 dur_ms=77
2026-09-30T00:29:12.748Z INFO  req-103879 /api/cart status=200 dur_ms=45
2026-09-30T00:29:13.320Z INFO  req-103880 /api/health status=200 dur_ms=26
2026-09-30T00:29:13.502Z INFO  req-103881 /api/login status=200 dur_ms=95
2026-09-30T00:29:14.365Z INFO  req-103882 /api/orders status=200 dur_ms=17
2026-09-30T00:29:15.193Z INFO  req-103883 /api/orders status=200 dur_ms=32
2026-09-30T00:29:15.564Z INFO  req-103884 /api/cart status=200 dur_ms=86
2026-09-30T00:29:15.764Z INFO  req-103885 /api/cart status=200 dur_ms=20
2026-09-30T00:29:16.357Z INFO  req-103886 /api/cart status=200 dur_ms=105
2026-09-30T00:29:16.629Z INFO  req-103887 /api/cart status=200 dur_ms=34
2026-09-30T00:29:17.385Z INFO  req-103888 /api/orders status=200 dur_ms=58
2026-09-30T00:29:17.387Z INFO  req-103889 /api/catalog status=200 dur_ms=92
2026-09-30T00:29:17.636Z INFO  req-103890 /api/login status=200 dur_ms=88
2026-09-30T00:29:18.050Z INFO  req-103891 /api/catalog status=200 dur_ms=65
2026-09-30T00:29:18.468Z INFO  req-103892 /api/cart status=200 dur_ms=7
2026-09-30T00:29:18.909Z INFO  req-103893 /api/cart status=200 dur_ms=38
2026-09-30T00:29:19.775Z INFO  req-103894 /api/catalog status=200 dur_ms=79
2026-09-30T00:29:19.915Z INFO  req-103895 /api/login status=200 dur_ms=3
2026-09-30T00:29:20.465Z INFO  req-103896 /api/cart status=200 dur_ms=111
2026-09-30T00:29:20.480Z INFO  req-103897 /api/catalog status=200 dur_ms=65
2026-09-30T00:29:21.256Z INFO  req-103898 /api/health status=200 dur_ms=7
2026-09-30T00:29:21.312Z INFO  req-103899 /api/orders status=200 dur_ms=46
2026-09-30T00:29:22.212Z WARN  req-103900 fx rate cache miss for USD, using fallback table
2026-09-30T00:29:22.212Z INFO  req-103900 /api/login status=200 dur_ms=33
2026-09-30T00:29:22.411Z INFO  req-103901 /api/orders status=200 dur_ms=3
2026-09-30T00:29:23.248Z INFO  req-103902 /api/cart status=200 dur_ms=90
2026-09-30T00:29:24.088Z INFO  req-103903 /api/catalog status=200 dur_ms=81
2026-09-30T00:29:24.921Z INFO  req-103904 /api/health status=200 dur_ms=64
2026-09-30T00:29:25.753Z INFO  req-103905 /api/orders status=200 dur_ms=105
2026-09-30T00:29:25.971Z INFO  req-103906 /api/login status=200 dur_ms=113
2026-09-30T00:29:26.788Z INFO  req-103907 /api/cart status=200 dur_ms=8
2026-09-30T00:29:26.804Z INFO  req-103908 /api/orders status=200 dur_ms=76
2026-09-30T00:29:27.029Z INFO  req-103909 /api/login status=200 dur_ms=17
2026-09-30T00:29:27.548Z INFO  req-103910 /api/health status=200 dur_ms=36
2026-09-30T00:29:28.060Z INFO  req-103911 /api/catalog status=200 dur_ms=109
2026-09-30T00:29:28.664Z INFO  req-103912 /api/cart status=200 dur_ms=75
2026-09-30T00:29:29.534Z INFO  req-103913 /api/health status=200 dur_ms=68
2026-09-30T00:29:30.302Z ERROR req-103914 upstream timeout calling payments, retrying (1/3)
2026-09-30T00:29:30.302Z INFO  req-103914 /api/catalog retry ok
2026-09-30T00:29:30.302Z INFO  req-103914 /api/catalog status=200 dur_ms=747
2026-09-30T00:29:30.986Z INFO  req-103915 /api/orders status=200 dur_ms=110
2026-09-30T00:29:31.239Z INFO  req-103916 /api/login status=200 dur_ms=60
2026-09-30T00:29:32.058Z INFO  req-103917 /api/health status=200 dur_ms=81
2026-09-30T00:29:32.655Z INFO  req-103918 /api/health status=200 dur_ms=103
2026-09-30T00:29:33.075Z INFO  req-103919 /api/cart status=200 dur_ms=22
2026-09-30T00:29:33.882Z INFO  req-103920 /api/health status=200 dur_ms=104
2026-09-30T00:29:34.563Z INFO  req-103921 /api/login status=200 dur_ms=78
2026-09-30T00:29:34.682Z INFO  req-103922 /api/orders status=200 dur_ms=48
2026-09-30T00:29:35.153Z INFO  req-103923 /api/orders status=200 dur_ms=110
2026-09-30T00:29:35.256Z INFO  req-103924 /api/catalog status=200 dur_ms=71
2026-09-30T00:29:36.143Z INFO  req-103925 /api/health status=200 dur_ms=75
2026-09-30T00:29:36.560Z INFO  req-103926 /api/health status=200 dur_ms=66
2026-09-30T00:29:36.718Z INFO  req-103927 /api/health status=200 dur_ms=6
2026-09-30T00:29:36.810Z INFO  req-103928 /api/cart status=200 dur_ms=90
2026-09-30T00:29:37.210Z INFO  req-103929 /api/health status=200 dur_ms=20
2026-09-30T00:29:37.291Z INFO  req-103930 /api/login status=200 dur_ms=88
2026-09-30T00:29:37.995Z INFO  req-103931 /api/health status=200 dur_ms=28
2026-09-30T00:29:38.334Z INFO  req-103932 /api/health status=200 dur_ms=50
2026-09-30T00:29:38.740Z INFO  req-103933 /api/catalog status=200 dur_ms=45
2026-09-30T00:29:39.425Z INFO  req-103934 /api/catalog status=200 dur_ms=62
2026-09-30T00:29:39.465Z INFO  req-103935 /api/cart status=200 dur_ms=119
2026-09-30T00:29:40.261Z INFO  req-103936 /api/health status=200 dur_ms=6
2026-09-30T00:29:40.733Z INFO  req-103937 /api/login status=200 dur_ms=102
2026-09-30T00:29:41.210Z INFO  req-103938 /api/cart status=200 dur_ms=31
2026-09-30T00:29:42.071Z INFO  req-103939 /api/catalog status=200 dur_ms=78
2026-09-30T00:29:42.756Z INFO  req-103940 /api/health status=200 dur_ms=72
2026-09-30T00:29:43.571Z INFO  req-103941 /api/health status=200 dur_ms=100
2026-09-30T00:29:43.637Z INFO  req-103942 /api/orders status=200 dur_ms=2
2026-09-30T00:29:44.105Z INFO  req-103943 /api/catalog status=200 dur_ms=75
2026-09-30T00:29:44.977Z INFO  req-103944 /api/catalog status=200 dur_ms=67
2026-09-30T00:29:45.549Z INFO  req-103945 /api/health status=200 dur_ms=117
2026-09-30T00:29:46.325Z INFO  req-103946 /api/cart status=200 dur_ms=11
2026-09-30T00:29:46.784Z INFO  req-103947 /api/login status=200 dur_ms=25
2026-09-30T00:29:46.797Z INFO  req-103948 /api/login status=200 dur_ms=112
2026-09-30T00:29:46.996Z INFO  req-103949 /api/login status=200 dur_ms=27
2026-09-30T00:29:47.193Z INFO  req-103950 /api/health status=200 dur_ms=119
2026-09-30T00:29:47.229Z INFO  req-103951 /api/health status=200 dur_ms=16
2026-09-30T00:29:47.348Z INFO  req-103952 /api/login status=200 dur_ms=46
2026-09-30T00:29:47.934Z INFO  req-103953 /api/orders status=200 dur_ms=85
2026-09-30T00:29:47.985Z INFO  req-103954 /api/cart status=200 dur_ms=79
2026-09-30T00:29:48.323Z INFO  req-103955 /api/catalog status=200 dur_ms=69
2026-09-30T00:29:48.676Z INFO  req-103956 /api/cart status=200 dur_ms=53
2026-09-30T00:29:49.218Z INFO  req-103957 /api/login status=200 dur_ms=82
2026-09-30T00:29:49.725Z INFO  req-103958 /api/orders status=200 dur_ms=120
2026-09-30T00:29:50.498Z WARN  req-103959 /api/catalog status=404 dur_ms=31
2026-09-30T00:29:51.032Z INFO  req-103960 /api/orders status=200 dur_ms=55
2026-09-30T00:29:51.491Z INFO  req-103961 /api/orders status=200 dur_ms=78
2026-09-30T00:29:52.112Z INFO  req-103962 /api/health status=200 dur_ms=100
2026-09-30T00:29:52.515Z INFO  req-103963 /api/catalog status=200 dur_ms=66
2026-09-30T00:29:53.168Z INFO  req-103964 /api/cart status=200 dur_ms=120
2026-09-30T00:29:53.224Z INFO  req-103965 /api/health status=200 dur_ms=38
2026-09-30T00:29:53.800Z INFO  req-103966 /api/orders status=200 dur_ms=46
2026-09-30T00:29:54.261Z INFO  req-103967 /api/login status=200 dur_ms=30
2026-09-30T00:29:55.028Z INFO  req-103968 /api/login status=200 dur_ms=115
2026-09-30T00:29:55.261Z INFO  req-103969 /api/health status=200 dur_ms=95
2026-09-30T00:29:55.371Z INFO  req-103970 /api/cart status=200 dur_ms=30
2026-09-30T00:29:55.924Z INFO  req-103971 /api/catalog status=200 dur_ms=58
2026-09-30T00:29:56.266Z INFO  req-103972 /api/login status=200 dur_ms=49
2026-09-30T00:29:56.597Z INFO  req-103973 /api/login status=200 dur_ms=81
2026-09-30T00:29:56.701Z WARN  req-103974 /api/orders status=400 dur_ms=35
2026-09-30T00:29:57.207Z INFO  req-103975 /api/health status=200 dur_ms=42
2026-09-30T00:29:57.334Z INFO  req-103976 /api/cart status=200 dur_ms=10
2026-09-30T00:29:58.174Z INFO  req-103977 /api/health status=200 dur_ms=35
2026-09-30T00:29:59.024Z INFO  req-103978 /api/login status=200 dur_ms=32
2026-09-30T00:29:59.065Z ERROR req-103979 upstream timeout calling payments, retrying (1/3)
2026-09-30T00:29:59.065Z INFO  req-103979 /api/orders retry ok
2026-09-30T00:29:59.065Z INFO  req-103979 /api/orders status=200 dur_ms=1396
2026-09-30T00:29:59.319Z INFO  req-103980 /api/login status=200 dur_ms=13
2026-09-30T00:29:59.558Z INFO  req-103981 /api/orders status=200 dur_ms=50
2026-09-30T00:30:00.276Z INFO  req-103982 /api/login status=200 dur_ms=51
2026-09-30T00:30:01.081Z INFO  req-103983 /api/cart status=200 dur_ms=95
2026-09-30T00:30:01.369Z INFO  req-103984 /api/login status=200 dur_ms=11
2026-09-30T00:30:01.791Z INFO  req-103985 /api/login status=200 dur_ms=33
2026-09-30T00:30:01.984Z INFO  req-103986 /api/catalog status=200 dur_ms=12
2026-09-30T00:30:02.773Z INFO  req-103987 /api/orders status=200 dur_ms=21
2026-09-30T00:30:03.419Z INFO  req-103988 /api/catalog status=200 dur_ms=12
2026-09-30T00:30:03.452Z INFO  req-103989 /api/catalog status=200 dur_ms=38
2026-09-30T00:30:04.337Z INFO  req-103990 /api/orders status=200 dur_ms=118
2026-09-30T00:30:04.992Z INFO  req-103991 /api/orders status=200 dur_ms=3
2026-09-30T00:30:05.134Z INFO  req-103992 /api/health status=200 dur_ms=62
2026-09-30T00:30:05.942Z INFO  req-103993 /api/orders status=200 dur_ms=105
2026-09-30T00:30:06.109Z ERROR req-103994 upstream timeout calling payments, retrying (1/3)
2026-09-30T00:30:06.109Z INFO  req-103994 /api/login retry ok
2026-09-30T00:30:06.109Z INFO  req-103994 /api/login status=200 dur_ms=1995
2026-09-30T00:30:06.508Z INFO  req-103995 /api/orders status=200 dur_ms=119
2026-09-30T00:30:07.346Z INFO  req-103996 /api/login status=200 dur_ms=55
2026-09-30T00:30:07.477Z INFO  req-103997 /api/catalog status=200 dur_ms=73
2026-09-30T00:30:08.295Z INFO  req-103998 /api/cart status=200 dur_ms=97
2026-09-30T00:30:08.662Z INFO  req-103999 /api/catalog status=200 dur_ms=36
2026-09-30T00:30:08.853Z INFO  req-104000 /api/orders status=200 dur_ms=3
2026-09-30T00:30:09.627Z INFO  req-104001 /api/orders status=200 dur_ms=91
2026-09-30T00:30:09.742Z INFO  req-104002 /api/catalog status=200 dur_ms=19
2026-09-30T00:30:10.612Z INFO  req-104003 /api/login status=200 dur_ms=111
2026-09-30T00:30:11.164Z INFO  req-104004 /api/health status=200 dur_ms=118
2026-09-30T00:30:11.704Z INFO  req-104005 /api/login status=200 dur_ms=35
2026-09-30T00:30:11.717Z INFO  req-104006 /api/cart status=200 dur_ms=85
2026-09-30T00:30:12.329Z INFO  req-104007 /api/cart status=200 dur_ms=103
2026-09-30T00:30:12.929Z INFO  req-104008 /api/cart status=200 dur_ms=119
2026-09-30T00:30:13.492Z INFO  req-104009 /api/orders status=200 dur_ms=63
2026-09-30T00:30:13.949Z INFO  req-104010 /api/catalog status=200 dur_ms=43
2026-09-30T00:30:14.200Z INFO  req-104011 /api/orders status=200 dur_ms=86
2026-09-30T00:30:14.651Z INFO  req-104012 /api/health status=200 dur_ms=36
2026-09-30T00:30:15.263Z INFO  req-104013 /api/login status=200 dur_ms=16
2026-09-30T00:30:15.491Z INFO  req-104014 /api/cart status=200 dur_ms=96
2026-09-30T00:30:15.546Z INFO  req-104015 /api/login status=200 dur_ms=21
2026-09-30T00:30:15.982Z INFO  req-104016 /api/health status=200 dur_ms=10
2026-09-30T00:30:16.838Z INFO  req-104017 /api/login status=200 dur_ms=108
2026-09-30T00:30:17.033Z INFO  req-104018 /api/cart status=200 dur_ms=116
2026-09-30T00:30:17.112Z INFO  req-104019 /api/login status=200 dur_ms=55
2026-09-30T00:30:17.880Z INFO  req-104020 /api/orders status=200 dur_ms=92
2026-09-30T00:30:18.592Z INFO  req-104021 /api/login status=200 dur_ms=98
2026-09-30T00:30:19.344Z INFO  req-104022 /api/login status=200 dur_ms=51
2026-09-30T00:30:20.241Z INFO  req-104023 /api/orders status=200 dur_ms=59
2026-09-30T00:30:20.850Z INFO  req-104024 /api/cart status=200 dur_ms=37
2026-09-30T00:30:21.148Z INFO  req-104025 /api/catalog status=200 dur_ms=114
2026-09-30T00:30:21.348Z INFO  req-104026 /api/health status=200 dur_ms=70
2026-09-30T00:30:21.732Z INFO  req-104027 /api/login status=200 dur_ms=53
2026-09-30T00:30:22.430Z ERROR req-104028 upstream timeout calling payments, retrying (1/3)
2026-09-30T00:30:22.430Z INFO  req-104028 /api/health retry ok
2026-09-30T00:30:22.430Z INFO  req-104028 /api/health status=200 dur_ms=1588
2026-09-30T00:30:22.964Z WARN  req-104029 fx rate cache miss for USD, using fallback table
2026-09-30T00:30:22.964Z INFO  req-104029 /api/catalog status=200 dur_ms=88
2026-09-30T00:30:23.794Z INFO  req-104030 /api/login status=200 dur_ms=18
2026-09-30T00:30:24.309Z INFO  req-104031 /api/cart status=200 dur_ms=3
2026-09-30T00:30:24.774Z INFO  req-104032 /api/health status=200 dur_ms=71
2026-09-30T00:30:25.295Z INFO  req-104033 /api/orders status=200 dur_ms=98
2026-09-30T00:30:25.361Z INFO  req-104034 /api/health status=200 dur_ms=30
2026-09-30T00:30:25.599Z INFO  req-104035 /api/cart status=200 dur_ms=69
2026-09-30T00:30:25.758Z INFO  req-104036 /api/health status=200 dur_ms=110
2026-09-30T00:30:25.989Z INFO  req-104037 /api/catalog status=200 dur_ms=57
2026-09-30T00:30:26.163Z INFO  req-104038 /api/health status=200 dur_ms=27
2026-09-30T00:30:26.275Z INFO  req-104039 /api/orders status=200 dur_ms=115
2026-09-30T00:30:26.567Z WARN  req-104040 /api/login status=401 dur_ms=19
2026-09-30T00:30:27.018Z INFO  req-104041 /api/cart status=200 dur_ms=3
2026-09-30T00:30:27.816Z INFO  req-104042 /api/catalog status=200 dur_ms=71
2026-09-30T00:30:28.698Z INFO  req-104043 /api/health status=200 dur_ms=19
2026-09-30T00:30:29.525Z INFO  req-104044 /api/login status=200 dur_ms=21
2026-09-30T00:30:29.894Z INFO  req-104045 /api/catalog status=200 dur_ms=89
2026-09-30T00:30:30.000Z ERROR req-104046 upstream timeout calling payments, retrying (1/3)
2026-09-30T00:30:30.000Z INFO  req-104046 /api/orders retry ok
2026-09-30T00:30:30.000Z INFO  req-104046 /api/orders status=200 dur_ms=949
2026-09-30T00:30:30.850Z INFO  req-104047 /api/orders status=200 dur_ms=32
2026-09-30T00:30:31.365Z INFO  req-104048 /api/catalog status=200 dur_ms=43
2026-09-30T00:30:32.076Z INFO  req-104049 /api/cart status=200 dur_ms=97
2026-09-30T00:30:32.134Z INFO  req-104050 /api/catalog status=200 dur_ms=41
2026-09-30T00:30:32.783Z WARN  req-104051 /api/catalog status=401 dur_ms=38
2026-09-30T00:30:32.919Z INFO  req-104052 /api/login status=200 dur_ms=49
2026-09-30T00:30:33.640Z INFO  req-104053 /api/orders status=200 dur_ms=11
2026-09-30T00:30:34.122Z WARN  req-104054 /api/health status=429 dur_ms=13
2026-09-30T00:30:34.647Z INFO  req-104055 /api/cart status=200 dur_ms=82
2026-09-30T00:30:35.056Z INFO  req-104056 /api/cart status=200 dur_ms=61
2026-09-30T00:30:35.703Z INFO  req-104057 /api/health status=200 dur_ms=41
2026-09-30T00:30:36.051Z INFO  req-104058 /api/orders status=200 dur_ms=13
2026-09-30T00:30:36.256Z INFO  req-104059 /api/orders status=200 dur_ms=6
2026-09-30T00:30:36.855Z INFO  req-104060 /api/catalog status=200 dur_ms=28
2026-09-30T00:30:37.184Z INFO  req-104061 /api/catalog status=200 dur_ms=3
2026-09-30T00:30:37.651Z INFO  req-104062 /api/catalog status=200 dur_ms=11
2026-09-30T00:30:37.798Z INFO  req-104063 /api/orders status=200 dur_ms=32
2026-09-30T00:30:38.659Z INFO  req-104064 /api/health status=200 dur_ms=88
2026-09-30T00:30:38.808Z INFO  req-104065 /api/orders status=200 dur_ms=73
2026-09-30T00:30:39.530Z INFO  req-104066 /api/cart status=200 dur_ms=13
2026-09-30T00:30:39.699Z INFO  req-104067 /api/catalog status=200 dur_ms=70
2026-09-30T00:30:40.006Z INFO  req-104068 /api/health status=200 dur_ms=117
2026-09-30T00:30:40.750Z INFO  req-104069 /api/login status=200 dur_ms=84
2026-09-30T00:30:41.091Z INFO  req-104070 /api/orders status=200 dur_ms=72
2026-09-30T00:30:41.523Z INFO  req-104071 /api/health status=200 dur_ms=111
2026-09-30T00:30:42.344Z INFO  req-104072 /api/health status=200 dur_ms=55
2026-09-30T00:30:42.421Z INFO  req-104073 /api/cart status=200 dur_ms=82
2026-09-30T00:30:43.205Z WARN  req-104074 /api/login status=429 dur_ms=21
2026-09-30T00:30:43.729Z WARN  req-104075 /api/cart status=400 dur_ms=23
2026-09-30T00:30:44.517Z INFO  req-104076 /api/login status=200 dur_ms=73
2026-09-30T00:30:45.310Z INFO  req-104077 /api/login status=200 dur_ms=68
2026-09-30T00:30:45.636Z INFO  req-104078 /api/login status=200 dur_ms=104
2026-09-30T00:30:46.221Z ERROR req-104079 upstream timeout calling payments, retrying (1/3)
2026-09-30T00:30:46.221Z INFO  req-104079 /api/orders retry ok
2026-09-30T00:30:46.221Z INFO  req-104079 /api/orders status=200 dur_ms=604
2026-09-30T00:30:47.088Z INFO  req-104080 /api/login status=200 dur_ms=98
2026-09-30T00:30:47.418Z INFO  req-104081 /api/login status=200 dur_ms=95
2026-09-30T00:30:48.308Z INFO  req-104082 /api/orders status=200 dur_ms=117
2026-09-30T00:30:48.465Z INFO  req-104083 /api/catalog status=200 dur_ms=90
2026-09-30T00:30:49.031Z INFO  req-104084 /api/orders status=200 dur_ms=44
2026-09-30T00:30:49.197Z WARN  req-104085 fx rate cache miss for USD, using fallback table
2026-09-30T00:30:49.197Z INFO  req-104085 /api/health status=200 dur_ms=38
2026-09-30T00:30:49.708Z INFO  req-104086 /api/orders status=200 dur_ms=99
2026-09-30T00:30:50.146Z INFO  req-104087 /api/health status=200 dur_ms=57
2026-09-30T00:30:50.212Z ERROR req-104088 upstream timeout calling payments, retrying (1/3)
2026-09-30T00:30:50.212Z INFO  req-104088 /api/orders retry ok
2026-09-30T00:30:50.212Z INFO  req-104088 /api/orders status=200 dur_ms=1645
2026-09-30T00:30:50.730Z INFO  req-104089 /api/catalog status=200 dur_ms=28
2026-09-30T00:30:50.982Z INFO  req-104090 /api/cart status=200 dur_ms=82
2026-09-30T00:30:51.166Z INFO  req-104091 /api/health status=200 dur_ms=10
2026-09-30T00:30:51.729Z INFO  req-104092 /api/health status=200 dur_ms=71
2026-09-30T00:30:52.598Z INFO  req-104093 /api/login status=200 dur_ms=24
2026-09-30T00:30:52.746Z INFO  req-104094 /api/orders status=200 dur_ms=116
2026-09-30T00:30:53.133Z INFO  req-104095 /api/health status=200 dur_ms=3
2026-09-30T00:30:53.451Z INFO  req-104096 /api/orders status=200 dur_ms=103
2026-09-30T00:30:54.307Z INFO  req-104097 /api/login status=200 dur_ms=66
2026-09-30T00:30:55.036Z INFO  req-104098 /api/cart status=200 dur_ms=21
2026-09-30T00:30:55.905Z INFO  req-104099 /api/cart status=200 dur_ms=23
2026-09-30T00:30:56.320Z INFO  req-104100 /api/orders status=200 dur_ms=24
2026-09-30T00:30:57.036Z ERROR req-104101 upstream timeout calling payments, retrying (1/3)
2026-09-30T00:30:57.036Z INFO  req-104101 /api/orders retry ok
2026-09-30T00:30:57.036Z INFO  req-104101 /api/orders status=200 dur_ms=568
2026-09-30T00:30:57.523Z INFO  req-104102 /api/orders status=200 dur_ms=96
2026-09-30T00:30:58.229Z INFO  req-104103 /api/catalog status=200 dur_ms=8
2026-09-30T00:30:58.720Z INFO  req-104104 /api/catalog status=200 dur_ms=56
2026-09-30T00:30:59.195Z INFO  req-104105 /api/cart status=200 dur_ms=8
2026-09-30T00:30:59.572Z INFO  req-104106 /api/login status=200 dur_ms=105
2026-09-30T00:31:00.183Z INFO  req-104107 /api/catalog status=200 dur_ms=65
2026-09-30T00:31:01.017Z INFO  req-104108 /api/cart status=200 dur_ms=34
2026-09-30T00:31:01.073Z INFO  req-104109 /api/cart status=200 dur_ms=93
2026-09-30T00:31:01.296Z INFO  req-104110 /api/cart status=200 dur_ms=73
2026-09-30T00:31:01.640Z INFO  req-104111 /api/catalog status=200 dur_ms=97
2026-09-30T00:31:01.761Z INFO  req-104112 /api/catalog status=200 dur_ms=15
2026-09-30T00:31:02.611Z INFO  req-104113 /api/orders status=200 dur_ms=71
2026-09-30T00:31:02.682Z WARN  req-104114 /api/health status=401 dur_ms=23
2026-09-30T00:31:03.465Z INFO  req-104115 /api/health status=200 dur_ms=90
2026-09-30T00:31:03.850Z INFO  req-104116 /api/catalog status=200 dur_ms=63
2026-09-30T00:31:04.084Z INFO  req-104117 /api/health status=200 dur_ms=79
2026-09-30T00:31:04.838Z INFO  req-104118 /api/login status=200 dur_ms=97
2026-09-30T00:31:05.403Z INFO  req-104119 /api/login status=200 dur_ms=47
2026-09-30T00:31:05.726Z INFO  req-104120 /api/login status=200 dur_ms=23
2026-09-30T00:31:05.883Z INFO  req-104121 /api/health status=200 dur_ms=105
2026-09-30T00:31:06.771Z INFO  req-104122 /api/orders status=200 dur_ms=107
2026-09-30T00:31:07.011Z INFO  req-104123 /api/cart status=200 dur_ms=105
2026-09-30T00:31:07.644Z INFO  req-104124 /api/orders status=200 dur_ms=56
2026-09-30T00:31:08.381Z INFO  req-104125 /api/cart status=200 dur_ms=21
2026-09-30T00:31:08.690Z INFO  req-104126 /api/catalog status=200 dur_ms=43
2026-09-30T00:31:08.840Z INFO  req-104127 /api/login status=200 dur_ms=49
2026-09-30T00:31:08.863Z INFO  req-104128 /api/health status=200 dur_ms=112
2026-09-30T00:31:09.173Z INFO  req-104129 /api/cart status=200 dur_ms=83
2026-09-30T00:31:09.291Z INFO  req-104130 /api/orders status=200 dur_ms=73
2026-09-30T00:31:09.727Z INFO  req-104131 /api/cart status=200 dur_ms=98
2026-09-30T00:31:10.576Z INFO  req-104132 /api/health status=200 dur_ms=85
2026-09-30T00:31:10.984Z ERROR req-104133 upstream timeout calling payments, retrying (1/3)
2026-09-30T00:31:10.984Z INFO  req-104133 /api/login retry ok
2026-09-30T00:31:10.984Z INFO  req-104133 /api/login status=200 dur_ms=769
2026-09-30T00:31:11.322Z INFO  req-104134 /api/cart status=200 dur_ms=84
2026-09-30T00:31:11.342Z INFO  req-104135 /api/catalog status=200 dur_ms=93
2026-09-30T00:31:11.455Z WARN  req-104136 /api/orders status=401 dur_ms=37
2026-09-30T00:31:12.241Z INFO  req-104137 /api/login status=200 dur_ms=24
2026-09-30T00:31:12.784Z INFO  req-104138 /api/health status=200 dur_ms=62
2026-09-30T00:31:13.146Z INFO  req-104139 /api/catalog status=200 dur_ms=12
2026-09-30T00:31:13.697Z INFO  req-104140 /api/catalog status=200 dur_ms=120
2026-09-30T00:31:13.746Z INFO  req-104141 /api/orders status=200 dur_ms=25
2026-09-30T00:31:14.294Z INFO  req-104142 /api/login status=200 dur_ms=34
2026-09-30T00:31:15.133Z INFO  req-104143 /api/health status=200 dur_ms=61
2026-09-30T00:31:15.332Z INFO  req-104144 /api/login status=200 dur_ms=113
2026-09-30T00:31:15.932Z INFO  req-104145 /api/orders status=200 dur_ms=46
2026-09-30T00:31:16.625Z INFO  req-104146 /api/orders status=200 dur_ms=52
2026-09-30T00:31:17.220Z INFO  req-104147 /api/health status=200 dur_ms=93
2026-09-30T00:31:17.364Z ERROR req-104148 upstream timeout calling payments, retrying (1/3)
2026-09-30T00:31:17.364Z INFO  req-104148 /api/health retry ok
2026-09-30T00:31:17.364Z INFO  req-104148 /api/health status=200 dur_ms=1361
2026-09-30T00:31:17.630Z INFO  req-104149 /api/login status=200 dur_ms=40
2026-09-30T00:31:17.796Z INFO  req-104150 /api/orders status=200 dur_ms=73
2026-09-30T00:31:18.447Z INFO  req-104151 /api/cart status=200 dur_ms=97
2026-09-30T00:31:18.760Z INFO  req-104152 /api/cart status=200 dur_ms=76
2026-09-30T00:31:19.021Z INFO  req-104153 /api/login status=200 dur_ms=82
2026-09-30T00:31:19.236Z INFO  req-104154 /api/orders status=200 dur_ms=107
2026-09-30T00:31:19.347Z INFO  req-104155 /api/catalog status=200 dur_ms=15
2026-09-30T00:31:19.651Z INFO  req-104156 /api/health status=200 dur_ms=56
2026-09-30T00:31:20.147Z INFO  req-104157 /api/orders status=200 dur_ms=4
2026-09-30T00:31:20.914Z WARN  req-104158 fx rate cache miss for USD, using fallback table
2026-09-30T00:31:20.914Z INFO  req-104158 /api/catalog status=200 dur_ms=83
2026-09-30T00:31:21.719Z INFO  req-104159 /api/health status=200 dur_ms=22
2026-09-30T00:31:22.175Z INFO  req-104160 /api/catalog status=200 dur_ms=33
2026-09-30T00:31:22.995Z INFO  req-104161 /api/cart status=200 dur_ms=113
2026-09-30T00:31:23.081Z INFO  req-104162 /api/orders status=200 dur_ms=101
2026-09-30T00:31:23.869Z INFO  req-104163 /api/orders status=200 dur_ms=92
2026-09-30T00:31:24.480Z INFO  req-104164 /api/cart status=200 dur_ms=99
2026-09-30T00:31:25.018Z INFO  req-104165 /api/health status=200 dur_ms=74
2026-09-30T00:31:25.077Z WARN  req-104166 /api/login status=400 dur_ms=34
2026-09-30T00:31:25.485Z INFO  req-104167 /api/cart status=200 dur_ms=46
2026-09-30T00:31:26.222Z INFO  req-104168 /api/health status=200 dur_ms=22
2026-09-30T00:31:26.967Z INFO  req-104169 /api/catalog status=200 dur_ms=25
2026-09-30T00:31:27.688Z INFO  req-104170 /api/catalog status=200 dur_ms=118
2026-09-30T00:31:27.764Z INFO  req-104171 /api/orders status=200 dur_ms=8
2026-09-30T00:31:27.908Z INFO  req-104172 /api/orders status=200 dur_ms=95
2026-09-30T00:31:28.676Z WARN  req-104173 fx rate cache miss for USD, using fallback table
2026-09-30T00:31:28.676Z INFO  req-104173 /api/orders status=200 dur_ms=81
2026-09-30T00:31:28.697Z INFO  req-104174 /api/orders status=200 dur_ms=3
2026-09-30T00:31:29.208Z INFO  req-104175 /api/orders status=200 dur_ms=107
2026-09-30T00:31:29.625Z WARN  req-104176 /api/catalog status=401 dur_ms=40
2026-09-30T00:31:29.733Z WARN  req-104177 /api/health status=401 dur_ms=5
2026-09-30T00:31:29.866Z INFO  req-104178 /api/login status=200 dur_ms=36
2026-09-30T00:31:30.328Z INFO  req-104179 /api/orders status=200 dur_ms=99
2026-09-30T00:31:30.891Z INFO  req-104180 /api/cart status=200 dur_ms=76
2026-09-30T00:31:31.286Z INFO  req-104181 /api/orders status=200 dur_ms=40
2026-09-30T00:31:31.846Z INFO  req-104182 /api/health status=200 dur_ms=119
2026-09-30T00:31:32.601Z INFO  req-104183 /api/catalog status=200 dur_ms=4
2026-09-30T00:31:32.994Z INFO  req-104184 /api/cart status=200 dur_ms=50
2026-09-30T00:31:33.166Z WARN  req-104185 /api/cart status=429 dur_ms=32
2026-09-30T00:31:33.310Z INFO  req-104186 /api/orders status=200 dur_ms=89
2026-09-30T00:31:33.371Z INFO  req-104187 /api/login status=200 dur_ms=10
2026-09-30T00:31:33.661Z INFO  req-104188 /api/login status=200 dur_ms=95
2026-09-30T00:31:33.953Z WARN  req-104189 fx rate cache miss for USD, using fallback table
2026-09-30T00:31:33.953Z INFO  req-104189 /api/orders status=200 dur_ms=70
2026-09-30T00:31:34.188Z INFO  req-104190 /api/login status=200 dur_ms=78
2026-09-30T00:31:34.390Z INFO  req-104191 /api/login status=200 dur_ms=119
2026-09-30T00:31:34.664Z INFO  req-104192 /api/catalog status=200 dur_ms=21
2026-09-30T00:31:35.262Z WARN  req-104193 fx rate cache miss for USD, using fallback table
2026-09-30T00:31:35.262Z INFO  req-104193 /api/orders status=200 dur_ms=78
2026-09-30T00:31:35.677Z INFO  req-104194 /api/cart status=200 dur_ms=72
2026-09-30T00:31:35.870Z INFO  req-104195 /api/orders status=200 dur_ms=76
2026-09-30T00:31:36.589Z INFO  req-104196 /api/cart status=200 dur_ms=75
2026-09-30T00:31:37.107Z INFO  req-104197 /api/orders status=200 dur_ms=29
2026-09-30T00:31:37.610Z INFO  req-104198 /api/catalog status=200 dur_ms=27
2026-09-30T00:31:38.119Z INFO  req-104199 /api/cart status=200 dur_ms=58
2026-09-30T00:31:38.282Z INFO  req-104200 /api/catalog status=200 dur_ms=40
2026-09-30T00:31:38.913Z INFO  req-104201 /api/orders status=200 dur_ms=49
2026-09-30T00:31:39.565Z INFO  req-104202 /api/login status=200 dur_ms=15
2026-09-30T00:31:40.048Z INFO  req-104203 /api/cart status=200 dur_ms=101
2026-09-30T00:31:40.904Z WARN  req-104204 /api/catalog status=401 dur_ms=28
2026-09-30T00:31:41.721Z INFO  req-104205 /api/health status=200 dur_ms=25
2026-09-30T00:31:41.943Z INFO  req-104206 /api/cart status=200 dur_ms=44
2026-09-30T00:31:42.612Z INFO  req-104207 /api/orders status=200 dur_ms=77
2026-09-30T00:31:42.779Z ERROR req-104208 upstream timeout calling payments, retrying (1/3)
2026-09-30T00:31:42.779Z INFO  req-104208 /api/cart retry ok
2026-09-30T00:31:42.779Z INFO  req-104208 /api/cart status=200 dur_ms=980
2026-09-30T00:31:43.170Z INFO  req-104209 /api/health status=200 dur_ms=61
2026-09-30T00:31:43.809Z INFO  req-104210 /api/catalog status=200 dur_ms=61
2026-09-30T00:31:44.300Z INFO  req-104211 /api/health status=200 dur_ms=110
2026-09-30T00:31:44.479Z INFO  req-104212 /api/catalog status=200 dur_ms=40
2026-09-30T00:31:45.219Z INFO  req-104213 /api/health status=200 dur_ms=69
2026-09-30T00:31:45.628Z INFO  req-104214 /api/catalog status=200 dur_ms=18
2026-09-30T00:31:46.043Z INFO  req-104215 /api/cart status=200 dur_ms=111
2026-09-30T00:31:46.914Z INFO  req-104216 /api/cart status=200 dur_ms=35
2026-09-30T00:31:47.390Z INFO  req-104217 /api/cart status=200 dur_ms=27
2026-09-30T00:31:47.704Z WARN  req-104218 /api/login status=429 dur_ms=35
2026-09-30T00:31:48.078Z INFO  req-104219 /api/orders status=200 dur_ms=87
2026-09-30T00:31:48.940Z WARN  req-104220 fx rate cache miss for GBP, using fallback table
2026-09-30T00:31:48.940Z INFO  req-104220 /api/orders status=200 dur_ms=65
2026-09-30T00:31:49.378Z INFO  req-104221 /api/login status=200 dur_ms=26
2026-09-30T00:31:49.990Z INFO  req-104222 /api/login status=200 dur_ms=56
2026-09-30T00:31:50.107Z INFO  req-104223 /api/catalog status=200 dur_ms=66
2026-09-30T00:31:50.818Z ERROR req-104224 upstream timeout calling payments, retrying (1/3)
2026-09-30T00:31:50.818Z INFO  req-104224 /api/catalog retry ok
2026-09-30T00:31:50.818Z INFO  req-104224 /api/catalog status=200 dur_ms=1302
2026-09-30T00:31:51.131Z INFO  req-104225 /api/cart status=200 dur_ms=18
2026-09-30T00:31:51.350Z INFO  req-104226 /api/login status=200 dur_ms=26
2026-09-30T00:31:52.123Z WARN  req-104227 /api/health status=429 dur_ms=14
2026-09-30T00:31:52.795Z INFO  req-104228 /api/login status=200 dur_ms=72
2026-09-30T00:31:52.958Z INFO  req-104229 /api/cart status=200 dur_ms=41
2026-09-30T00:31:53.202Z INFO  req-104230 /api/orders status=200 dur_ms=89
2026-09-30T00:31:53.817Z INFO  req-104231 /api/health status=200 dur_ms=36
2026-09-30T00:31:54.406Z INFO  req-104232 /api/orders status=200 dur_ms=80
2026-09-30T00:31:54.930Z INFO  req-104233 /api/catalog status=200 dur_ms=102
2026-09-30T00:31:55.334Z ERROR req-104234 upstream timeout calling payments, retrying (1/3)
2026-09-30T00:31:55.334Z INFO  req-104234 /api/health retry ok
2026-09-30T00:31:55.334Z INFO  req-104234 /api/health status=200 dur_ms=1230
2026-09-30T00:31:55.964Z INFO  req-104235 /api/login status=200 dur_ms=110
2026-09-30T00:31:55.972Z INFO  req-104236 /api/catalog status=200 dur_ms=92
2026-09-30T00:31:56.840Z INFO  req-104237 /api/login status=200 dur_ms=60
2026-09-30T00:31:57.148Z INFO  req-104238 /api/catalog status=200 dur_ms=64
2026-09-30T00:31:57.254Z WARN  req-104239 /api/health status=401 dur_ms=34
2026-09-30T00:31:57.399Z INFO  req-104240 /api/catalog status=200 dur_ms=76
2026-09-30T00:31:57.761Z INFO  req-104241 /api/login status=200 dur_ms=20
2026-09-30T00:31:57.883Z INFO  req-104242 /api/catalog status=200 dur_ms=6
2026-09-30T00:31:58.436Z ERROR req-104243 upstream timeout calling payments, retrying (1/3)
2026-09-30T00:31:58.436Z INFO  req-104243 /api/catalog retry ok
2026-09-30T00:31:58.436Z INFO  req-104243 /api/catalog status=200 dur_ms=1624
2026-09-30T00:31:58.670Z WARN  req-104244 fx rate cache miss for USD, using fallback table
2026-09-30T00:31:58.670Z INFO  req-104244 /api/cart status=200 dur_ms=7
2026-09-30T00:31:59.467Z INFO  req-104245 /api/orders status=200 dur_ms=43
2026-09-30T00:32:00.324Z ERROR req-104246 upstream timeout calling payments, retrying (1/3)
2026-09-30T00:32:00.324Z INFO  req-104246 /api/catalog retry ok
2026-09-30T00:32:00.324Z INFO  req-104246 /api/catalog status=200 dur_ms=916
2026-09-30T00:32:00.502Z INFO  req-104247 /api/catalog status=200 dur_ms=78
2026-09-30T00:32:00.876Z WARN  req-104248 /api/orders status=401 dur_ms=22
2026-09-30T00:32:01.286Z INFO  req-104249 /api/health status=200 dur_ms=91
2026-09-30T00:32:01.336Z INFO  req-104250 /api/catalog status=200 dur_ms=116
2026-09-30T00:32:01.424Z INFO  req-104251 /api/cart status=200 dur_ms=108
2026-09-30T00:32:02.155Z INFO  req-104252 /api/login status=200 dur_ms=3
2026-09-30T00:32:02.433Z INFO  req-104253 /api/cart status=200 dur_ms=78
2026-09-30T00:32:03.238Z INFO  req-104254 /api/orders status=200 dur_ms=76
2026-09-30T00:32:04.014Z INFO  req-104255 /api/orders status=200 dur_ms=104
2026-09-30T00:32:04.245Z INFO  req-104256 /api/cart status=200 dur_ms=92
2026-09-30T00:32:04.649Z INFO  req-104257 /api/orders status=200 dur_ms=83
2026-09-30T00:32:04.799Z ERROR req-104258 upstream timeout calling payments, retrying (1/3)
2026-09-30T00:32:04.799Z INFO  req-104258 /api/orders retry ok
2026-09-30T00:32:04.799Z INFO  req-104258 /api/orders status=200 dur_ms=1491
2026-09-30T00:32:04.994Z INFO  req-104259 /api/cart status=200 dur_ms=39
2026-09-30T00:32:05.706Z INFO  req-104260 /api/health status=200 dur_ms=82
2026-09-30T00:32:05.879Z INFO  req-104261 /api/login status=200 dur_ms=71
2026-09-30T00:32:05.992Z INFO  req-104262 /api/orders status=200 dur_ms=58
2026-09-30T00:32:06.741Z INFO  req-104263 /api/login status=200 dur_ms=25
2026-09-30T00:32:07.035Z WARN  req-104264 /api/cart status=404 dur_ms=26
2026-09-30T00:32:07.873Z INFO  req-104265 /api/login status=200 dur_ms=58
2026-09-30T00:32:08.550Z INFO  req-104266 /api/cart status=200 dur_ms=44
2026-09-30T00:32:08.750Z INFO  req-104267 /api/login status=200 dur_ms=60
2026-09-30T00:32:08.799Z INFO  req-104268 /api/catalog status=200 dur_ms=57
2026-09-30T00:32:09.536Z WARN  req-104269 /api/login status=429 dur_ms=25
2026-09-30T00:32:09.839Z WARN  req-104270 /api/login status=400 dur_ms=40
2026-09-30T00:32:10.062Z INFO  req-104271 /api/login status=200 dur_ms=23
2026-09-30T00:32:10.301Z INFO  req-104272 /api/health status=200 dur_ms=75
2026-09-30T00:32:10.542Z INFO  req-104273 /api/cart status=200 dur_ms=34
2026-09-30T00:32:10.783Z INFO  req-104274 /api/cart status=200 dur_ms=100
2026-09-30T00:32:11.622Z ERROR req-104275 upstream timeout calling payments, retrying (1/3)
2026-09-30T00:32:11.622Z INFO  req-104275 /api/health retry ok
2026-09-30T00:32:11.622Z INFO  req-104275 /api/health status=200 dur_ms=1606
2026-09-30T00:32:12.518Z INFO  req-104276 /api/orders status=200 dur_ms=82
2026-09-30T00:32:13.399Z INFO  req-104277 /api/health status=200 dur_ms=62
2026-09-30T00:32:13.711Z INFO  req-104278 /api/catalog status=200 dur_ms=56
2026-09-30T00:32:14.581Z WARN  req-104279 /api/cart status=400 dur_ms=27
2026-09-30T00:32:14.822Z INFO  req-104280 /api/orders status=200 dur_ms=16
2026-09-30T00:32:15.287Z INFO  req-104281 /api/health status=200 dur_ms=8
2026-09-30T00:32:16.076Z INFO  req-104282 /api/cart status=200 dur_ms=32
2026-09-30T00:32:16.724Z INFO  req-104283 /api/orders status=200 dur_ms=78
2026-09-30T00:32:17.469Z INFO  req-104284 /api/health status=200 dur_ms=5
2026-09-30T00:32:17.968Z INFO  req-104285 /api/orders status=200 dur_ms=14
2026-09-30T00:32:18.157Z INFO  req-104286 /api/login status=200 dur_ms=61
2026-09-30T00:32:18.808Z INFO  req-104287 /api/health status=200 dur_ms=5
2026-09-30T00:32:19.134Z INFO  req-104288 /api/catalog status=200 dur_ms=104
2026-09-30T00:32:19.169Z INFO  req-104289 /api/health status=200 dur_ms=9
2026-09-30T00:32:19.522Z INFO  req-104290 /api/cart status=200 dur_ms=74
2026-09-30T00:32:20.227Z WARN  req-104291 fx rate cache miss for USD, using fallback table
2026-09-30T00:32:20.227Z INFO  req-104291 /api/login status=200 dur_ms=26
2026-09-30T00:32:20.715Z INFO  req-104292 /api/catalog status=200 dur_ms=9
2026-09-30T00:32:21.044Z INFO  req-104293 /api/health status=200 dur_ms=57
2026-09-30T00:32:21.802Z INFO  req-104294 /api/orders status=200 dur_ms=90
2026-09-30T00:32:21.834Z WARN  req-104295 /api/health status=401 dur_ms=39
2026-09-30T00:32:21.894Z ERROR req-104296 upstream timeout calling payments, retrying (1/3)
2026-09-30T00:32:21.894Z INFO  req-104296 /api/health retry ok
2026-09-30T00:32:21.894Z INFO  req-104296 /api/health status=200 dur_ms=1646
2026-09-30T00:32:22.723Z INFO  req-104297 /api/cart status=200 dur_ms=91
2026-09-30T00:32:22.895Z INFO  req-104298 /api/orders status=200 dur_ms=113
2026-09-30T00:32:23.544Z WARN  req-104299 /api/cart status=404 dur_ms=37
2026-09-30T00:32:24.091Z INFO  req-104300 /api/catalog status=200 dur_ms=4
2026-09-30T00:32:24.933Z WARN  req-104301 fx rate cache miss for GBP, using fallback table
2026-09-30T00:32:24.933Z INFO  req-104301 /api/cart status=200 dur_ms=90
2026-09-30T00:32:25.113Z INFO  req-104302 /api/health status=200 dur_ms=43
2026-09-30T00:32:25.496Z INFO  req-104303 /api/orders status=200 dur_ms=78
2026-09-30T00:32:26.126Z INFO  req-104304 /api/login status=200 dur_ms=100
2026-09-30T00:32:26.795Z INFO  req-104305 /api/login status=200 dur_ms=46
2026-09-30T00:32:26.988Z INFO  req-104306 /api/cart status=200 dur_ms=102
2026-09-30T00:32:27.678Z INFO  req-104307 /api/login status=200 dur_ms=91
2026-09-30T00:32:27.859Z INFO  req-104308 /api/cart status=200 dur_ms=69
2026-09-30T00:32:28.620Z INFO  req-104309 /api/catalog status=200 dur_ms=89
2026-09-30T00:32:29.280Z INFO  req-104310 /api/orders status=200 dur_ms=114
2026-09-30T00:32:29.410Z ERROR req-104311 upstream timeout calling payments, retrying (1/3)
2026-09-30T00:32:29.410Z INFO  req-104311 /api/cart retry ok
2026-09-30T00:32:29.410Z INFO  req-104311 /api/cart status=200 dur_ms=1517
2026-09-30T00:32:30.262Z INFO  req-104312 /api/health status=200 dur_ms=47
2026-09-30T00:32:30.999Z INFO  req-104313 /api/cart status=200 dur_ms=110
2026-09-30T00:32:31.005Z INFO  req-104314 /api/cart status=200 dur_ms=31
2026-09-30T00:32:31.193Z INFO  req-104315 /api/catalog status=200 dur_ms=69
2026-09-30T00:32:31.486Z INFO  req-104316 /api/cart status=200 dur_ms=91
2026-09-30T00:32:31.591Z INFO  req-104317 /api/health status=200 dur_ms=110
2026-09-30T00:32:31.941Z INFO  req-104318 /api/cart status=200 dur_ms=103
2026-09-30T00:32:32.217Z INFO  req-104319 /api/health status=200 dur_ms=87
2026-09-30T00:32:32.430Z INFO  req-104320 /api/login status=200 dur_ms=21
2026-09-30T00:32:32.714Z INFO  req-104321 /api/orders status=200 dur_ms=60
2026-09-30T00:32:32.909Z INFO  req-104322 /api/health status=200 dur_ms=43
2026-09-30T00:32:32.925Z WARN  req-104323 fx rate cache miss for USD, using fallback table
2026-09-30T00:32:32.925Z INFO  req-104323 /api/orders status=200 dur_ms=57
2026-09-30T00:32:33.627Z INFO  req-104324 /api/orders status=200 dur_ms=92
2026-09-30T00:32:33.930Z INFO  req-104325 /api/cart status=200 dur_ms=90
2026-09-30T00:32:34.103Z INFO  req-104326 /api/cart status=200 dur_ms=42
2026-09-30T00:32:34.167Z INFO  req-104327 /api/cart status=200 dur_ms=43
2026-09-30T00:32:34.385Z INFO  req-104328 /api/login status=200 dur_ms=32
2026-09-30T00:32:34.881Z INFO  req-104329 /api/health status=200 dur_ms=79
2026-09-30T00:32:35.372Z INFO  req-104330 /api/orders status=200 dur_ms=33
2026-09-30T00:32:35.921Z INFO  req-104331 /api/catalog status=200 dur_ms=119
2026-09-30T00:32:36.767Z INFO  req-104332 /api/health status=200 dur_ms=17
2026-09-30T00:32:37.589Z INFO  req-104333 /api/catalog status=200 dur_ms=76
2026-09-30T00:32:38.309Z INFO  req-104334 /api/cart status=200 dur_ms=67
2026-09-30T00:32:38.579Z INFO  req-104335 /api/health status=200 dur_ms=69
2026-09-30T00:32:39.038Z INFO  req-104336 /api/orders status=200 dur_ms=62
2026-09-30T00:32:39.181Z INFO  req-104337 /api/health status=200 dur_ms=104
2026-09-30T00:32:39.338Z INFO  req-104338 /api/catalog status=200 dur_ms=77
2026-09-30T00:32:40.026Z ERROR req-104339 upstream timeout calling payments, retrying (1/3)
2026-09-30T00:32:40.026Z INFO  req-104339 /api/catalog retry ok
2026-09-30T00:32:40.026Z INFO  req-104339 /api/catalog status=200 dur_ms=443
2026-09-30T00:32:40.624Z INFO  req-104340 /api/login status=200 dur_ms=45
2026-09-30T00:32:41.053Z WARN  req-104341 /api/catalog status=401 dur_ms=25
2026-09-30T00:32:41.444Z INFO  req-104342 /api/login status=200 dur_ms=89
2026-09-30T00:32:42.141Z INFO  req-104343 /api/health status=200 dur_ms=107
2026-09-30T00:32:42.387Z INFO  req-104344 /api/login status=200 dur_ms=118
2026-09-30T00:32:43.252Z INFO  req-104345 /api/login status=200 dur_ms=91
2026-09-30T00:32:44.134Z INFO  req-104346 /api/cart status=200 dur_ms=20
2026-09-30T00:32:44.584Z INFO  req-104347 /api/health status=200 dur_ms=85
2026-09-30T00:32:44.618Z INFO  req-104348 /api/health status=200 dur_ms=17
2026-09-30T00:32:44.806Z INFO  req-104349 /api/health status=200 dur_ms=111
2026-09-30T00:32:45.368Z WARN  req-104350 /api/catalog status=429 dur_ms=7
2026-09-30T00:32:45.471Z INFO  req-104351 /api/login status=200 dur_ms=75
2026-09-30T00:32:46.083Z INFO  req-104352 /api/catalog status=200 dur_ms=47
2026-09-30T00:32:46.454Z INFO  req-104353 /api/cart status=200 dur_ms=5
2026-09-30T00:32:46.747Z INFO  req-104354 /api/cart status=200 dur_ms=116
2026-09-30T00:32:47.025Z INFO  req-104355 /api/cart status=200 dur_ms=36
2026-09-30T00:32:47.420Z INFO  req-104356 /api/catalog status=200 dur_ms=7
2026-09-30T00:32:48.173Z INFO  req-104357 /api/orders status=200 dur_ms=100
2026-09-30T00:32:48.208Z INFO  req-104358 /api/cart status=200 dur_ms=112
2026-09-30T00:32:48.300Z ERROR req-104359 upstream timeout calling payments, retrying (1/3)
2026-09-30T00:32:48.300Z INFO  req-104359 /api/cart retry ok
2026-09-30T00:32:48.300Z INFO  req-104359 /api/cart status=200 dur_ms=1929
2026-09-30T00:32:48.394Z INFO  req-104360 /api/login status=200 dur_ms=56
2026-09-30T00:32:49.026Z INFO  req-104361 /api/health status=200 dur_ms=35
2026-09-30T00:32:49.115Z INFO  req-104362 /api/health status=200 dur_ms=119
2026-09-30T00:32:49.325Z INFO  req-104363 /api/cart status=200 dur_ms=51
2026-09-30T00:32:50.074Z INFO  req-104364 /api/cart status=200 dur_ms=5
2026-09-30T00:32:50.526Z INFO  req-104365 /api/catalog status=200 dur_ms=120
2026-09-30T00:32:50.832Z INFO  req-104366 /api/catalog status=200 dur_ms=63
2026-09-30T00:32:51.448Z INFO  req-104367 /api/orders status=200 dur_ms=75
2026-09-30T00:32:52.264Z INFO  req-104368 /api/catalog status=200 dur_ms=49
2026-09-30T00:32:53.088Z ERROR req-104369 upstream timeout calling payments, retrying (1/3)
2026-09-30T00:32:53.088Z INFO  req-104369 /api/catalog retry ok
2026-09-30T00:32:53.088Z INFO  req-104369 /api/catalog status=200 dur_ms=746
2026-09-30T00:32:53.385Z INFO  req-104370 /api/login status=200 dur_ms=8
2026-09-30T00:32:53.634Z INFO  req-104371 /api/orders status=200 dur_ms=78
2026-09-30T00:32:54.071Z ERROR req-104372 upstream timeout calling payments, retrying (1/3)
2026-09-30T00:32:54.071Z INFO  req-104372 /api/login retry ok
2026-09-30T00:32:54.071Z INFO  req-104372 /api/login status=200 dur_ms=983
2026-09-30T00:32:54.864Z INFO  req-104373 /api/health status=200 dur_ms=57
2026-09-30T00:32:55.341Z INFO  req-104374 /api/catalog status=200 dur_ms=89
2026-09-30T00:32:55.548Z INFO  req-104375 /api/cart status=200 dur_ms=24
2026-09-30T00:32:55.704Z INFO  req-104376 /api/login status=200 dur_ms=100
2026-09-30T00:32:55.716Z WARN  req-104377 fx rate cache miss for USD, using fallback table
2026-09-30T00:32:55.716Z INFO  req-104377 /api/login status=200 dur_ms=57
2026-09-30T00:32:56.093Z ERROR req-104378 upstream timeout calling payments, retrying (1/3)
2026-09-30T00:32:56.093Z INFO  req-104378 /api/health retry ok
2026-09-30T00:32:56.093Z INFO  req-104378 /api/health status=200 dur_ms=667
2026-09-30T00:32:56.760Z INFO  req-104379 /api/orders status=200 dur_ms=60
2026-09-30T00:32:57.053Z INFO  req-104380 /api/catalog status=200 dur_ms=81
2026-09-30T00:32:57.187Z INFO  req-104381 /api/health status=200 dur_ms=42
2026-09-30T00:32:58.015Z INFO  req-104382 /api/login status=200 dur_ms=66
2026-09-30T00:32:58.398Z INFO  req-104383 /api/orders status=200 dur_ms=19
2026-09-30T00:32:58.780Z INFO  req-104384 /api/login status=200 dur_ms=57
2026-09-30T00:32:58.892Z WARN  req-104385 /api/catalog status=400 dur_ms=16
2026-09-30T00:32:59.024Z INFO  req-104386 /api/health status=200 dur_ms=22
2026-09-30T00:32:59.711Z INFO  req-104387 /api/orders status=200 dur_ms=7
2026-09-30T00:32:59.789Z INFO  req-104388 /api/catalog status=200 dur_ms=24
2026-09-30T00:33:00.481Z INFO  req-104389 /api/orders status=200 dur_ms=84
2026-09-30T00:33:01.173Z INFO  req-104390 /api/health status=200 dur_ms=61
2026-09-30T00:33:01.222Z INFO  req-104391 /api/cart status=200 dur_ms=116
2026-09-30T00:33:01.927Z INFO  req-104392 /api/login status=200 dur_ms=27
2026-09-30T00:33:02.293Z INFO  req-104393 /api/health status=200 dur_ms=20
2026-09-30T00:33:02.904Z INFO  req-104394 /api/orders status=200 dur_ms=12
2026-09-30T00:33:02.999Z INFO  req-104395 /api/cart status=200 dur_ms=56
2026-09-30T00:33:03.212Z INFO  req-104396 /api/login status=200 dur_ms=39
2026-09-30T00:33:03.718Z INFO  req-104397 /api/cart status=200 dur_ms=69
2026-09-30T00:33:03.908Z INFO  req-104398 /api/login status=200 dur_ms=99
2026-09-30T00:33:04.635Z INFO  req-104399 /api/health status=200 dur_ms=52
2026-09-30T00:33:04.827Z INFO  req-104400 /api/login status=200 dur_ms=24
2026-09-30T00:33:05.130Z INFO  req-104401 /api/orders status=200 dur_ms=42
2026-09-30T00:33:05.223Z INFO  req-104402 /api/orders status=200 dur_ms=34
2026-09-30T00:33:05.699Z INFO  req-104403 /api/health status=200 dur_ms=95
2026-09-30T00:33:05.768Z WARN  req-104404 /api/cart status=404 dur_ms=20
2026-09-30T00:33:05.950Z INFO  req-104405 /api/login status=200 dur_ms=41
2026-09-30T00:33:06.192Z INFO  req-104406 /api/catalog status=200 dur_ms=101
2026-09-30T00:33:06.674Z INFO  req-104407 /api/orders status=200 dur_ms=73
2026-09-30T00:33:07.511Z INFO  req-104408 /api/cart status=200 dur_ms=107
2026-09-30T00:33:08.229Z INFO  req-104409 /api/orders status=200 dur_ms=109
2026-09-30T00:33:08.586Z INFO  req-104410 /api/orders status=200 dur_ms=3
2026-09-30T00:33:08.764Z INFO  req-104411 /api/cart status=200 dur_ms=53
2026-09-30T00:33:09.334Z INFO  req-104412 /api/login status=200 dur_ms=120
2026-09-30T00:33:09.602Z ERROR req-104413 upstream timeout calling payments, retrying (1/3)
2026-09-30T00:33:09.602Z INFO  req-104413 /api/cart retry ok
2026-09-30T00:33:09.602Z INFO  req-104413 /api/cart status=200 dur_ms=1221
2026-09-30T00:33:10.425Z INFO  req-104414 /api/cart status=200 dur_ms=67
2026-09-30T00:33:10.537Z INFO  req-104415 /api/catalog status=200 dur_ms=31
2026-09-30T00:33:11.436Z WARN  req-104416 /api/orders status=404 dur_ms=25
2026-09-30T00:33:12.256Z INFO  req-104417 /api/orders status=200 dur_ms=114
2026-09-30T00:33:12.592Z INFO  req-104418 /api/cart status=200 dur_ms=73
2026-09-30T00:33:13.212Z INFO  req-104419 /api/orders status=200 dur_ms=43
2026-09-30T00:33:13.382Z INFO  req-104420 /api/login status=200 dur_ms=87
2026-09-30T00:33:13.618Z INFO  req-104421 /api/orders status=200 dur_ms=14
2026-09-30T00:33:14.495Z WARN  req-104422 /api/health status=401 dur_ms=29
2026-09-30T00:33:15.103Z INFO  req-104423 /api/health status=200 dur_ms=54
2026-09-30T00:33:15.351Z ERROR req-104424 upstream timeout calling payments, retrying (1/3)
2026-09-30T00:33:15.351Z INFO  req-104424 /api/health retry ok
2026-09-30T00:33:15.351Z INFO  req-104424 /api/health status=200 dur_ms=869
2026-09-30T00:33:15.933Z INFO  req-104425 /api/health status=200 dur_ms=44
2026-09-30T00:33:16.057Z INFO  req-104426 /api/health status=200 dur_ms=35
2026-09-30T00:33:16.489Z INFO  req-104427 /api/cart status=200 dur_ms=95
2026-09-30T00:33:16.758Z INFO  req-104428 /api/cart status=200 dur_ms=49
2026-09-30T00:33:17.325Z INFO  req-104429 /api/health status=200 dur_ms=13
2026-09-30T00:33:17.633Z WARN  req-104430 /api/login status=400 dur_ms=36
2026-09-30T00:33:17.690Z INFO  req-104431 /api/health status=200 dur_ms=54
2026-09-30T00:33:17.772Z INFO  req-104432 /api/health status=200 dur_ms=6
2026-09-30T00:33:17.966Z INFO  req-104433 /api/cart status=200 dur_ms=5
2026-09-30T00:33:18.592Z INFO  req-104434 /api/health status=200 dur_ms=78
2026-09-30T00:33:19.079Z INFO  req-104435 /api/cart status=200 dur_ms=88
2026-09-30T00:33:19.398Z INFO  req-104436 /api/login status=200 dur_ms=75
2026-09-30T00:33:19.816Z INFO  req-104437 /api/health status=200 dur_ms=13
2026-09-30T00:33:20.021Z INFO  req-104438 /api/cart status=200 dur_ms=98
2026-09-30T00:33:20.360Z INFO  req-104439 /api/orders status=200 dur_ms=39
2026-09-30T00:33:21.259Z INFO  req-104440 /api/cart status=200 dur_ms=53
2026-09-30T00:33:21.379Z INFO  req-104441 /api/health status=200 dur_ms=35
2026-09-30T00:33:21.586Z WARN  req-104442 /api/orders status=429 dur_ms=32
2026-09-30T00:33:22.413Z INFO  req-104443 /api/health status=200 dur_ms=40
2026-09-30T00:33:22.546Z INFO  req-104444 /api/catalog status=200 dur_ms=11
2026-09-30T00:33:23.320Z INFO  req-104445 /api/catalog status=200 dur_ms=77
2026-09-30T00:33:24.116Z INFO  req-104446 /api/cart status=200 dur_ms=45
2026-09-30T00:33:24.166Z INFO  req-104447 /api/orders status=200 dur_ms=3
2026-09-30T00:33:24.640Z INFO  req-104448 /api/cart status=200 dur_ms=119
2026-09-30T00:33:25.176Z INFO  req-104449 /api/cart status=200 dur_ms=22
2026-09-30T00:33:25.569Z INFO  req-104450 /api/orders status=200 dur_ms=8
2026-09-30T00:33:25.651Z INFO  req-104451 /api/orders status=200 dur_ms=46
2026-09-30T00:33:25.879Z INFO  req-104452 /api/catalog status=200 dur_ms=32
2026-09-30T00:33:26.584Z ERROR req-104453 upstream timeout calling payments, retrying (1/3)
2026-09-30T00:33:26.584Z INFO  req-104453 /api/health retry ok
2026-09-30T00:33:26.584Z INFO  req-104453 /api/health status=200 dur_ms=1726
2026-09-30T00:33:26.694Z INFO  req-104454 /api/cart status=200 dur_ms=71
2026-09-30T00:33:27.005Z INFO  req-104455 /api/orders status=200 dur_ms=46
2026-09-30T00:33:27.665Z INFO  req-104456 /api/health status=200 dur_ms=94
2026-09-30T00:33:27.986Z INFO  req-104457 /api/login status=200 dur_ms=105
2026-09-30T00:33:28.514Z INFO  req-104458 /api/orders status=200 dur_ms=100
2026-09-30T00:33:29.040Z INFO  req-104459 /api/catalog status=200 dur_ms=71
2026-09-30T00:33:29.326Z INFO  req-104460 /api/catalog status=200 dur_ms=42
2026-09-30T00:33:29.539Z INFO  req-104461 /api/health status=200 dur_ms=110
2026-09-30T00:33:29.548Z INFO  req-104462 /api/login status=200 dur_ms=30
2026-09-30T00:33:30.313Z INFO  req-104463 /api/orders status=200 dur_ms=43
2026-09-30T00:33:31.031Z INFO  req-104464 /api/cart status=200 dur_ms=106
2026-09-30T00:33:31.120Z INFO  req-104465 /api/catalog status=200 dur_ms=68
2026-09-30T00:33:31.709Z INFO  req-104466 /api/orders status=200 dur_ms=25
2026-09-30T00:33:32.010Z INFO  req-104467 /api/cart status=200 dur_ms=106
2026-09-30T00:33:32.504Z INFO  req-104468 /api/catalog status=200 dur_ms=52
2026-09-30T00:33:32.517Z INFO  req-104469 /api/catalog status=200 dur_ms=21
2026-09-30T00:33:33.235Z INFO  req-104470 /api/health status=200 dur_ms=102
2026-09-30T00:33:33.378Z INFO  req-104471 /api/orders status=200 dur_ms=119
2026-09-30T00:33:33.421Z INFO  req-104472 /api/login status=200 dur_ms=84
2026-09-30T00:33:34.148Z INFO  req-104473 /api/orders status=200 dur_ms=87
2026-09-30T00:33:34.307Z INFO  req-104474 /api/catalog status=200 dur_ms=13
2026-09-30T00:33:34.393Z INFO  req-104475 /api/catalog status=200 dur_ms=115
2026-09-30T00:33:35.020Z INFO  req-104476 /api/health status=200 dur_ms=13
2026-09-30T00:33:35.474Z WARN  req-104477 /api/cart status=404 dur_ms=27
2026-09-30T00:33:36.271Z INFO  req-104478 /api/login status=200 dur_ms=91
2026-09-30T00:33:37.062Z INFO  req-104479 /api/cart status=200 dur_ms=73
2026-09-30T00:33:37.238Z INFO  req-104480 /api/cart status=200 dur_ms=7
2026-09-30T00:33:37.698Z INFO  req-104481 /api/catalog status=200 dur_ms=12
2026-09-30T00:33:38.307Z INFO  req-104482 /api/cart status=200 dur_ms=14
2026-09-30T00:33:38.834Z INFO  req-104483 /api/catalog status=200 dur_ms=89
2026-09-30T00:33:39.189Z WARN  req-104484 /api/health status=404 dur_ms=26
2026-09-30T00:33:39.784Z INFO  req-104485 /api/orders status=200 dur_ms=81
2026-09-30T00:33:40.662Z INFO  req-104486 /api/login status=200 dur_ms=78
2026-09-30T00:33:40.775Z INFO  req-104487 /api/orders status=200 dur_ms=14
2026-09-30T00:33:41.373Z INFO  req-104488 /api/orders status=200 dur_ms=9
2026-09-30T00:33:41.772Z INFO  req-104489 /api/cart status=200 dur_ms=6
2026-09-30T00:33:42.037Z INFO  req-104490 /api/cart status=200 dur_ms=34
2026-09-30T00:33:42.778Z INFO  req-104491 /api/orders status=200 dur_ms=119
2026-09-30T00:33:43.668Z INFO  req-104492 /api/login status=200 dur_ms=103
2026-09-30T00:33:44.542Z INFO  req-104493 /api/orders status=200 dur_ms=5
2026-09-30T00:33:44.925Z INFO  req-104494 /api/login status=200 dur_ms=58
2026-09-30T00:33:45.346Z INFO  req-104495 /api/orders status=200 dur_ms=79
2026-09-30T00:33:46.184Z ERROR req-104496 upstream timeout calling payments, retrying (1/3)
2026-09-30T00:33:46.184Z INFO  req-104496 /api/catalog retry ok
2026-09-30T00:33:46.184Z INFO  req-104496 /api/catalog status=200 dur_ms=363
2026-09-30T00:33:46.191Z INFO  req-104497 /api/catalog status=200 dur_ms=11
2026-09-30T00:33:46.979Z WARN  req-104498 /api/login status=429 dur_ms=16
2026-09-30T00:33:47.750Z INFO  req-104499 /api/cart status=200 dur_ms=62
2026-09-30T00:33:48.213Z INFO  req-104500 /api/cart status=200 dur_ms=119
2026-09-30T00:33:48.226Z INFO  req-104501 /api/health status=200 dur_ms=75
2026-09-30T00:33:48.458Z INFO  req-104502 /api/cart status=200 dur_ms=52
2026-09-30T00:33:48.579Z INFO  req-104503 /api/catalog status=200 dur_ms=110
2026-09-30T00:33:48.663Z INFO  req-104504 /api/cart status=200 dur_ms=78
2026-09-30T00:33:48.883Z INFO  req-104505 /api/health status=200 dur_ms=60
2026-09-30T00:33:49.447Z INFO  req-104506 /api/cart status=200 dur_ms=83
2026-09-30T00:33:50.035Z INFO  req-104507 /api/health status=200 dur_ms=114
2026-09-30T00:33:50.166Z INFO  req-104508 /api/orders status=200 dur_ms=74
2026-09-30T00:33:50.539Z INFO  req-104509 /api/orders status=200 dur_ms=37
2026-09-30T00:33:50.960Z INFO  req-104510 /api/catalog status=200 dur_ms=77
2026-09-30T00:33:51.759Z INFO  req-104511 /api/health status=200 dur_ms=60
2026-09-30T00:33:52.234Z INFO  req-104512 /api/login status=200 dur_ms=114
2026-09-30T00:33:53.104Z INFO  req-104513 /api/catalog status=200 dur_ms=51
2026-09-30T00:33:53.953Z INFO  req-104514 /api/cart status=200 dur_ms=14
2026-09-30T00:33:54.847Z INFO  req-104515 /api/catalog status=200 dur_ms=65
2026-09-30T00:33:55.098Z INFO  req-104516 /api/health status=200 dur_ms=105
2026-09-30T00:33:55.909Z INFO  req-104517 /api/catalog status=200 dur_ms=10
2026-09-30T00:33:56.340Z INFO  req-104518 /api/catalog status=200 dur_ms=18
2026-09-30T00:33:56.503Z WARN  req-104519 /api/health status=404 dur_ms=24
2026-09-30T00:33:56.759Z ERROR req-104520 upstream timeout calling payments, retrying (1/3)
2026-09-30T00:33:56.759Z INFO  req-104520 /api/login retry ok
2026-09-30T00:33:56.759Z INFO  req-104520 /api/login status=200 dur_ms=1676
2026-09-30T00:33:57.599Z INFO  req-104521 /api/cart status=200 dur_ms=21
2026-09-30T00:33:58.196Z INFO  req-104522 /api/login status=200 dur_ms=112
2026-09-30T00:33:58.879Z INFO  req-104523 /api/health status=200 dur_ms=80
2026-09-30T00:33:59.508Z INFO  req-104524 /api/catalog status=200 dur_ms=91
2026-09-30T00:34:00.398Z INFO  req-104525 /api/catalog status=200 dur_ms=83
2026-09-30T00:34:00.732Z INFO  req-104526 /api/cart status=200 dur_ms=3
2026-09-30T00:34:01.625Z INFO  req-104527 /api/orders status=200 dur_ms=4
2026-09-30T00:34:02.455Z INFO  req-104528 /api/orders status=200 dur_ms=39
2026-09-30T00:34:02.686Z ERROR req-104529 upstream timeout calling payments, retrying (1/3)
2026-09-30T00:34:02.686Z INFO  req-104529 /api/orders retry ok
2026-09-30T00:34:02.686Z INFO  req-104529 /api/orders status=200 dur_ms=1715
2026-09-30T00:34:03.239Z INFO  req-104530 /api/login status=200 dur_ms=13
2026-09-30T00:34:03.891Z INFO  req-104531 /api/orders status=200 dur_ms=30
2026-09-30T00:34:04.474Z INFO  req-104532 /api/login status=200 dur_ms=96
2026-09-30T00:34:04.882Z INFO  req-104533 /api/login status=200 dur_ms=99
2026-09-30T00:34:04.919Z INFO  req-104534 /api/health status=200 dur_ms=78
2026-09-30T00:34:05.651Z INFO  req-104535 /api/orders status=200 dur_ms=66
2026-09-30T00:34:05.844Z WARN  req-104536 fx rate cache miss for GBP, using fallback table
2026-09-30T00:34:05.844Z INFO  req-104536 /api/cart status=200 dur_ms=30
2026-09-30T00:34:05.935Z INFO  req-104537 /api/cart status=200 dur_ms=47
2026-09-30T00:34:06.412Z INFO  req-104538 /api/login status=200 dur_ms=33
2026-09-30T00:34:06.766Z INFO  req-104539 /api/health status=200 dur_ms=83
2026-09-30T00:34:06.904Z INFO  req-104540 /api/cart status=200 dur_ms=115
2026-09-30T00:34:07.683Z INFO  req-104541 /api/login status=200 dur_ms=53
2026-09-30T00:34:07.777Z INFO  req-104542 /api/orders status=200 dur_ms=113
2026-09-30T00:34:08.187Z INFO  req-104543 /api/orders status=200 dur_ms=12
2026-09-30T00:34:08.849Z INFO  req-104544 /api/orders status=200 dur_ms=22
2026-09-30T00:34:09.069Z INFO  req-104545 /api/login status=200 dur_ms=85
2026-09-30T00:34:09.931Z INFO  req-104546 /api/health status=200 dur_ms=30
2026-09-30T00:34:10.169Z INFO  req-104547 /api/catalog status=200 dur_ms=44
2026-09-30T00:34:10.205Z INFO  req-104548 /api/orders status=200 dur_ms=16
2026-09-30T00:34:10.224Z INFO  req-104549 /api/cart status=200 dur_ms=100
2026-09-30T00:34:10.735Z INFO  req-104550 /api/orders status=200 dur_ms=39
2026-09-30T00:34:10.885Z INFO  req-104551 /api/health status=200 dur_ms=97
2026-09-30T00:34:11.513Z INFO  req-104552 /api/health status=200 dur_ms=101
2026-09-30T00:34:11.961Z INFO  req-104553 /api/health status=200 dur_ms=38
2026-09-30T00:34:12.428Z INFO  req-104554 /api/orders status=200 dur_ms=56
2026-09-30T00:34:13.091Z INFO  req-104555 /api/catalog status=200 dur_ms=50
2026-09-30T00:34:13.189Z INFO  req-104556 /api/catalog status=200 dur_ms=71
2026-09-30T00:34:13.305Z INFO  req-104557 /api/orders status=200 dur_ms=44
2026-09-30T00:34:13.493Z INFO  req-104558 /api/login status=200 dur_ms=25
2026-09-30T00:34:13.733Z INFO  req-104559 /api/login status=200 dur_ms=27
2026-09-30T00:34:13.857Z INFO  req-104560 /api/login status=200 dur_ms=59
2026-09-30T00:34:14.513Z INFO  req-104561 /api/catalog status=200 dur_ms=18
2026-09-30T00:34:15.313Z INFO  req-104562 /api/cart status=200 dur_ms=73
2026-09-30T00:34:15.507Z INFO  req-104563 /api/catalog status=200 dur_ms=37
2026-09-30T00:34:15.980Z INFO  req-104564 /api/cart status=200 dur_ms=54
2026-09-30T00:34:16.368Z INFO  req-104565 /api/login status=200 dur_ms=33
2026-09-30T00:34:16.893Z WARN  req-104566 fx rate cache miss for USD, using fallback table
2026-09-30T00:34:16.893Z INFO  req-104566 /api/health status=200 dur_ms=41
2026-09-30T00:34:17.305Z INFO  req-104567 /api/login status=200 dur_ms=32
2026-09-30T00:34:17.652Z INFO  req-104568 /api/cart status=200 dur_ms=4
2026-09-30T00:34:17.955Z INFO  req-104569 /api/health status=200 dur_ms=7
2026-09-30T00:34:18.443Z INFO  req-104570 /api/health status=200 dur_ms=13
2026-09-30T00:34:19.284Z INFO  req-104571 /api/cart status=200 dur_ms=59
2026-09-30T00:34:19.908Z INFO  req-104572 /api/orders status=200 dur_ms=31
2026-09-30T00:34:20.040Z INFO  req-104573 /api/orders status=200 dur_ms=11
2026-09-30T00:34:20.430Z INFO  req-104574 /api/catalog status=200 dur_ms=55
2026-09-30T00:34:20.688Z INFO  req-104575 /api/orders status=200 dur_ms=88
2026-09-30T00:34:21.468Z INFO  req-104576 /api/login status=200 dur_ms=27
2026-09-30T00:34:22.168Z INFO  req-104577 /api/cart status=200 dur_ms=53
2026-09-30T00:34:22.176Z INFO  req-104578 /api/orders status=200 dur_ms=11
2026-09-30T00:34:22.544Z INFO  req-104579 /api/cart status=200 dur_ms=27
2026-09-30T00:34:23.090Z INFO  req-104580 /api/health status=200 dur_ms=29
2026-09-30T00:34:23.419Z INFO  req-104581 /api/orders status=200 dur_ms=108
2026-09-30T00:34:23.912Z WARN  req-104582 /api/catalog status=404 dur_ms=20
2026-09-30T00:34:24.270Z ERROR req-104583 upstream timeout calling payments, retrying (1/3)
2026-09-30T00:34:24.270Z INFO  req-104583 /api/cart retry ok
2026-09-30T00:34:24.270Z INFO  req-104583 /api/cart status=200 dur_ms=1859
2026-09-30T00:34:25.139Z INFO  req-104584 /api/login status=200 dur_ms=78
2026-09-30T00:34:25.451Z INFO  req-104585 /api/health status=200 dur_ms=92
2026-09-30T00:34:26.069Z INFO  req-104586 /api/login status=200 dur_ms=17
2026-09-30T00:34:26.413Z INFO  req-104587 /api/login status=200 dur_ms=69
2026-09-30T00:34:27.297Z INFO  req-104588 /api/cart status=200 dur_ms=65
2026-09-30T00:34:28.138Z INFO  req-104589 /api/catalog status=200 dur_ms=11
2026-09-30T00:34:28.746Z INFO  req-104590 /api/cart status=200 dur_ms=40
2026-09-30T00:34:28.754Z INFO  req-104591 /api/catalog status=200 dur_ms=84
2026-09-30T00:34:29.008Z WARN  req-104592 fx rate cache miss for USD, using fallback table
2026-09-30T00:34:29.008Z INFO  req-104592 /api/cart status=200 dur_ms=43
2026-09-30T00:34:29.561Z INFO  req-104593 /api/cart status=200 dur_ms=107
2026-09-30T00:34:29.914Z ERROR req-104594 upstream timeout calling payments, retrying (1/3)
2026-09-30T00:34:29.914Z INFO  req-104594 /api/health retry ok
2026-09-30T00:34:29.914Z INFO  req-104594 /api/health status=200 dur_ms=1834
2026-09-30T00:34:30.144Z INFO  req-104595 /api/catalog status=200 dur_ms=45
2026-09-30T00:34:30.830Z INFO  req-104596 /api/health status=200 dur_ms=63
2026-09-30T00:34:30.877Z INFO  req-104597 /api/login status=200 dur_ms=68
2026-09-30T00:34:31.106Z INFO  req-104598 /api/orders status=200 dur_ms=32
2026-09-30T00:34:31.896Z INFO  req-104599 /api/catalog status=200 dur_ms=101
2026-09-30T00:34:32.323Z INFO  req-104600 /api/login status=200 dur_ms=78
2026-09-30T00:34:32.397Z INFO  req-104601 /api/catalog status=200 dur_ms=80
2026-09-30T00:34:33.174Z INFO  req-104602 /api/health status=200 dur_ms=20
2026-09-30T00:34:33.779Z INFO  req-104603 /api/orders status=200 dur_ms=50
2026-09-30T00:34:34.224Z INFO  req-104604 /api/cart status=200 dur_ms=40
2026-09-30T00:34:35.087Z INFO  req-104605 /api/catalog status=200 dur_ms=117
2026-09-30T00:34:35.735Z INFO  req-104606 /api/health status=200 dur_ms=101
2026-09-30T00:34:36.161Z INFO  req-104607 /api/cart status=200 dur_ms=13
2026-09-30T00:34:36.532Z INFO  req-104608 /api/health status=200 dur_ms=51
2026-09-30T00:34:36.956Z INFO  req-104609 /api/cart status=200 dur_ms=84
2026-09-30T00:34:37.770Z INFO  req-104610 /api/cart status=200 dur_ms=102
2026-09-30T00:34:38.078Z INFO  req-104611 /api/orders status=200 dur_ms=105
2026-09-30T00:34:38.838Z INFO  req-104612 /api/orders status=200 dur_ms=119
2026-09-30T00:34:39.502Z WARN  req-104613 /api/health status=401 dur_ms=22
2026-09-30T00:34:39.876Z INFO  req-104614 /api/health status=200 dur_ms=36
2026-09-30T00:34:39.986Z INFO  req-104615 /api/health status=200 dur_ms=60
2026-09-30T00:34:40.090Z ERROR req-104616 upstream timeout calling payments, retrying (1/3)
2026-09-30T00:34:40.090Z INFO  req-104616 /api/cart retry ok
2026-09-30T00:34:40.090Z INFO  req-104616 /api/cart status=200 dur_ms=1154
2026-09-30T00:34:40.549Z INFO  req-104617 /api/health status=200 dur_ms=115
2026-09-30T00:34:40.873Z INFO  req-104618 /api/orders status=200 dur_ms=93
2026-09-30T00:34:41.425Z INFO  req-104619 /api/cart status=200 dur_ms=75
2026-09-30T00:34:41.817Z INFO  req-104620 /api/cart status=200 dur_ms=99
2026-09-30T00:34:42.230Z ERROR req-104621 upstream timeout calling payments, retrying (1/3)
2026-09-30T00:34:42.230Z INFO  req-104621 /api/health retry ok
2026-09-30T00:34:42.230Z INFO  req-104621 /api/health status=200 dur_ms=536
2026-09-30T00:34:42.779Z INFO  req-104622 /api/catalog status=200 dur_ms=80
2026-09-30T00:34:43.357Z INFO  req-104623 /api/catalog status=200 dur_ms=108
2026-09-30T00:34:44.072Z INFO  req-104624 /api/cart status=200 dur_ms=48
2026-09-30T00:34:44.850Z INFO  req-104625 /api/login status=200 dur_ms=67
2026-09-30T00:34:45.530Z INFO  req-104626 /api/orders status=200 dur_ms=81
2026-09-30T00:34:45.977Z INFO  req-104627 /api/cart status=200 dur_ms=72
2026-09-30T00:34:46.333Z INFO  req-104628 /api/orders status=200 dur_ms=71
2026-09-30T00:34:46.357Z INFO  req-104629 /api/login status=200 dur_ms=115
2026-09-30T00:34:46.859Z INFO  req-104630 /api/cart status=200 dur_ms=115
2026-09-30T00:34:47.340Z INFO  req-104631 /api/login status=200 dur_ms=37
2026-09-30T00:34:47.381Z INFO  req-104632 /api/login status=200 dur_ms=87
2026-09-30T00:34:47.994Z INFO  req-104633 /api/cart status=200 dur_ms=17
2026-09-30T00:34:48.293Z INFO  req-104634 /api/health status=200 dur_ms=103
2026-09-30T00:34:48.463Z INFO  req-104635 /api/orders status=200 dur_ms=93
2026-09-30T00:34:48.986Z INFO  req-104636 /api/orders status=200 dur_ms=19
2026-09-30T00:34:49.787Z INFO  req-104637 /api/login status=200 dur_ms=43
2026-09-30T00:34:50.199Z INFO  req-104638 /api/cart status=200 dur_ms=89
2026-09-30T00:34:50.985Z INFO  req-104639 /api/health status=200 dur_ms=41
2026-09-30T00:34:51.422Z INFO  req-104640 /api/login status=200 dur_ms=90
2026-09-30T00:34:51.520Z ERROR req-104641 upstream timeout calling payments, retrying (1/3)
2026-09-30T00:34:51.520Z INFO  req-104641 /api/orders retry ok
2026-09-30T00:34:51.520Z INFO  req-104641 /api/orders status=200 dur_ms=1612
2026-09-30T00:34:51.769Z INFO  req-104642 /api/catalog status=200 dur_ms=65
2026-09-30T00:34:51.877Z WARN  req-104643 /api/cart status=401 dur_ms=23
2026-09-30T00:34:52.687Z INFO  req-104644 /api/orders status=200 dur_ms=4
2026-09-30T00:34:53.510Z INFO  req-104645 /api/catalog status=200 dur_ms=71
2026-09-30T00:34:53.993Z INFO  req-104646 /api/health status=200 dur_ms=41
2026-09-30T00:34:54.583Z INFO  req-104647 /api/login status=200 dur_ms=53
2026-09-30T00:34:55.151Z INFO  req-104648 /api/cart status=200 dur_ms=75
2026-09-30T00:34:55.968Z INFO  req-104649 /api/catalog status=200 dur_ms=46
2026-09-30T00:34:56.534Z INFO  req-104650 /api/orders status=200 dur_ms=3
2026-09-30T00:34:56.742Z INFO  req-104651 /api/cart status=200 dur_ms=66
2026-09-30T00:34:57.562Z INFO  req-104652 /api/login status=200 dur_ms=22
2026-09-30T00:34:57.952Z INFO  req-104653 /api/catalog status=200 dur_ms=13
2026-09-30T00:34:58.838Z INFO  req-104654 /api/health status=200 dur_ms=52
2026-09-30T00:34:59.272Z INFO  req-104655 /api/login status=200 dur_ms=25
2026-09-30T00:34:59.943Z INFO  req-104656 /api/orders status=200 dur_ms=100
2026-09-30T00:35:00.081Z INFO  req-104657 /api/login status=200 dur_ms=35
2026-09-30T00:35:00.773Z INFO  req-104658 /api/health status=200 dur_ms=69
2026-09-30T00:35:01.557Z INFO  req-104659 /api/catalog status=200 dur_ms=23
2026-09-30T00:35:01.831Z INFO  req-104660 /api/health status=200 dur_ms=8
2026-09-30T00:35:02.111Z INFO  req-104661 /api/orders status=200 dur_ms=101
2026-09-30T00:35:02.349Z INFO  req-104662 /api/cart status=200 dur_ms=28
2026-09-30T00:35:03.048Z INFO  req-104663 /api/cart status=200 dur_ms=27
2026-09-30T00:35:03.396Z INFO  req-104664 /api/login status=200 dur_ms=44
2026-09-30T00:35:04.048Z INFO  req-104665 /api/catalog status=200 dur_ms=92
2026-09-30T00:35:04.528Z ERROR req-104666 upstream timeout calling payments, retrying (1/3)
2026-09-30T00:35:04.528Z INFO  req-104666 /api/orders retry ok
2026-09-30T00:35:04.528Z INFO  req-104666 /api/orders status=200 dur_ms=798
2026-09-30T00:35:04.929Z INFO  req-104667 /api/login status=200 dur_ms=59
2026-09-30T00:35:04.936Z INFO  req-104668 /api/orders status=200 dur_ms=118
2026-09-30T00:35:05.674Z INFO  req-104669 /api/login status=200 dur_ms=12
2026-09-30T00:35:06.390Z INFO  req-104670 /api/catalog status=200 dur_ms=39
2026-09-30T00:35:06.860Z WARN  req-104671 /api/catalog status=429 dur_ms=15
2026-09-30T00:35:07.001Z INFO  req-104672 /api/orders status=200 dur_ms=28
2026-09-30T00:35:07.651Z INFO  req-104673 /api/login status=200 dur_ms=70
2026-09-30T00:35:08.342Z INFO  req-104674 /api/cart status=200 dur_ms=110
2026-09-30T00:35:09.008Z INFO  req-104675 /api/orders status=200 dur_ms=83
2026-09-30T00:35:09.449Z INFO  req-104676 /api/orders status=200 dur_ms=48
2026-09-30T00:35:10.162Z INFO  req-104677 /api/health status=200 dur_ms=53
2026-09-30T00:35:10.998Z INFO  req-104678 /api/orders status=200 dur_ms=55
2026-09-30T00:35:11.413Z INFO  req-104679 /api/cart status=200 dur_ms=25
2026-09-30T00:35:11.512Z INFO  req-104680 /api/orders status=200 dur_ms=32
2026-09-30T00:35:11.684Z INFO  req-104681 /api/health status=200 dur_ms=2
2026-09-30T00:35:12.077Z WARN  req-104682 /api/catalog status=401 dur_ms=32
2026-09-30T00:35:12.615Z INFO  req-104683 /api/orders status=200 dur_ms=6
2026-09-30T00:35:12.742Z ERROR req-104684 upstream timeout calling payments, retrying (1/3)
2026-09-30T00:35:12.742Z INFO  req-104684 /api/cart retry ok
2026-09-30T00:35:12.742Z INFO  req-104684 /api/cart status=200 dur_ms=449
2026-09-30T00:35:13.087Z INFO  req-104685 /api/cart status=200 dur_ms=43
2026-09-30T00:35:13.227Z INFO  req-104686 /api/cart status=200 dur_ms=33
2026-09-30T00:35:13.456Z INFO  req-104687 /api/cart status=200 dur_ms=87
2026-09-30T00:35:14.028Z INFO  req-104688 /api/orders status=200 dur_ms=47
2026-09-30T00:35:14.615Z INFO  req-104689 /api/catalog status=200 dur_ms=45
2026-09-30T00:35:14.961Z INFO  req-104690 /api/health status=200 dur_ms=101
2026-09-30T00:35:15.246Z INFO  req-104691 /api/login status=200 dur_ms=20
2026-09-30T00:35:15.905Z INFO  req-104692 /api/catalog status=200 dur_ms=84
2026-09-30T00:35:16.281Z WARN  req-104693 /api/login status=401 dur_ms=15
2026-09-30T00:35:16.610Z INFO  req-104694 /api/catalog status=200 dur_ms=115
2026-09-30T00:35:16.622Z INFO  req-104695 /api/cart status=200 dur_ms=32
2026-09-30T00:35:17.189Z INFO  req-104696 /api/catalog status=200 dur_ms=11
2026-09-30T00:35:17.364Z WARN  req-104697 /api/orders status=401 dur_ms=25
2026-09-30T00:35:18.118Z INFO  req-104698 /api/login status=200 dur_ms=7
2026-09-30T00:35:18.724Z INFO  req-104699 /api/catalog status=200 dur_ms=22
2026-09-30T00:35:19.054Z INFO  req-104700 /api/health status=200 dur_ms=41
2026-09-30T00:35:19.284Z INFO  req-104701 /api/cart status=200 dur_ms=77
2026-09-30T00:35:19.861Z INFO  req-104702 /api/health status=200 dur_ms=37
2026-09-30T00:35:20.227Z ERROR req-104703 upstream timeout calling payments, retrying (1/3)
2026-09-30T00:35:20.227Z INFO  req-104703 /api/login retry ok
2026-09-30T00:35:20.227Z INFO  req-104703 /api/login status=200 dur_ms=1624
2026-09-30T00:35:20.548Z INFO  req-104704 /api/health status=200 dur_ms=54
2026-09-30T00:35:21.291Z INFO  req-104705 /api/login status=200 dur_ms=7
2026-09-30T00:35:21.817Z INFO  req-104706 /api/health status=200 dur_ms=112
2026-09-30T00:35:22.262Z INFO  req-104707 /api/orders status=200 dur_ms=94
2026-09-30T00:35:23.097Z ERROR req-104708 upstream timeout calling payments, retrying (1/3)
2026-09-30T00:35:23.097Z INFO  req-104708 /api/orders retry ok
2026-09-30T00:35:23.097Z INFO  req-104708 /api/orders status=200 dur_ms=1264
2026-09-30T00:35:23.505Z INFO  req-104709 /api/cart status=200 dur_ms=97
2026-09-30T00:35:24.357Z WARN  req-104710 /api/orders status=400 dur_ms=29
2026-09-30T00:35:24.518Z INFO  req-104711 /api/health status=200 dur_ms=87
2026-09-30T00:35:24.572Z INFO  req-104712 /api/cart status=200 dur_ms=13
2026-09-30T00:35:24.903Z INFO  req-104713 /api/orders status=200 dur_ms=39
2026-09-30T00:35:24.996Z INFO  req-104714 /api/health status=200 dur_ms=83
2026-09-30T00:35:25.835Z INFO  req-104715 /api/catalog status=200 dur_ms=99
2026-09-30T00:35:26.026Z INFO  req-104716 /api/health status=200 dur_ms=43
2026-09-30T00:35:26.245Z INFO  req-104717 /api/orders status=200 dur_ms=111
2026-09-30T00:35:26.478Z INFO  req-104718 /api/cart status=200 dur_ms=15
2026-09-30T00:35:26.489Z INFO  req-104719 /api/catalog status=200 dur_ms=51
2026-09-30T00:35:27.278Z INFO  req-104720 /api/login status=200 dur_ms=42
2026-09-30T00:35:27.867Z INFO  req-104721 /api/orders status=200 dur_ms=20
2026-09-30T00:35:28.593Z INFO  req-104722 /api/login status=200 dur_ms=68
2026-09-30T00:35:29.279Z INFO  req-104723 /api/login status=200 dur_ms=57
2026-09-30T00:35:29.585Z INFO  req-104724 /api/catalog status=200 dur_ms=107
2026-09-30T00:35:29.783Z INFO  req-104725 /api/orders status=200 dur_ms=34
2026-09-30T00:35:29.808Z INFO  req-104726 /api/cart status=200 dur_ms=6
2026-09-30T00:35:30.622Z INFO  req-104727 /api/catalog status=200 dur_ms=101
2026-09-30T00:35:31.074Z ERROR req-104728 upstream timeout calling payments, retrying (1/3)
2026-09-30T00:35:31.074Z INFO  req-104728 /api/cart retry ok
2026-09-30T00:35:31.074Z INFO  req-104728 /api/cart status=200 dur_ms=756
2026-09-30T00:35:31.292Z INFO  req-104729 /api/cart status=200 dur_ms=76
2026-09-30T00:35:31.822Z INFO  req-104730 /api/orders status=200 dur_ms=38
2026-09-30T00:35:32.195Z INFO  req-104731 /api/orders status=200 dur_ms=86
2026-09-30T00:35:32.482Z INFO  req-104732 /api/login status=200 dur_ms=28
2026-09-30T00:35:32.551Z INFO  req-104733 /api/catalog status=200 dur_ms=24
2026-09-30T00:35:32.605Z INFO  req-104734 /api/health status=200 dur_ms=111
2026-09-30T00:35:32.887Z INFO  req-104735 /api/cart status=200 dur_ms=27
2026-09-30T00:35:33.051Z INFO  req-104736 /api/cart status=200 dur_ms=119
2026-09-30T00:35:33.902Z INFO  req-104737 /api/orders status=200 dur_ms=79
2026-09-30T00:35:34.299Z INFO  req-104738 /api/health status=200 dur_ms=36
2026-09-30T00:35:34.917Z WARN  req-104739 /api/login status=429 dur_ms=22
2026-09-30T00:35:35.122Z INFO  req-104740 /api/login status=200 dur_ms=42
2026-09-30T00:35:35.808Z INFO  req-104741 /api/login status=200 dur_ms=108
2026-09-30T00:35:35.967Z INFO  req-104742 /api/health status=200 dur_ms=32
2026-09-30T00:35:36.800Z INFO  req-104743 /api/catalog status=200 dur_ms=52
2026-09-30T00:35:37.665Z INFO  req-104744 /api/health status=200 dur_ms=44
2026-09-30T00:35:38.482Z INFO  req-104745 /api/login status=200 dur_ms=72
2026-09-30T00:35:38.846Z INFO  req-104746 /api/cart status=200 dur_ms=84
2026-09-30T00:35:38.924Z INFO  req-104747 /api/cart status=200 dur_ms=61
2026-09-30T00:35:39.032Z WARN  req-104748 fx rate cache miss for GBP, using fallback table
2026-09-30T00:35:39.032Z INFO  req-104748 /api/orders status=200 dur_ms=9
2026-09-30T00:35:39.822Z INFO  req-104749 /api/catalog status=200 dur_ms=20
2026-09-30T00:35:40.410Z INFO  req-104750 /api/orders status=200 dur_ms=25
2026-09-30T00:35:40.486Z INFO  req-104751 /api/cart status=200 dur_ms=114
2026-09-30T00:35:40.687Z INFO  req-104752 /api/login status=200 dur_ms=99
2026-09-30T00:35:41.540Z INFO  req-104753 /api/cart status=200 dur_ms=103
2026-09-30T00:35:42.090Z INFO  req-104754 /api/health status=200 dur_ms=27
2026-09-30T00:35:42.680Z INFO  req-104755 /api/catalog status=200 dur_ms=33
2026-09-30T00:35:42.747Z INFO  req-104756 /api/orders status=200 dur_ms=30
2026-09-30T00:35:43.363Z INFO  req-104757 /api/cart status=200 dur_ms=104
2026-09-30T00:35:43.555Z INFO  req-104758 /api/health status=200 dur_ms=115
2026-09-30T00:35:43.953Z INFO  req-104759 /api/cart status=200 dur_ms=77
2026-09-30T00:35:44.446Z INFO  req-104760 /api/catalog status=200 dur_ms=105
2026-09-30T00:35:44.488Z INFO  req-104761 /api/login status=200 dur_ms=42
2026-09-30T00:35:44.765Z INFO  req-104762 /api/catalog status=200 dur_ms=5
2026-09-30T00:35:45.573Z INFO  req-104763 /api/orders status=200 dur_ms=57
2026-09-30T00:35:45.997Z INFO  req-104764 /api/catalog status=200 dur_ms=54
2026-09-30T00:35:46.312Z INFO  req-104765 /api/login status=200 dur_ms=115
2026-09-30T00:35:47.045Z INFO  req-104766 /api/cart status=200 dur_ms=53
2026-09-30T00:35:47.687Z INFO  req-104767 /api/health status=200 dur_ms=25
2026-09-30T00:35:48.138Z INFO  req-104768 /api/orders status=200 dur_ms=41
2026-09-30T00:35:48.869Z INFO  req-104769 /api/login status=200 dur_ms=57
2026-09-30T00:35:49.142Z INFO  req-104770 /api/health status=200 dur_ms=75
2026-09-30T00:35:49.279Z INFO  req-104771 /api/orders status=200 dur_ms=43
2026-09-30T00:35:49.658Z INFO  req-104772 /api/orders status=200 dur_ms=42
2026-09-30T00:35:49.776Z INFO  req-104773 /api/orders status=200 dur_ms=82
2026-09-30T00:35:50.001Z ERROR req-104774 upstream timeout calling payments, retrying (1/3)
2026-09-30T00:35:50.001Z INFO  req-104774 /api/health retry ok
2026-09-30T00:35:50.001Z INFO  req-104774 /api/health status=200 dur_ms=1686
2026-09-30T00:35:50.385Z WARN  req-104775 /api/orders status=401 dur_ms=16
2026-09-30T00:35:50.904Z ERROR req-104776 upstream timeout calling payments, retrying (1/3)
2026-09-30T00:35:50.904Z INFO  req-104776 /api/cart retry ok
2026-09-30T00:35:50.904Z INFO  req-104776 /api/cart status=200 dur_ms=1917
2026-09-30T00:35:51.025Z INFO  req-104777 /api/catalog status=200 dur_ms=4
2026-09-30T00:35:51.884Z INFO  req-104778 /api/catalog status=200 dur_ms=55
2026-09-30T00:35:52.404Z INFO  req-104779 /api/orders status=200 dur_ms=7
2026-09-30T00:35:52.562Z INFO  req-104780 /api/catalog status=200 dur_ms=26
2026-09-30T00:35:53.209Z INFO  req-104781 /api/login status=200 dur_ms=73
2026-09-30T00:35:53.568Z INFO  req-104782 /api/login status=200 dur_ms=2
2026-09-30T00:35:54.252Z INFO  req-104783 /api/health status=200 dur_ms=96
2026-09-30T00:35:54.756Z INFO  req-104784 /api/cart status=200 dur_ms=31
2026-09-30T00:35:54.906Z INFO  req-104785 /api/health status=200 dur_ms=52
2026-09-30T00:35:55.482Z INFO  req-104786 /api/health status=200 dur_ms=33
2026-09-30T00:35:55.633Z INFO  req-104787 /api/catalog status=200 dur_ms=119
2026-09-30T00:35:56.476Z INFO  req-104788 /api/login status=200 dur_ms=47
2026-09-30T00:35:57.049Z INFO  req-104789 /api/orders status=200 dur_ms=52
2026-09-30T00:35:57.496Z INFO  req-104790 /api/login status=200 dur_ms=74
2026-09-30T00:35:58.104Z INFO  req-104791 /api/catalog status=200 dur_ms=8
2026-09-30T00:35:58.810Z INFO  req-104792 /api/orders status=200 dur_ms=31
2026-09-30T00:35:59.243Z INFO  req-104793 /api/login status=200 dur_ms=31
2026-09-30T00:35:59.643Z INFO  req-104794 /api/health status=200 dur_ms=20
2026-09-30T00:36:00.452Z WARN  req-104795 /api/login status=400 dur_ms=18
2026-09-30T00:36:00.803Z INFO  req-104796 /api/catalog status=200 dur_ms=94
2026-09-30T00:36:00.939Z INFO  req-104797 /api/login status=200 dur_ms=43
2026-09-30T00:36:01.056Z INFO  req-104798 /api/cart status=200 dur_ms=30
2026-09-30T00:36:01.451Z INFO  req-104799 /api/orders status=200 dur_ms=85
2026-09-30T00:36:02.162Z INFO  req-104800 /api/catalog status=200 dur_ms=16
2026-09-30T00:36:02.722Z INFO  req-104801 /api/cart status=200 dur_ms=65
2026-09-30T00:36:03.008Z INFO  req-104802 /api/catalog status=200 dur_ms=7
2026-09-30T00:36:03.052Z INFO  req-104803 /api/catalog status=200 dur_ms=5
2026-09-30T00:36:03.185Z WARN  req-104804 /api/catalog status=404 dur_ms=34
2026-09-30T00:36:04.010Z INFO  req-104805 /api/health status=200 dur_ms=55
2026-09-30T00:36:04.068Z INFO  req-104806 /api/orders status=200 dur_ms=85
2026-09-30T00:36:04.221Z INFO  req-104807 /api/cart status=200 dur_ms=46
2026-09-30T00:36:04.687Z WARN  req-104808 /api/login status=429 dur_ms=37
2026-09-30T00:36:04.765Z INFO  req-104809 /api/login status=200 dur_ms=34
2026-09-30T00:36:05.094Z INFO  req-104810 /api/health status=200 dur_ms=68
2026-09-30T00:36:05.190Z INFO  req-104811 /api/login status=200 dur_ms=110
2026-09-30T00:36:05.987Z INFO  req-104812 /api/catalog status=200 dur_ms=43
2026-09-30T00:36:06.545Z INFO  req-104813 /api/catalog status=200 dur_ms=66
2026-09-30T00:36:07.061Z INFO  req-104814 /api/cart status=200 dur_ms=45
2026-09-30T00:36:07.593Z INFO  req-104815 /api/catalog status=200 dur_ms=23
2026-09-30T00:36:07.715Z INFO  req-104816 /api/cart status=200 dur_ms=22
2026-09-30T00:36:07.732Z INFO  req-104817 /api/catalog status=200 dur_ms=66
2026-09-30T00:36:07.936Z INFO  req-104818 /api/health status=200 dur_ms=116
2026-09-30T00:36:08.204Z INFO  req-104819 /api/health status=200 dur_ms=102
2026-09-30T00:36:08.858Z INFO  req-104820 /api/health status=200 dur_ms=2
2026-09-30T00:36:09.225Z INFO  req-104821 /api/health status=200 dur_ms=105
2026-09-30T00:36:09.545Z INFO  req-104822 /api/orders status=200 dur_ms=78
2026-09-30T00:36:10.072Z INFO  req-104823 /api/orders status=200 dur_ms=58
2026-09-30T00:36:10.163Z INFO  req-104824 /api/cart status=200 dur_ms=93
2026-09-30T00:36:10.720Z INFO  req-104825 /api/catalog status=200 dur_ms=113
2026-09-30T00:36:11.318Z INFO  req-104826 /api/catalog status=200 dur_ms=14
2026-09-30T00:36:11.783Z INFO  req-104827 /api/catalog status=200 dur_ms=5
2026-09-30T00:36:12.575Z ERROR req-104828 upstream timeout calling payments, retrying (1/3)
2026-09-30T00:36:12.575Z INFO  req-104828 /api/login retry ok
2026-09-30T00:36:12.575Z INFO  req-104828 /api/login status=200 dur_ms=578
2026-09-30T00:36:13.310Z INFO  req-104829 /api/login status=200 dur_ms=110
2026-09-30T00:36:13.702Z INFO  req-104830 /api/health status=200 dur_ms=107
2026-09-30T00:36:14.246Z ERROR req-104831 upstream timeout calling payments, retrying (1/3)
2026-09-30T00:36:14.246Z INFO  req-104831 /api/orders retry ok
2026-09-30T00:36:14.246Z INFO  req-104831 /api/orders status=200 dur_ms=719
2026-09-30T00:36:14.278Z WARN  req-104832 fx rate cache miss for GBP, using fallback table
2026-09-30T00:36:14.278Z INFO  req-104832 /api/health status=200 dur_ms=81
2026-09-30T00:36:14.549Z INFO  req-104833 /api/catalog status=200 dur_ms=35
2026-09-30T00:36:14.737Z INFO  req-104834 /api/orders status=200 dur_ms=52
2026-09-30T00:36:14.894Z INFO  req-104835 /api/cart status=200 dur_ms=58
2026-09-30T00:36:15.308Z INFO  req-104836 /api/health status=200 dur_ms=104
2026-09-30T00:36:16.084Z WARN  req-104837 fx rate cache miss for GBP, using fallback table
2026-09-30T00:36:16.084Z INFO  req-104837 /api/orders status=200 dur_ms=50
2026-09-30T00:36:16.253Z INFO  req-104838 /api/login status=200 dur_ms=51
2026-09-30T00:36:16.658Z INFO  req-104839 /api/health status=200 dur_ms=94
2026-09-30T00:36:17.380Z INFO  req-104840 /api/catalog status=200 dur_ms=63
2026-09-30T00:36:18.024Z INFO  req-104841 /api/health status=200 dur_ms=112
2026-09-30T00:36:18.153Z INFO  req-104842 /api/login status=200 dur_ms=87
2026-09-30T00:36:18.197Z INFO  req-104843 /api/login status=200 dur_ms=115
2026-09-30T00:36:18.661Z INFO  req-104844 /api/health status=200 dur_ms=32
2026-09-30T00:36:19.199Z INFO  req-104845 /api/catalog status=200 dur_ms=55
2026-09-30T00:36:20.036Z INFO  req-104846 /api/catalog status=200 dur_ms=45
2026-09-30T00:36:20.407Z INFO  req-104847 /api/health status=200 dur_ms=80
2026-09-30T00:36:20.645Z INFO  req-104848 /api/health status=200 dur_ms=77
2026-09-30T00:36:21.488Z INFO  req-104849 /api/health status=200 dur_ms=106
2026-09-30T00:36:22.010Z INFO  req-104850 /api/health status=200 dur_ms=43
2026-09-30T00:36:22.776Z INFO  req-104851 /api/orders status=200 dur_ms=89
2026-09-30T00:36:22.965Z INFO  req-104852 /api/login status=200 dur_ms=74
2026-09-30T00:36:23.455Z INFO  req-104853 /api/orders status=200 dur_ms=115
2026-09-30T00:36:23.609Z INFO  req-104854 /api/cart status=200 dur_ms=40
2026-09-30T00:36:24.279Z INFO  req-104855 /api/catalog status=200 dur_ms=41
2026-09-30T00:36:24.570Z INFO  req-104856 /api/cart status=200 dur_ms=64
2026-09-30T00:36:25.282Z INFO  req-104857 /api/cart status=200 dur_ms=120
2026-09-30T00:36:26.018Z INFO  req-104858 /api/catalog status=200 dur_ms=103
2026-09-30T00:36:26.158Z INFO  req-104859 /api/cart status=200 dur_ms=114
2026-09-30T00:36:26.561Z INFO  req-104860 /api/health status=200 dur_ms=103
2026-09-30T00:36:26.569Z INFO  req-104861 /api/health status=200 dur_ms=44
2026-09-30T00:36:27.105Z INFO  req-104862 /api/catalog status=200 dur_ms=86
2026-09-30T00:36:27.824Z INFO  req-104863 /api/login status=200 dur_ms=92
2026-09-30T00:36:28.400Z INFO  req-104864 /api/cart status=200 dur_ms=70
2026-09-30T00:36:28.873Z INFO  req-104865 /api/health status=200 dur_ms=28
2026-09-30T00:36:29.194Z INFO  req-104866 /api/catalog status=200 dur_ms=74
2026-09-30T00:36:30.063Z INFO  req-104867 /api/cart status=200 dur_ms=99
2026-09-30T00:36:30.604Z INFO  req-104868 /api/login status=200 dur_ms=71
2026-09-30T00:36:31.093Z INFO  req-104869 /api/health status=200 dur_ms=86
2026-09-30T00:36:31.434Z INFO  req-104870 /api/cart status=200 dur_ms=96
2026-09-30T00:36:31.995Z INFO  req-104871 /api/login status=200 dur_ms=72
2026-09-30T00:36:32.825Z INFO  req-104872 /api/login status=200 dur_ms=76
2026-09-30T00:36:32.896Z INFO  req-104873 /api/cart status=200 dur_ms=107
2026-09-30T00:36:33.138Z INFO  req-104874 /api/login status=200 dur_ms=11
2026-09-30T00:36:34.003Z INFO  req-104875 /api/cart status=200 dur_ms=63
2026-09-30T00:36:34.358Z INFO  req-104876 /api/orders status=200 dur_ms=70
2026-09-30T00:36:34.702Z INFO  req-104877 /api/login status=200 dur_ms=55
2026-09-30T00:36:35.031Z INFO  req-104878 /api/login status=200 dur_ms=76
2026-09-30T00:36:35.576Z INFO  req-104879 /api/orders status=200 dur_ms=85
2026-09-30T00:36:36.407Z ERROR req-104880 upstream timeout calling payments, retrying (1/3)
2026-09-30T00:36:36.407Z INFO  req-104880 /api/login retry ok
2026-09-30T00:36:36.407Z INFO  req-104880 /api/login status=200 dur_ms=1547
2026-09-30T00:36:36.693Z INFO  req-104881 /api/orders status=200 dur_ms=43
2026-09-30T00:36:37.226Z WARN  req-104882 /api/catalog status=404 dur_ms=23
2026-09-30T00:36:37.581Z INFO  req-104883 /api/cart status=200 dur_ms=13
2026-09-30T00:36:38.152Z INFO  req-104884 /api/login status=200 dur_ms=47
2026-09-30T00:36:38.309Z INFO  req-104885 /api/catalog status=200 dur_ms=73
2026-09-30T00:36:38.716Z INFO  req-104886 /api/cart status=200 dur_ms=88
2026-09-30T00:36:38.841Z INFO  req-104887 /api/health status=200 dur_ms=21
2026-09-30T00:36:39.357Z INFO  req-104888 /api/health status=200 dur_ms=47
2026-09-30T00:36:39.729Z INFO  req-104889 /api/health status=200 dur_ms=66
2026-09-30T00:36:40.239Z INFO  req-104890 /api/login status=200 dur_ms=70
2026-09-30T00:36:40.571Z INFO  req-104891 /api/catalog status=200 dur_ms=84
2026-09-30T00:36:40.988Z INFO  req-104892 /api/orders status=200 dur_ms=24
2026-09-30T00:36:41.177Z INFO  req-104893 /api/health status=200 dur_ms=90
2026-09-30T00:36:41.337Z INFO  req-104894 /api/catalog status=200 dur_ms=106
2026-09-30T00:36:42.052Z INFO  req-104895 /api/login status=200 dur_ms=35
2026-09-30T00:36:42.908Z INFO  req-104896 /api/catalog status=200 dur_ms=112
2026-09-30T00:36:43.311Z INFO  req-104897 /api/cart status=200 dur_ms=99
2026-09-30T00:36:43.856Z INFO  req-104898 /api/catalog status=200 dur_ms=39
2026-09-30T00:36:44.135Z INFO  req-104899 /api/orders status=200 dur_ms=39
2026-09-30T00:36:44.875Z INFO  req-104900 /api/catalog status=200 dur_ms=60
2026-09-30T00:36:45.379Z INFO  req-104901 /api/login status=200 dur_ms=3
2026-09-30T00:36:45.768Z INFO  req-104902 /api/health status=200 dur_ms=29
2026-09-30T00:36:46.233Z INFO  req-104903 /api/orders status=200 dur_ms=97
2026-09-30T00:36:46.932Z INFO  req-104904 /api/orders status=200 dur_ms=35
2026-09-30T00:36:47.639Z INFO  req-104905 /api/orders status=200 dur_ms=107
2026-09-30T00:36:48.389Z ERROR req-104906 upstream timeout calling payments, retrying (1/3)
2026-09-30T00:36:48.389Z INFO  req-104906 /api/catalog retry ok
2026-09-30T00:36:48.389Z INFO  req-104906 /api/catalog status=200 dur_ms=1969
2026-09-30T00:36:48.695Z INFO  req-104907 /api/catalog status=200 dur_ms=101
2026-09-30T00:36:49.149Z INFO  req-104908 /api/health status=200 dur_ms=115
2026-09-30T00:36:49.241Z INFO  req-104909 /api/health status=200 dur_ms=14
2026-09-30T00:36:50.067Z INFO  req-104910 /api/cart status=200 dur_ms=55
2026-09-30T00:36:50.440Z INFO  req-104911 /api/orders status=200 dur_ms=55
2026-09-30T00:36:50.450Z INFO  req-104912 /api/health status=200 dur_ms=54
2026-09-30T00:36:50.852Z INFO  req-104913 /api/catalog status=200 dur_ms=69
2026-09-30T00:36:51.407Z INFO  req-104914 /api/login status=200 dur_ms=90
2026-09-30T00:36:51.538Z WARN  req-104915 /api/orders status=400 dur_ms=38
2026-09-30T00:36:52.286Z INFO  req-104916 /api/catalog status=200 dur_ms=107
2026-09-30T00:36:53.094Z INFO  req-104917 /api/orders status=200 dur_ms=33
2026-09-30T00:36:53.521Z INFO  req-104918 /api/catalog status=200 dur_ms=31
2026-09-30T00:36:53.787Z INFO  req-104919 /api/catalog status=200 dur_ms=52
2026-09-30T00:36:53.823Z INFO  req-104920 /api/login status=200 dur_ms=21
2026-09-30T00:36:54.572Z INFO  req-104921 /api/cart status=200 dur_ms=106
2026-09-30T00:36:54.681Z INFO  req-104922 /api/login status=200 dur_ms=116
2026-09-30T00:36:54.962Z INFO  req-104923 /api/login status=200 dur_ms=118
2026-09-30T00:36:55.328Z INFO  req-104924 /api/login status=200 dur_ms=105
2026-09-30T00:36:55.737Z INFO  req-104925 /api/orders status=200 dur_ms=92
2026-09-30T00:36:55.738Z INFO  req-104926 /api/health status=200 dur_ms=12
2026-09-30T00:36:55.826Z INFO  req-104927 /api/cart status=200 dur_ms=116
2026-09-30T00:36:56.197Z INFO  req-104928 /api/cart status=200 dur_ms=82
2026-09-30T00:36:56.312Z INFO  req-104929 /api/catalog status=200 dur_ms=94
2026-09-30T00:36:57.134Z ERROR req-104930 upstream timeout calling payments, retrying (1/3)
2026-09-30T00:36:57.134Z INFO  req-104930 /api/login retry ok
2026-09-30T00:36:57.134Z INFO  req-104930 /api/login status=200 dur_ms=1630
2026-09-30T00:36:57.157Z INFO  req-104931 /api/login status=200 dur_ms=66
2026-09-30T00:36:57.162Z INFO  req-104932 /api/orders status=200 dur_ms=35
2026-09-30T00:36:57.226Z INFO  req-104933 /api/login status=200 dur_ms=99
2026-09-30T00:36:57.560Z WARN  req-104934 /api/health status=401 dur_ms=37
2026-09-30T00:36:57.951Z INFO  req-104935 /api/health status=200 dur_ms=3
2026-09-30T00:36:58.446Z INFO  req-104936 /api/login status=200 dur_ms=19
2026-09-30T00:36:58.905Z INFO  req-104937 /api/orders status=200 dur_ms=51
2026-09-30T00:36:59.098Z INFO  req-104938 /api/orders status=200 dur_ms=32
2026-09-30T00:36:59.663Z INFO  req-104939 /api/cart status=200 dur_ms=73
2026-09-30T00:36:59.710Z INFO  req-104940 /api/catalog status=200 dur_ms=15
2026-09-30T00:37:00.417Z INFO  req-104941 /api/cart status=200 dur_ms=24
2026-09-30T00:37:00.475Z INFO  req-104942 /api/orders status=200 dur_ms=39
2026-09-30T00:37:00.507Z INFO  req-104943 /api/cart status=200 dur_ms=116
2026-09-30T00:37:00.680Z INFO  req-104944 /api/health status=200 dur_ms=105
2026-09-30T00:37:01.030Z INFO  req-104945 /api/catalog status=200 dur_ms=40
2026-09-30T00:37:01.573Z INFO  req-104946 /api/login status=200 dur_ms=37
2026-09-30T00:37:01.711Z INFO  req-104947 /api/cart status=200 dur_ms=85
2026-09-30T00:37:01.715Z INFO  req-104948 /api/orders status=200 dur_ms=110
2026-09-30T00:37:02.354Z INFO  req-104949 /api/health status=200 dur_ms=34
2026-09-30T00:37:02.562Z INFO  req-104950 /api/catalog status=200 dur_ms=45
2026-09-30T00:37:03.163Z INFO  req-104951 /api/catalog status=200 dur_ms=86
2026-09-30T00:37:04.012Z INFO  req-104952 /api/login status=200 dur_ms=36
2026-09-30T00:37:04.145Z INFO  req-104953 /api/cart status=200 dur_ms=33
2026-09-30T00:37:04.322Z INFO  req-104954 /api/login status=200 dur_ms=107
2026-09-30T00:37:04.965Z INFO  req-104955 /api/login status=200 dur_ms=69
2026-09-30T00:37:04.973Z WARN  req-104956 /api/catalog status=429 dur_ms=33
2026-09-30T00:37:05.417Z INFO  req-104957 /api/login status=200 dur_ms=19
2026-09-30T00:37:05.917Z INFO  req-104958 /api/health status=200 dur_ms=58
2026-09-30T00:37:05.974Z INFO  req-104959 /api/cart status=200 dur_ms=30
2026-09-30T00:37:06.579Z INFO  req-104960 /api/catalog status=200 dur_ms=112
2026-09-30T00:37:06.709Z WARN  req-104961 /api/cart status=404 dur_ms=23
2026-09-30T00:37:07.060Z INFO  req-104962 /api/catalog status=200 dur_ms=108
2026-09-30T00:37:07.527Z WARN  req-104963 /api/orders status=401 dur_ms=9
2026-09-30T00:37:08.215Z INFO  req-104964 /api/health status=200 dur_ms=24
2026-09-30T00:37:08.781Z INFO  req-104965 /api/orders status=200 dur_ms=69
2026-09-30T00:37:09.180Z INFO  req-104966 /api/orders status=200 dur_ms=22
2026-09-30T00:37:09.949Z INFO  req-104967 /api/cart status=200 dur_ms=58
2026-09-30T00:37:10.565Z INFO  req-104968 /api/login status=200 dur_ms=41
2026-09-30T00:37:10.878Z INFO  req-104969 /api/health status=200 dur_ms=118
2026-09-30T00:37:11.009Z INFO  req-104970 /api/cart status=200 dur_ms=92
2026-09-30T00:37:11.480Z INFO  req-104971 /api/cart status=200 dur_ms=96
2026-09-30T00:37:11.583Z INFO  req-104972 /api/health status=200 dur_ms=113
2026-09-30T00:37:12.003Z ERROR req-104973 upstream timeout calling payments, retrying (1/3)
2026-09-30T00:37:12.003Z INFO  req-104973 /api/orders retry ok
2026-09-30T00:37:12.003Z INFO  req-104973 /api/orders status=200 dur_ms=1158
2026-09-30T00:37:12.117Z WARN  req-104974 fx rate cache miss for GBP, using fallback table
2026-09-30T00:37:12.117Z INFO  req-104974 /api/catalog status=200 dur_ms=28
2026-09-30T00:37:12.451Z INFO  req-104975 /api/health status=200 dur_ms=104
2026-09-30T00:37:12.686Z INFO  req-104976 /api/cart status=200 dur_ms=50
2026-09-30T00:37:13.246Z INFO  req-104977 /api/cart status=200 dur_ms=78
2026-09-30T00:37:13.763Z INFO  req-104978 /api/health status=200 dur_ms=2
2026-09-30T00:37:14.536Z INFO  req-104979 /api/health status=200 dur_ms=29
2026-09-30T00:37:15.381Z INFO  req-104980 /api/catalog status=200 dur_ms=101
2026-09-30T00:37:15.757Z INFO  req-104981 /api/login status=200 dur_ms=25
2026-09-30T00:37:15.959Z INFO  req-104982 /api/catalog status=200 dur_ms=76
2026-09-30T00:37:16.114Z WARN  req-104983 /api/login status=400 dur_ms=34
2026-09-30T00:37:16.450Z INFO  req-104984 /api/orders status=200 dur_ms=87
2026-09-30T00:37:17.350Z INFO  req-104985 /api/cart status=200 dur_ms=40
2026-09-30T00:37:17.934Z INFO  req-104986 /api/catalog status=200 dur_ms=57
2026-09-30T00:37:18.095Z INFO  req-104987 /api/orders status=200 dur_ms=38
2026-09-30T00:37:18.664Z WARN  req-104988 fx rate cache miss for GBP, using fallback table
2026-09-30T00:37:18.664Z INFO  req-104988 /api/orders status=200 dur_ms=34
2026-09-30T00:37:19.340Z INFO  req-104989 /api/login status=200 dur_ms=74
2026-09-30T00:37:19.566Z INFO  req-104990 /api/login status=200 dur_ms=70
2026-09-30T00:37:20.140Z INFO  req-104991 /api/health status=200 dur_ms=48
2026-09-30T00:37:20.556Z INFO  req-104992 /api/login status=200 dur_ms=31
2026-09-30T00:37:21.192Z INFO  req-104993 /api/cart status=200 dur_ms=68
2026-09-30T00:37:21.378Z ERROR req-104994 upstream timeout calling payments, retrying (1/3)
2026-09-30T00:37:21.378Z INFO  req-104994 /api/login retry ok
2026-09-30T00:37:21.378Z INFO  req-104994 /api/login status=200 dur_ms=375
2026-09-30T00:37:21.626Z INFO  req-104995 /api/catalog status=200 dur_ms=107
2026-09-30T00:37:21.915Z WARN  req-104996 /api/orders status=401 dur_ms=26
2026-09-30T00:37:22.510Z WARN  req-104997 fx rate cache miss for GBP, using fallback table
2026-09-30T00:37:22.510Z INFO  req-104997 /api/catalog status=200 dur_ms=47
2026-09-30T00:37:22.574Z INFO  req-104998 /api/login status=200 dur_ms=66
2026-09-30T00:37:23.160Z INFO  req-104999 /api/catalog status=200 dur_ms=41
